# File exported by Houdini 20.5.370 (www.sidefx.com)
# 2703 points
# 2973 vertices
# 887 primitives
# Bounds: [-3.26803637, -4.1000514, -5.45504141] to [5.86713219, 16.5583477, 5.10531712]
g 
v -2.33323908 9.19628143 -2.4301455 0.850000024 0.5 0.830000043
v -2.33323908 9.19628143 -2.4301455 0.850000024 0.5 0.830000043
v -2.33323908 9.19628143 -2.4301455 0.850000024 0.5 0.830000043
v -2.33323908 9.19628143 -2.4301455 0.850000024 0.5 0.830000043
v -2.52744246 9.91383457 -2.09579468 0.850000024 0.5 0.830000043
v -2.52744246 9.91383457 -2.09579468 0.850000024 0.5 0.830000043
v -2.52744246 9.91383457 -2.09579468 0.850000024 0.5 0.830000043
v -2.52744246 9.91383457 -2.09579468 0.850000024 0.5 0.830000043
v -2.43424511 9.59933758 -2.19475961 0.591063082 0.664778113 0.571063042
v -2.55525398 8.43415546 -2.28484011 0.591063082 0.664778113 0.571063042
v -1.54779065 9.03697014 -2.28303885 0.591063082 0.664778113 0.571063042
v -1.65615726 7.91117048 -2.50190949 0.591063082 0.664778113 0.571063042
v -2.26428246 8.78767872 -2.8831172 0.850000024 0.5 0.830000043
v -2.26428246 8.78767872 -2.8831172 0.850000024 0.5 0.830000043
v -2.26428246 8.78767872 -2.8831172 0.850000024 0.5 0.830000043
v -2.26428246 8.78767872 -2.8831172 0.850000024 0.5 0.830000043
v -2.54653502 9.53573322 -2.92680645 0.850000024 0.5 0.830000043
v -2.54653502 9.53573322 -2.92680645 0.850000024 0.5 0.830000043
v -2.54653502 9.53573322 -2.92680645 0.850000024 0.5 0.830000043
v -2.54653502 9.53573322 -2.92680645 0.850000024 0.5 0.830000043
v -2.45907617 9.69769287 -1.9100616 0.651261806 0.626469791 0.631261826
v -2.03208494 9.96757221 -2.16991091 0.651261806 0.626469791 0.631261826
v -2.39480829 8.96903992 -1.3781724 0.651261806 0.626469791 0.631261826
v -1.94739151 9.30408096 -1.63435864 0.651261806 0.626469791 0.631261826
v -2.71587086 10.4609966 -2.77469087 0.850000024 0.5 0.830000043
v -2.71587086 10.4609966 -2.77469087 0.850000024 0.5 0.830000043
v -2.71587086 10.4609966 -2.77469087 0.850000024 0.5 0.830000043
v -2.71587086 10.4609966 -2.77469087 0.850000024 0.5 0.830000043
v -2.66464376 10.7781277 -1.8138026 0.850000024 0.5 0.830000043
v -2.66464376 10.7781277 -1.8138026 0.850000024 0.5 0.830000043
v -2.66464376 10.7781277 -1.8138026 0.850000024 0.5 0.830000043
v -2.66464376 10.7781277 -1.8138026 0.850000024 0.5 0.830000043
v -2.36100197 8.82449055 -1.58606374 0.300000012 0.850000024 0.280000001
v -1.60610759 7.6285696 -2.66051674 0.300000012 0.850000024 0.280000001
v -1.22739279 9.58771324 -1.69304037 0.300000012 0.850000024 0.280000001
v -0.560960472 8.3988781 -2.80693364 0.300000012 0.850000024 0.280000001
v -1.69983435 8.48255348 -2.93383098 0.747769713 0.565055728 0.727769673
v -1.68175542 8.04893303 -2.67834044 0.747769713 0.565055728 0.727769673
v -1.97234106 8.46438026 -2.89055657 0.747769713 0.565055728 0.727769673
v -1.94671679 7.95636559 -2.65325832 0.747769713 0.565055728 0.727769673
v -2.22965336 8.64963722 -3.52856255 0.850000024 0.5 0.830000043
v -2.22965336 8.64963722 -3.52856255 0.850000024 0.5 0.830000043
v -2.22965336 8.64963722 -3.52856255 0.850000024 0.5 0.830000043
v -2.22965336 8.64963722 -3.52856255 0.850000024 0.5 0.830000043
v -2.51411104 9.69446659 -3.61151648 0.850000024 0.5 0.830000043
v -2.51411104 9.69446659 -3.61151648 0.850000024 0.5 0.830000043
v -2.51411104 9.69446659 -3.61151648 0.850000024 0.5 0.830000043
v -2.51411104 9.69446659 -3.61151648 0.850000024 0.5 0.830000043
v -3.18917203 9.79319668 -1.42071187 0.440553665 0.760556817 0.420553625
v -2.04472566 9.24402237 -1.51250982 0.440553665 0.760556817 0.420553625
v -2.88580751 11.4291363 -1.66018271 0.440553665 0.760556817 0.420553625
v -1.78546596 11.1750727 -1.9183321 0.440553665 0.760556817 0.420553625
v -1.52553749 9.11903858 -2.27418184 0.300000012 0.850000024 0.280000001
v -1.81997335 9.26388168 -1.76028395 0.300000012 0.850000024 0.280000001
v -1.4453336 9.44217682 -1.45748389 0.300000012 0.850000024 0.280000001
v -1.74604332 9.53100967 -0.783285558 0.300000012 0.850000024 0.280000001
v -2.5625453 10.9979038 -3.53591013 0.850000024 0.5 0.830000043
v -2.5625453 10.9979038 -3.53591013 0.850000024 0.5 0.830000043
v -2.5625453 10.9979038 -3.53591013 0.850000024 0.5 0.830000043
v -2.5625453 10.9979038 -3.53591013 0.850000024 0.5 0.830000043
v -2.76243019 11.4211798 -2.56924272 0.850000024 0.5 0.830000043
v -2.76243019 11.4211798 -2.56924272 0.850000024 0.5 0.830000043
v -2.76243019 11.4211798 -2.56924272 0.850000024 0.5 0.830000043
v -2.76243019 11.4211798 -2.56924272 0.850000024 0.5 0.830000043
v -2.66212296 11.8823261 -2.67840672 0.368162155 0.806624115 0.348162174
v -3.0956068 11.5054607 -1.49849892 0.368162155 0.806624115 0.348162174
v -2.86865425 10.6770353 -0.900155962 0.368162155 0.806624115 0.348162174
v -2.42548466 11.3407583 -1.92895877 0.368162155 0.806624115 0.348162174
v -1.20830631 9.83145905 -1.74309707 0.300000012 0.850000024 0.280000001
v -1.61633277 8.15544415 -1.94551897 0.300000012 0.850000024 0.280000001
v 0.309942186 9.55749989 -2.34917402 0.300000012 0.850000024 0.280000001
v -0.0437549949 7.76652813 -2.62546396 0.300000012 0.850000024 0.280000001
v -1.44312143 7.79553366 -2.85097599 0.300000012 0.850000024 0.280000001
v -1.41054118 8.03262234 -2.1187861 0.300000012 0.850000024 0.280000001
v -1.23454106 8.06664562 -3.6212914 0.300000012 0.850000024 0.280000001
v -1.20547056 8.14982986 -2.85360146 0.300000012 0.850000024 0.280000001
v -1.66185951 7.91222048 -3.36229849 0.850000024 0.5 0.830000043
v -1.66185951 7.91222048 -3.36229849 0.850000024 0.5 0.830000043
v -1.66185951 7.91222048 -3.36229849 0.850000024 0.5 0.830000043
v -1.66185951 7.91222048 -3.36229849 0.850000024 0.5 0.830000043
v -2.0136025 8.61972046 -4.17951632 0.850000024 0.5 0.830000043
v -2.0136025 8.61972046 -4.17951632 0.850000024 0.5 0.830000043
v -2.0136025 8.61972046 -4.17951632 0.850000024 0.5 0.830000043
v -2.0136025 8.61972046 -4.17951632 0.850000024 0.5 0.830000043
v -2.18456388 9.73552608 -4.32914066 0.850000024 0.5 0.830000043
v -2.18456388 9.73552608 -4.32914066 0.850000024 0.5 0.830000043
v -2.18456388 9.73552608 -4.32914066 0.850000024 0.5 0.830000043
v -2.18456388 9.73552608 -4.32914066 0.850000024 0.5 0.830000043
v -2.18336344 9.19240093 -1.37664986 0.301149964 0.849268258 0.281149954
v -2.65464211 10.8062592 -1.14494014 0.301149964 0.849268258 0.281149954
v -1.05589962 9.97995949 -1.37484467 0.301149964 0.849268258 0.281149954
v -1.63945329 11.7385836 -1.09605813 0.301149964 0.849268258 0.281149954
v -1.4741714 9.57378864 -1.4474268 0.300000012 0.850000024 0.280000001
v -0.837673426 10.3191652 -1.62206149 0.300000012 0.850000024 0.280000001
v -0.831042886 8.79240322 -1.32447135 0.300000012 0.850000024 0.280000001
v -0.132808864 9.70795155 -1.56739175 0.300000012 0.850000024 0.280000001
v -2.07777548 11.1044283 -4.2749815 0.850000024 0.5 0.830000043
v -2.07777548 11.1044283 -4.2749815 0.850000024 0.5 0.830000043
v -2.07777548 11.1044283 -4.2749815 0.850000024 0.5 0.830000043
v -2.07777548 11.1044283 -4.2749815 0.850000024 0.5 0.830000043
v -2.54599905 12.1299219 -3.26340222 0.850000024 0.5 0.830000043
v -2.54599905 12.1299219 -3.26340222 0.850000024 0.5 0.830000043
v -2.54599905 12.1299219 -3.26340222 0.850000024 0.5 0.830000043
v -2.54599905 12.1299219 -3.26340222 0.850000024 0.5 0.830000043
v -2.68213081 12.1524925 -2.03948522 0.850000024 0.5 0.830000043
v -2.68213081 12.1524925 -2.03948522 0.850000024 0.5 0.830000043
v -2.68213081 12.1524925 -2.03948522 0.850000024 0.5 0.830000043
v -2.68213081 12.1524925 -2.03948522 0.850000024 0.5 0.830000043
v -1.96290898 11.2849636 -1.75686073 0.300000012 0.850000024 0.280000001
v -2.46027422 11.3841896 -1.9016223 0.300000012 0.850000024 0.280000001
v -2.02523851 11.7098141 -0.688333154 0.300000012 0.850000024 0.280000001
v -2.35942578 11.9738569 -0.911939681 0.300000012 0.850000024 0.280000001
v -0.746519446 9.04216671 -1.45036685 0.300000012 0.850000024 0.280000001
v 0.0159147978 8.10058308 -2.74928904 0.300000012 0.850000024 0.280000001
v 0.155411631 10.1806536 -1.59855688 0.300000012 0.850000024 0.280000001
v 0.837019563 9.5289402 -3.08023477 0.300000012 0.850000024 0.280000001
v -0.420900822 8.78490067 -2.99872088 0.300000012 0.850000024 0.280000001
v 0.14712362 7.97889566 -2.83478951 0.300000012 0.850000024 0.280000001
v -1.21932662 8.36706161 -2.88403726 0.300000012 0.850000024 0.280000001
v -0.64471215 7.68783951 -2.85062456 0.300000012 0.850000024 0.280000001
v -1.97765279 7.55574608 -2.95017433 0.479009151 0.736085117 0.459009111
v -1.10225773 8.21509743 -2.98696542 0.479009151 0.736085117 0.459009111
v -1.23284531 6.95705271 -4.16360092 0.479009151 0.736085117 0.459009111
v -0.47476691 7.64796495 -4.13174486 0.479009151 0.736085117 0.459009111
v -1.55052781 7.93925762 -4.03808928 0.850000024 0.5 0.830000043
v -1.55052781 7.93925762 -4.03808928 0.850000024 0.5 0.830000043
v -1.55052781 7.93925762 -4.03808928 0.850000024 0.5 0.830000043
v -1.55052781 7.93925762 -4.03808928 0.850000024 0.5 0.830000043
v -1.53001118 8.46768475 -4.55491543 0.850000024 0.5 0.830000043
v -1.53001118 8.46768475 -4.55491543 0.850000024 0.5 0.830000043
v -1.53001118 8.46768475 -4.55491543 0.850000024 0.5 0.830000043
v -1.53001118 8.46768475 -4.55491543 0.850000024 0.5 0.830000043
v -1.57026923 9.50593185 -4.84801769 0.850000024 0.5 0.830000043
v -1.57026923 9.50593185 -4.84801769 0.850000024 0.5 0.830000043
v -1.57026923 9.50593185 -4.84801769 0.850000024 0.5 0.830000043
v -1.57026923 9.50593185 -4.84801769 0.850000024 0.5 0.830000043
v -1.9341383 9.55462742 -0.585640728 0.300000012 0.850000024 0.280000001
v -1.86577141 11.808795 -0.860354364 0.300000012 0.850000024 0.280000001
v -0.305386394 9.64019585 -1.39827466 0.300000012 0.850000024 0.280000001
v -0.399609029 11.6272316 -1.30491114 0.300000012 0.850000024 0.280000001
v -0.0387235582 9.73113441 -2.06785846 0.300000012 0.850000024 0.280000001
v -0.20913592 9.87631893 -1.5182234 0.300000012 0.850000024 0.280000001
v 0.0212339461 10.0709591 -1.46505213 0.300000012 0.850000024 0.280000001
v 0.0479388237 10.5053234 -0.851598382 0.300000012 0.850000024 0.280000001
v -1.37565768 10.6940384 -4.84968948 0.850000024 0.5 0.830000043
v -1.37565768 10.6940384 -4.84968948 0.850000024 0.5 0.830000043
v -1.37565768 10.6940384 -4.84968948 0.850000024 0.5 0.830000043
v -1.37565768 10.6940384 -4.84968948 0.850000024 0.5 0.830000043
v -1.67022705 12.3953056 -4.16932297 0.850000024 0.5 0.830000043
v -1.67022705 12.3953056 -4.16932297 0.850000024 0.5 0.830000043
v -1.67022705 12.3953056 -4.16932297 0.850000024 0.5 0.830000043
v -1.67022705 12.3953056 -4.16932297 0.850000024 0.5 0.830000043
v -2.61470008 12.8541355 -2.6294868 0.850000024 0.5 0.830000043
v -2.61470008 12.8541355 -2.6294868 0.850000024 0.5 0.830000043
v -2.61470008 12.8541355 -2.6294868 0.850000024 0.5 0.830000043
v -2.61470008 12.8541355 -2.6294868 0.850000024 0.5 0.830000043
v -2.13825178 13.0428448 -3.45361376 0.850000024 0.5 0.830000043
v -2.13825178 13.0428448 -3.45361376 0.850000024 0.5 0.830000043
v -2.13825178 13.0428448 -3.45361376 0.850000024 0.5 0.830000043
v -2.13825178 13.0428448 -3.45361376 0.850000024 0.5 0.830000043
v -2.6488986 11.6722412 -1.56460941 0.54386425 0.694813669 0.523864269
v -3.26803637 12.566597 -1.73543978 0.54386425 0.694813669 0.523864269
v -1.74078083 12.5873251 -1.57341659 0.54386425 0.694813669 0.523864269
v -2.33329654 13.7784052 -1.72645068 0.54386425 0.694813669 0.523864269
v -2.05117679 11.8000031 -0.661599994 0.300000012 0.850000024 0.280000001
v -1.45303869 12.6732407 -1.77230299 0.300000012 0.850000024 0.280000001
v -1.4649359 10.8512115 -0.283260882 0.300000012 0.850000024 0.280000001
v -0.731426179 11.8425312 -1.2995261 0.300000012 0.850000024 0.280000001
v 0.300779402 10.4836998 -1.75684416 0.300000012 0.850000024 0.280000001
v -0.0429397821 8.85312462 -2.34077787 0.300000012 0.850000024 0.280000001
v 1.40250731 9.4375124 -2.37619352 0.300000012 0.850000024 0.280000001
v 1.31044126 8.61783123 -3.09703302 0.300000012 0.850000024 0.280000001
v 0.0573953986 8.22890091 -2.81075335 0.300000012 0.850000024 0.280000001
v 0.0915303528 8.72698784 -2.43558693 0.300000012 0.850000024 0.280000001
v 0.169900477 8.67182255 -3.60197401 0.300000012 0.850000024 0.280000001
v 0.302183867 9.71188736 -3.5836935 0.300000012 0.850000024 0.280000001
v -1.08806276 8.55133152 -3.03720331 0.300000012 0.850000024 0.280000001
v 0.462483048 8.43015099 -3.79262352 0.300000012 0.850000024 0.280000001
v -1.41928482 7.1391592 -3.44822454 0.300000012 0.850000024 0.280000001
v -0.030612573 7.07370615 -4.01223278 0.300000012 0.850000024 0.280000001
v -0.859360278 7.67693424 -3.95507193 0.850000024 0.5 0.830000043
v -0.859360278 7.67693424 -3.95507193 0.850000024 0.5 0.830000043
v -0.859360278 7.67693424 -3.95507193 0.850000024 0.5 0.830000043
v -0.859360278 7.67693424 -3.95507193 0.850000024 0.5 0.830000043
v -0.825014055 8.2738905 -4.60906363 0.850000024 0.5 0.830000043
v -0.825014055 8.2738905 -4.60906363 0.850000024 0.5 0.830000043
v -0.825014055 8.2738905 -4.60906363 0.850000024 0.5 0.830000043
v -0.825014055 8.2738905 -4.60906363 0.850000024 0.5 0.830000043
v -0.865964055 9.178545 -5.023242 0.850000024 0.5 0.830000043
v -0.865964055 9.178545 -5.023242 0.850000024 0.5 0.830000043
v -0.865964055 9.178545 -5.023242 0.850000024 0.5 0.830000043
v -0.865964055 9.178545 -5.023242 0.850000024 0.5 0.830000043
v -0.400546491 9.72941017 -1.30828631 0.353454262 0.815983713 0.333454251
v -1.28423762 11.0360041 -0.474854022 0.353454262 0.815983713 0.333454251
v 0.700224459 11.1746483 -1.44084263 0.353454262 0.815983713 0.333454251
v -0.559045851 11.7523022 -0.284263372 0.353454262 0.815983713 0.333454251
v 0.92765516 10.0450258 -0.618035078 0.84976244 0.500151217 0.829762459
v 0.928553522 10.045989 -0.618279457 0.84976244 0.500151217 0.829762459
v 0.927878439 10.0443125 -0.616897762 0.84976244 0.500151217 0.829762459
v 0.928291202 10.0444775 -0.617106557 0.84976244 0.500151217 0.829762459
v -0.695023894 10.1224995 -5.06348515 0.850000024 0.5 0.830000043
v -0.695023894 10.1224995 -5.06348515 0.850000024 0.5 0.830000043
v -0.695023894 10.1224995 -5.06348515 0.850000024 0.5 0.830000043
v -0.695023894 10.1224995 -5.06348515 0.850000024 0.5 0.830000043
v -0.943559289 11.7487125 -4.69744587 0.850000024 0.5 0.830000043
v -0.943559289 11.7487125 -4.69744587 0.850000024 0.5 0.830000043
v -0.943559289 11.7487125 -4.69744587 0.850000024 0.5 0.830000043
v -0.943559289 11.7487125 -4.69744587 0.850000024 0.5 0.830000043
v -1.03265595 13.5497761 -4.03727722 0.850000024 0.5 0.830000043
v -1.03265595 13.5497761 -4.03727722 0.850000024 0.5 0.830000043
v -1.03265595 13.5497761 -4.03727722 0.850000024 0.5 0.830000043
v -1.03265595 13.5497761 -4.03727722 0.850000024 0.5 0.830000043
v -2.30558944 13.5507002 -2.7147789 0.850000024 0.5 0.830000043
v -2.30558944 13.5507002 -2.7147789 0.850000024 0.5 0.830000043
v -2.30558944 13.5507002 -2.7147789 0.850000024 0.5 0.830000043
v -2.30558944 13.5507002 -2.7147789 0.850000024 0.5 0.830000043
v -2.39801669 13.4350471 -2.01235771 0.850000024 0.5 0.830000043
v -2.39801669 13.4350471 -2.01235771 0.850000024 0.5 0.830000043
v -2.39801669 13.4350471 -2.01235771 0.850000024 0.5 0.830000043
v -2.39801669 13.4350471 -2.01235771 0.850000024 0.5 0.830000043
v -1.51079917 13.9583416 -3.31738567 0.850000024 0.5 0.830000043
v -1.51079917 13.9583416 -3.31738567 0.850000024 0.5 0.830000043
v -1.51079917 13.9583416 -3.31738567 0.850000024 0.5 0.830000043
v -1.51079917 13.9583416 -3.31738567 0.850000024 0.5 0.830000043
v -2.62975764 12.2110014 -0.612359762 0.300000012 0.850000024 0.280000001
v -2.44231272 14.1845961 -1.69673347 0.300000012 0.850000024 0.280000001
v -1.00626373 11.8636723 -1.02960455 0.300000012 0.850000024 0.280000001
v -0.885477543 13.8395348 -2.1985023 0.300000012 0.850000024 0.280000001
v -0.449059695 11.7420931 -0.31361115 0.850000024 0.5 0.830000043
v -0.449059695 11.7420931 -0.31361115 0.850000024 0.5 0.830000043
v -0.449059695 11.7420931 -0.31361115 0.850000024 0.5 0.830000043
v -0.449059695 11.7420931 -0.31361115 0.850000024 0.5 0.830000043
v 1.32127762 9.2498579 -1.07959056 0.850000024 0.5 0.830000043
v 1.32127762 9.2498579 -1.07959056 0.850000024 0.5 0.830000043
v 1.32127762 9.2498579 -1.07959056 0.850000024 0.5 0.830000043
v 1.32127762 9.2498579 -1.07959056 0.850000024 0.5 0.830000043
v 1.70391405 9.00091362 -2.2274971 0.850000024 0.5 0.830000043
v 1.70391405 9.00091362 -2.2274971 0.850000024 0.5 0.830000043
v 1.70391405 9.00091362 -2.2274971 0.850000024 0.5 0.830000043
v 1.70391405 9.00091362 -2.2274971 0.850000024 0.5 0.830000043
v 0.774734497 9.77871037 -3.06128287 0.305833042 0.846288085 0.285833031
v 1.33582222 8.91895485 -3.16733336 0.305833042 0.846288085 0.285833031
v 0.169193745 9.84575939 -3.49144793 0.305833042 0.846288085 0.285833031
v 0.643962026 9.81016445 -3.0825882 0.305833042 0.846288085 0.285833031
v -0.727740407 8.18466949 -2.88420415 0.300000012 0.850000024 0.280000001
v 0.601300716 9.71874332 -3.82054162 0.300000012 0.850000024 0.280000001
v -0.246210098 7.38162422 -3.91154552 0.300000012 0.850000024 0.280000001
v 0.445038319 8.45918369 -4.75535154 0.300000012 0.850000024 0.280000001
v -0.430692494 7.95008469 -4.20340586 0.495236695 0.725758493 0.475236684
v -0.0805106983 7.35126209 -4.00177622 0.495236695 0.725758493 0.475236684
v -0.848617911 8.39557171 -4.34140444 0.495236695 0.725758493 0.475236684
v -0.395967543 7.86583805 -3.99845505 0.495236695 0.725758493 0.475236684
v -0.852471948 8.65058041 -4.32966232 0.594936967 0.662312925 0.574936926
v -0.871679008 8.3056879 -4.77974939 0.594936967 0.662312925 0.574936926
v 0.240784258 8.58026314 -4.64749336 0.594936967 0.662312925 0.574936926
v 0.141041964 8.3595047 -5.05104542 0.594936967 0.662312925 0.574936926
v -0.265408576 9.33669281 -4.90894318 0.850000024 0.5 0.830000043
v -0.265408576 9.33669281 -4.90894318 0.850000024 0.5 0.830000043
v -0.265408576 9.33669281 -4.90894318 0.850000024 0.5 0.830000043
v -0.265408576 9.33669281 -4.90894318 0.850000024 0.5 0.830000043
v 0.576020002 10.6031637 -0.0478473529 0.850000024 0.5 0.830000043
v 0.576020002 10.6031637 -0.0478473529 0.850000024 0.5 0.830000043
v 0.576020002 10.6031637 -0.0478473529 0.850000024 0.5 0.830000043
v 0.576020002 10.6031637 -0.0478473529 0.850000024 0.5 0.830000043
v 1.4398706 9.71378613 0.040645808 0.793059289 0.536235034 0.773059249
v 1.34758317 9.6257906 0.155961841 0.793059289 0.536235034 0.773059249
v 1.32971537 9.69008732 0.454007208 0.793059289 0.536235034 0.773059249
v 1.40916216 9.79960823 0.367602408 0.793059289 0.536235034 0.773059249
v -0.239868462 10.9265823 -4.89706707 0.850000024 0.5 0.830000043
v -0.239868462 10.9265823 -4.89706707 0.850000024 0.5 0.830000043
v -0.239868462 10.9265823 -4.89706707 0.850000024 0.5 0.830000043
v -0.239868462 10.9265823 -4.89706707 0.850000024 0.5 0.830000043
v -0.355773687 12.7814045 -4.5112505 0.850000024 0.5 0.830000043
v -0.355773687 12.7814045 -4.5112505 0.850000024 0.5 0.830000043
v -0.355773687 12.7814045 -4.5112505 0.850000024 0.5 0.830000043
v -0.355773687 12.7814045 -4.5112505 0.850000024 0.5 0.830000043
v -0.336845905 14.296134 -3.58020902 0.850000024 0.5 0.830000043
v -0.336845905 14.296134 -3.58020902 0.850000024 0.5 0.830000043
v -0.336845905 14.296134 -3.58020902 0.850000024 0.5 0.830000043
v -0.336845905 14.296134 -3.58020902 0.850000024 0.5 0.830000043
v -1.70586801 14.1229076 -2.54923964 0.850000024 0.5 0.830000043
v -1.70586801 14.1229076 -2.54923964 0.850000024 0.5 0.830000043
v -1.70586801 14.1229076 -2.54923964 0.850000024 0.5 0.830000043
v -1.70586801 14.1229076 -2.54923964 0.850000024 0.5 0.830000043
v -2.58908176 14.3572912 -1.51328671 0.350531846 0.817843378 0.330531836
v -1.9018203 14.1822166 -2.97911096 0.350531846 0.817843378 0.330531836
v -2.00475955 13.540617 -1.07841969 0.350531846 0.817843378 0.330531836
v -1.42839241 13.4446726 -2.6105907 0.350531846 0.817843378 0.330531836
v -0.883886158 14.4981718 -3.01249552 0.850000024 0.5 0.830000043
v -0.883886158 14.4981718 -3.01249552 0.850000024 0.5 0.830000043
v -0.883886158 14.4981718 -3.01249552 0.850000024 0.5 0.830000043
v -0.883886158 14.4981718 -3.01249552 0.850000024 0.5 0.830000043
v -1.04200375 12.034936 -0.99434936 0.300000012 0.850000024 0.280000001
v -1.85595632 13.5493994 -1.2302134 0.300000012 0.850000024 0.280000001
v -0.739465475 14.4333935 -1.43580151 0.300000012 0.850000024 0.280000001
v -0.187846094 12.859026 -1.33251977 0.300000012 0.850000024 0.280000001
v -0.399840027 11.3853397 0.0286779124 0.850000024 0.5 0.830000043
v -0.399840027 11.3853397 0.0286779124 0.850000024 0.5 0.830000043
v -0.399840027 11.3853397 0.0286779124 0.850000024 0.5 0.830000043
v -0.399840027 11.3853397 0.0286779124 0.850000024 0.5 0.830000043
v -0.402471393 12.4831896 -0.323037148 0.84592098 0.502595782 0.825920939
v -0.39546743 12.4915352 -0.318276614 0.84592098 0.502595782 0.825920939
v -0.403060228 12.4857645 -0.315098673 0.84592098 0.502595782 0.825920939
v -0.400241822 12.506361 -0.307344705 0.84592098 0.502595782 0.825920939
v 1.79416823 9.15542316 -0.115423575 0.850000024 0.5 0.830000043
v 1.79416823 9.15542316 -0.115423575 0.850000024 0.5 0.830000043
v 1.79416823 9.15542316 -0.115423575 0.850000024 0.5 0.830000043
v 1.79416823 9.15542316 -0.115423575 0.850000024 0.5 0.830000043
v 1.87125993 8.56489944 -1.34419584 0.850000024 0.5 0.830000043
v 1.87125993 8.56489944 -1.34419584 0.850000024 0.5 0.830000043
v 1.87125993 8.56489944 -1.34419584 0.850000024 0.5 0.830000043
v 1.87125993 8.56489944 -1.34419584 0.850000024 0.5 0.830000043
v 2.43831015 8.85201645 -2.60407639 0.850000024 0.5 0.830000043
v 2.43831015 8.85201645 -2.60407639 0.850000024 0.5 0.830000043
v 2.43831015 8.85201645 -2.60407639 0.850000024 0.5 0.830000043
v 2.43831015 8.85201645 -2.60407639 0.850000024 0.5 0.830000043
v 1.68854189 9.93956757 -2.85377407 0.850000024 0.5 0.830000043
v 1.68854189 9.93956757 -2.85377407 0.850000024 0.5 0.830000043
v 1.68854189 9.93956757 -2.85377407 0.850000024 0.5 0.830000043
v 1.68854189 9.93956757 -2.85377407 0.850000024 0.5 0.830000043
v -0.0250264406 10.1568699 -3.36438322 0.300000012 0.850000024 0.280000001
v 1.40853357 10.7008724 -3.77230883 0.300000012 0.850000024 0.280000001
v 0.408546984 10.3882923 -3.80029273 0.300000012 0.850000024 0.280000001
v 1.51705968 10.460948 -4.02957392 0.300000012 0.850000024 0.280000001
v 0.292339504 9.97883034 -3.60628057 0.329457223 0.831254542 0.309457213
v -0.75271672 8.16588688 -3.81495333 0.329457223 0.831254542 0.309457213
v 0.0820965171 8.50491619 -5.21059418 0.329457223 0.831254542 0.309457213
v 1.03080082 9.96376896 -5.2960043 0.329457223 0.831254542 0.309457213
v 0.253244489 9.99404144 -4.72234869 0.844186842 0.503699303 0.824186802
v 0.249112651 9.95439339 -4.70588207 0.844186842 0.503699303 0.824186802
v 0.254046381 10.0123978 -4.70981693 0.844186842 0.503699303 0.824186802
v 0.248604551 9.97430992 -4.69001532 0.844186842 0.503699303 0.824186802
v 0.0928010121 10.5268469 0.380355895 0.850000024 0.5 0.830000043
v 0.0928010121 10.5268469 0.380355895 0.850000024 0.5 0.830000043
v 0.0928010121 10.5268469 0.380355895 0.850000024 0.5 0.830000043
v 0.0928010121 10.5268469 0.380355895 0.850000024 0.5 0.830000043
v 1.16197264 9.87132168 0.437332124 0.795168996 0.534892499 0.775169015
v 0.994120836 10.0522232 0.614521801 0.795168996 0.534892499 0.775169015
v 1.3330363 10.0062666 0.560763001 0.795168996 0.534892499 0.775169015
v 1.19247437 10.1412487 0.695976675 0.795168996 0.534892499 0.775169015
v 1.84220386 10.0870295 0.113171458 0.300000012 0.850000024 0.280000001
v 1.20472479 10.1975489 0.589577317 0.300000012 0.850000024 0.280000001
v 1.82513463 9.82016277 1.00453544 0.300000012 0.850000024 0.280000001
v 2.16984224 9.42543983 0.478773832 0.300000012 0.850000024 0.280000001
v 0.293201417 11.7486401 -4.65574837 0.850000024 0.5 0.830000043
v 0.293201417 11.7486401 -4.65574837 0.850000024 0.5 0.830000043
v 0.293201417 11.7486401 -4.65574837 0.850000024 0.5 0.830000043
v 0.293201417 11.7486401 -4.65574837 0.850000024 0.5 0.830000043
v 0.332673937 13.5821362 -4.05144215 0.850000024 0.5 0.830000043
v 0.332673937 13.5821362 -4.05144215 0.850000024 0.5 0.830000043
v 0.332673937 13.5821362 -4.05144215 0.850000024 0.5 0.830000043
v 0.332673937 13.5821362 -4.05144215 0.850000024 0.5 0.830000043
v -0.236205548 14.7687225 -3.59185362 0.393499345 0.790500462 0.373499334
v -1.03466856 14.5061769 -2.91952348 0.393499345 0.790500462 0.373499334
v 0.871719122 14.3580599 -3.13431191 0.393499345 0.790500462 0.373499334
v 0.0800906122 14.0903397 -2.74202013 0.393499345 0.790500462 0.373499334
v -1.04317546 14.4706059 -2.38665867 0.850000024 0.5 0.830000043
v -1.04317546 14.4706059 -2.38665867 0.850000024 0.5 0.830000043
v -1.04317546 14.4706059 -2.38665867 0.850000024 0.5 0.830000043
v -1.04317546 14.4706059 -2.38665867 0.850000024 0.5 0.830000043
v -1.1012485 14.1523027 -1.960971 0.310296088 0.843447983 0.290296078
v -1.49188197 13.6254177 -2.54060769 0.310296088 0.843447983 0.290296078
v -0.909155071 14.5949898 -1.24783874 0.310296088 0.843447983 0.290296078
v -1.38382316 14.0970535 -1.94174552 0.310296088 0.843447983 0.290296078
v -0.286931306 14.8779526 -3.73696423 0.362763226 0.810059786 0.342763215
v -1.33492684 15.3365555 -2.73244596 0.362763226 0.810059786 0.342763215
v 0.0466089845 13.8731499 -2.74246693 0.362763226 0.810059786 0.342763215
v -1.40577078 14.3546114 -1.88374245 0.362763226 0.810059786 0.342763215
v -0.675725758 14.6217136 -1.46954703 0.300000012 0.850000024 0.280000001
v -1.07600915 12.414011 -0.452758551 0.300000012 0.850000024 0.280000001
v 0.59078002 13.7331963 -2.04995441 0.300000012 0.850000024 0.280000001
v 0.570926547 12.0457268 -0.83299768 0.300000012 0.850000024 0.280000001
v -0.560011804 12.245348 0.0944369435 0.850000024 0.5 0.830000043
v -0.560011804 12.245348 0.0944369435 0.850000024 0.5 0.830000043
v -0.560011804 12.245348 0.0944369435 0.850000024 0.5 0.830000043
v -0.560011804 12.245348 0.0944369435 0.850000024 0.5 0.830000043
v -0.886766553 11.0271807 0.312489569 0.850000024 0.5 0.830000043
v -0.886766553 11.0271807 0.312489569 0.850000024 0.5 0.830000043
v -0.886766553 11.0271807 0.312489569 0.850000024 0.5 0.830000043
v -0.886766553 11.0271807 0.312489569 0.850000024 0.5 0.830000043
v 0.178823829 12.9032497 -0.107757181 0.850000024 0.5 0.830000043
v 0.178823829 12.9032497 -0.107757181 0.850000024 0.5 0.830000043
v 0.178823829 12.9032497 -0.107757181 0.850000024 0.5 0.830000043
v 0.178823829 12.9032497 -0.107757181 0.850000024 0.5 0.830000043
v 1.26729155 10.2870197 0.519588947 0.300000012 0.850000024 0.280000001
v 1.44241309 8.36615849 0.0797881484 0.300000012 0.850000024 0.280000001
v 2.82903647 10.6207895 0.0965784788 0.300000012 0.850000024 0.280000001
v 3.11408067 8.48958206 -0.316632032 0.300000012 0.850000024 0.280000001
v 1.93150413 8.27440453 -1.25275469 0.589205027 0.665960431 0.569205046
v 1.75807023 8.49457359 -0.213199139 0.589205027 0.665960431 0.569205046
v 2.26245141 8.55298424 -1.3915323 0.589205027 0.665960431 0.569205046
v 1.94256794 8.65961456 -0.550525069 0.589205027 0.665960431 0.569205046
v 2.52444935 8.20871544 -1.33189702 0.850000024 0.5 0.830000043
v 2.52444935 8.20871544 -1.33189702 0.850000024 0.5 0.830000043
v 2.52444935 8.20871544 -1.33189702 0.850000024 0.5 0.830000043
v 2.52444935 8.20871544 -1.33189702 0.850000024 0.5 0.830000043
v 1.38907206 9.11059093 -2.09256744 0.358029902 0.813071907 0.338029861
v 2.13117123 7.97192669 -2.5672884 0.358029902 0.813071907 0.338029861
v 3.01681566 8.64787102 -2.18043351 0.358029902 0.813071907 0.338029861
v 3.34265041 7.89247227 -2.583354 0.358029902 0.813071907 0.338029861
v 3.17250991 9.16383553 -2.89329147 0.850000024 0.5 0.830000043
v 3.17250991 9.16383553 -2.89329147 0.850000024 0.5 0.830000043
v 3.17250991 9.16383553 -2.89329147 0.850000024 0.5 0.830000043
v 3.17250991 9.16383553 -2.89329147 0.850000024 0.5 0.830000043
v 2.43266678 10.0457821 -3.0971458 0.850000024 0.5 0.830000043
v 2.43266678 10.0457821 -3.0971458 0.850000024 0.5 0.830000043
v 2.43266678 10.0457821 -3.0971458 0.850000024 0.5 0.830000043
v 2.43266678 10.0457821 -3.0971458 0.850000024 0.5 0.830000043
v 1.67256916 11.0144367 -3.05748367 0.850000024 0.5 0.830000043
v 1.67256916 11.0144367 -3.05748367 0.850000024 0.5 0.830000043
v 1.67256916 11.0144367 -3.05748367 0.850000024 0.5 0.830000043
v 1.67256916 11.0144367 -3.05748367 0.850000024 0.5 0.830000043
v 0.0543737411 10.237648 -3.43731093 0.300000012 0.850000024 0.280000001
v 1.53528714 10.8372707 -4.75232077 0.300000012 0.850000024 0.280000001
v -0.260770738 9.67383385 -4.2476244 0.300000012 0.850000024 0.280000001
v 0.944860697 9.81737423 -4.93166256 0.300000012 0.850000024 0.280000001
v 1.07118857 11.0460749 -4.43180943 0.301755905 0.848882675 0.281755865
v 1.1932323 10.6619654 -3.8059895 0.301755905 0.848882675 0.281755865
v 0.789985418 11.9398699 -3.45153689 0.301755905 0.848882675 0.281755865
v 0.659133077 12.6360245 -4.35009241 0.301755905 0.848882675 0.281755865
v 0.627379 10.8272848 -4.56480122 0.817418039 0.520734012 0.797417998
v 0.702475131 10.6709089 -4.54934025 0.817418039 0.520734012 0.797417998
v 0.661526263 10.8009634 -4.51799059 0.817418039 0.520734012 0.797417998
v 0.721704066 10.6440296 -4.52719021 0.817418039 0.520734012 0.797417998
v -0.517302752 10.0721169 0.703258693 0.850000024 0.5 0.830000043
v -0.517302752 10.0721169 0.703258693 0.850000024 0.5 0.830000043
v -0.517302752 10.0721169 0.703258693 0.850000024 0.5 0.830000043
v -0.517302752 10.0721169 0.703258693 0.850000024 0.5 0.830000043
v 0.747806072 9.88715172 0.968730927 0.850000024 0.5 0.830000043
v 0.747806072 9.88715172 0.968730927 0.850000024 0.5 0.830000043
v 0.747806072 9.88715172 0.968730927 0.850000024 0.5 0.830000043
v 0.747806072 9.88715172 0.968730927 0.850000024 0.5 0.830000043
v 0.784396887 9.6042757 1.05505347 0.300000012 0.850000024 0.280000001
v 1.09510839 10.7809114 0.834428787 0.300000012 0.850000024 0.280000001
v 2.08815885 9.34374714 0.565781951 0.300000012 0.850000024 0.280000001
v 2.71810865 10.5533199 0.300818205 0.300000012 0.850000024 0.280000001
v 2.67089224 10.5293856 0.237148166 0.300000012 0.850000024 0.280000001
v 2.05806375 9.53498745 0.561210632 0.300000012 0.850000024 0.280000001
v 1.64601183 10.2291346 1.23594618 0.300000012 0.850000024 0.280000001
v 2.8017714 11.3965225 1.07866347 0.300000012 0.850000024 0.280000001
v 0.54104811 12.3046274 -4.70825624 0.692280054 0.600367248 0.672280073
v 0.255903065 11.9008522 -4.27666378 0.692280054 0.600367248 0.672280073
v 1.05240977 13.0023041 -4.60889721 0.692280054 0.600367248 0.672280073
v 0.615990341 12.5565186 -4.2087903 0.692280054 0.600367248 0.672280073
v -0.00073826313 15.0648422 -3.77998543 0.300000012 0.850000024 0.280000001
v 0.867473602 13.4407434 -4.67629337 0.300000012 0.850000024 0.280000001
v 0.263667822 13.9352655 -2.47238278 0.300000012 0.850000024 0.280000001
v 1.07448697 12.6809082 -3.56456828 0.300000012 0.850000024 0.280000001
v 0.218224615 13.4977455 -2.47427011 0.300000012 0.850000024 0.280000001
v 0.229125619 13.9544277 -2.8859601 0.300000012 0.850000024 0.280000001
v 0.480753124 14.1145048 -1.91453946 0.300000012 0.850000024 0.280000001
v 0.317078739 13.1277266 -0.984293878 0.300000012 0.850000024 0.280000001
v -0.838128746 14.8673115 -1.27409112 0.300000012 0.850000024 0.280000001
v 0.0380546972 13.5965462 -2.75865412 0.300000012 0.850000024 0.280000001
v -0.384418935 14.7542381 -2.91565371 0.300000012 0.850000024 0.280000001
v -0.540540814 13.2305918 -0.930238843 0.300000012 0.850000024 0.280000001
v -0.24077332 13.0832796 -1.22790229 0.300000012 0.850000024 0.280000001
v 0.669365883 12.1766901 -0.921839476 0.300000012 0.850000024 0.280000001
v 0.37621066 12.9937134 -1.04704559 0.300000012 0.850000024 0.280000001
v 1.14314353 14.2843666 -0.949627578 0.300000012 0.850000024 0.280000001
v -0.689017594 12.9983006 0.407869399 0.850000024 0.5 0.830000043
v -0.689017594 12.9983006 0.407869399 0.850000024 0.5 0.830000043
v -0.689017594 12.9983006 0.407869399 0.850000024 0.5 0.830000043
v -0.689017594 12.9983006 0.407869399 0.850000024 0.5 0.830000043
v -1.00092971 11.9345703 0.267467797 0.850000024 0.5 0.830000043
v -1.00092971 11.9345703 0.267467797 0.850000024 0.5 0.830000043
v -1.00092971 11.9345703 0.267467797 0.850000024 0.5 0.830000043
v -1.00092971 11.9345703 0.267467797 0.850000024 0.5 0.830000043
v -1.45739043 11.044178 0.706563652 0.850000024 0.5 0.830000043
v -1.45739043 11.044178 0.706563652 0.850000024 0.5 0.830000043
v -1.45739043 11.044178 0.706563652 0.850000024 0.5 0.830000043
v -1.45739043 11.044178 0.706563652 0.850000024 0.5 0.830000043
v -0.180355743 13.4926434 0.483849525 0.850000024 0.5 0.830000043
v -0.180355743 13.4926434 0.483849525 0.850000024 0.5 0.830000043
v -0.180355743 13.4926434 0.483849525 0.850000024 0.5 0.830000043
v -0.180355743 13.4926434 0.483849525 0.850000024 0.5 0.830000043
v 0.660595894 13.7810917 0.259491861 0.850000024 0.5 0.830000043
v 0.660595894 13.7810917 0.259491861 0.850000024 0.5 0.830000043
v 0.660595894 13.7810917 0.259491861 0.850000024 0.5 0.830000043
v 0.660595894 13.7810917 0.259491861 0.850000024 0.5 0.830000043
v 1.79722786 10.1105986 0.993141115 0.300000012 0.850000024 0.280000001
v 2.90995455 8.55707645 -0.165691614 0.300000012 0.850000024 0.280000001
v 2.88526678 11.5732431 0.999215484 0.300000012 0.850000024 0.280000001
v 3.95622396 10.4970036 0.0686323047 0.300000012 0.850000024 0.280000001
v 2.46787095 9.31019974 -0.839702487 0.300000012 0.850000024 0.280000001
v 3.25898337 8.61135387 -0.455576777 0.300000012 0.850000024 0.280000001
v 1.82594132 8.76202774 -0.53996861 0.300000012 0.850000024 0.280000001
v 2.23659062 7.72866631 -0.322886705 0.300000012 0.850000024 0.280000001
v 2.56622148 8.14954662 -0.751801908 0.823664308 0.516759157 0.803664327
v 2.61106539 8.24625969 -0.715014279 0.823664308 0.516759157 0.803664327
v 2.67892766 8.10195351 -0.797055542 0.823664308 0.516759157 0.803664327
v 2.7297554 8.20430183 -0.758622766 0.823664308 0.516759157 0.803664327
v 3.07036066 8.53825569 -2.191257 0.343205959 0.822505355 0.323205948
v 2.74405622 7.59069967 -1.65476251 0.343205959 0.822505355 0.323205948
v 2.27677345 7.92765617 -0.405753195 0.343205959 0.822505355 0.323205948
v 2.98249912 9.14488029 -1.11369467 0.343205959 0.822505355 0.323205948
v 2.11300397 7.86575699 -1.4373157 0.300000012 0.850000024 0.280000001
v 3.35408211 8.00649929 -2.62074566 0.300000012 0.850000024 0.280000001
v 2.88169765 9.29323196 -1.06159174 0.300000012 0.850000024 0.280000001
v 4.08231926 9.35286045 -2.23224783 0.300000012 0.850000024 0.280000001
v 2.97097707 8.95981216 -3.31934953 0.310801685 0.843126237 0.290801674
v 3.23418665 8.14817905 -2.56853342 0.310801685 0.843126237 0.290801674
v 2.88660693 9.47519112 -3.06188893 0.310801685 0.843126237 0.290801674
v 3.05809569 8.81180191 -2.44112754 0.310801685 0.843126237 0.290801674
v 3.42655182 9.59740734 -2.79035711 0.770740151 0.550438106 0.75074017
v 3.4223249 9.56168365 -2.88233852 0.770740151 0.550438106 0.75074017
v 3.74011207 9.55401993 -2.84257197 0.770740151 0.550438106 0.75074017
v 3.76260829 9.53453064 -2.93608236 0.770740151 0.550438106 0.75074017
v 3.10254765 10.317071 -3.14716387 0.850000024 0.5 0.830000043
v 3.10254765 10.317071 -3.14716387 0.850000024 0.5 0.830000043
v 3.10254765 10.317071 -3.14716387 0.850000024 0.5 0.830000043
v 3.10254765 10.317071 -3.14716387 0.850000024 0.5 0.830000043
v 2.7581048 11.3716393 -3.1485877 0.850000024 0.5 0.830000043
v 2.7581048 11.3716393 -3.1485877 0.850000024 0.5 0.830000043
v 2.7581048 11.3716393 -3.1485877 0.850000024 0.5 0.830000043
v 2.7581048 11.3716393 -3.1485877 0.850000024 0.5 0.830000043
v 2.18942213 11.8364201 -3.06515098 0.850000024 0.5 0.830000043
v 2.18942213 11.8364201 -3.06515098 0.850000024 0.5 0.830000043
v 2.18942213 11.8364201 -3.06515098 0.850000024 0.5 0.830000043
v 2.18942213 11.8364201 -3.06515098 0.850000024 0.5 0.830000043
v 1.58140838 11.9260216 -3.06006289 0.850000024 0.5 0.830000043
v 1.58140838 11.9260216 -3.06006289 0.850000024 0.5 0.830000043
v 1.58140838 11.9260216 -3.06006289 0.850000024 0.5 0.830000043
v 1.58140838 11.9260216 -3.06006289 0.850000024 0.5 0.830000043
v 0.152486086 10.5759077 -3.6104784 0.300000012 0.850000024 0.280000001
v 1.02639592 11.796258 -5.45504141 0.300000012 0.850000024 0.280000001
v 0.608397007 10.0158348 -4.70548773 0.300000012 0.850000024 0.280000001
v 0.797684193 12.6610518 -4.45302248 0.300000012 0.850000024 0.280000001
v 0.265507936 13.1032581 -4.03444815 0.302455515 0.848437428 0.282455504
v 1.39915657 12.5914469 -4.0529747 0.302455515 0.848437428 0.282455504
v 0.325760365 12.7168932 -4.09171009 0.302455515 0.848437428 0.282455504
v 1.4379282 12.7820864 -3.83283186 0.302455515 0.848437428 0.282455504
v -1.19887686 9.99403954 1.15523863 0.850000024 0.5 0.830000043
v -1.19887686 9.99403954 1.15523863 0.850000024 0.5 0.830000043
v -1.19887686 9.99403954 1.15523863 0.850000024 0.5 0.830000043
v -1.19887686 9.99403954 1.15523863 0.850000024 0.5 0.830000043
v -0.00497540832 9.34357071 1.30126917 0.850000024 0.5 0.830000043
v -0.00497540832 9.34357071 1.30126917 0.850000024 0.5 0.830000043
v -0.00497540832 9.34357071 1.30126917 0.850000024 0.5 0.830000043
v -0.00497540832 9.34357071 1.30126917 0.850000024 0.5 0.830000043
v 1.25527906 9.27479935 1.72597241 0.850000024 0.5 0.830000043
v 1.25527906 9.27479935 1.72597241 0.850000024 0.5 0.830000043
v 1.25527906 9.27479935 1.72597241 0.850000024 0.5 0.830000043
v 1.25527906 9.27479935 1.72597241 0.850000024 0.5 0.830000043
v 2.10710049 9.80663967 1.57024121 0.848068953 0.501228869 0.828068972
v 2.11106133 9.80181789 1.57313359 0.848068953 0.501228869 0.828068972
v 2.11132693 9.79900837 1.57536685 0.848068953 0.501228869 0.828068972
v 2.11552286 9.79463673 1.57697582 0.848068953 0.501228869 0.828068972
v 2.64248991 10.7525291 0.520944595 0.484893531 0.732340515 0.46489352
v 2.78207803 11.2587852 1.17170191 0.484893531 0.732340515 0.46489352
v 2.5691874 9.307374 1.55068958 0.484893531 0.732340515 0.46489352
v 2.72567964 9.99367142 2.05383205 0.484893531 0.732340515 0.46489352
v 1.13015854 14.5662708 -3.30674267 0.300000012 0.850000024 0.280000001
v 1.27795386 12.6169167 -3.72023535 0.300000012 0.850000024 0.280000001
v 0.405767322 13.3474627 -1.04981744 0.300000012 0.850000024 0.280000001
v 0.585634232 12.5585318 -2.3106699 0.300000012 0.850000024 0.280000001
v 1.36181247 13.4267893 -0.199086547 0.850000024 0.5 0.830000043
v 1.36181247 13.4267893 -0.199086547 0.850000024 0.5 0.830000043
v 1.36181247 13.4267893 -0.199086547 0.850000024 0.5 0.830000043
v 1.36181247 13.4267893 -0.199086547 0.850000024 0.5 0.830000043
v -1.02233458 13.6309624 0.751443267 0.850000024 0.5 0.830000043
v -1.02233458 13.6309624 0.751443267 0.850000024 0.5 0.830000043
v -1.02233458 13.6309624 0.751443267 0.850000024 0.5 0.830000043
v -1.02233458 13.6309624 0.751443267 0.850000024 0.5 0.830000043
v -1.14008117 12.5837517 0.450601578 0.850000024 0.5 0.830000043
v -1.14008117 12.5837517 0.450601578 0.850000024 0.5 0.830000043
v -1.14008117 12.5837517 0.450601578 0.850000024 0.5 0.830000043
v -1.14008117 12.5837517 0.450601578 0.850000024 0.5 0.830000043
v -1.41347051 11.983798 0.505603969 0.850000024 0.5 0.830000043
v -1.41347051 11.983798 0.505603969 0.850000024 0.5 0.830000043
v -1.41347051 11.983798 0.505603969 0.850000024 0.5 0.830000043
v -1.41347051 11.983798 0.505603969 0.850000024 0.5 0.830000043
v -1.93929827 11.6609612 1.24279404 0.850000024 0.5 0.830000043
v -1.93929827 11.6609612 1.24279404 0.850000024 0.5 0.830000043
v -1.93929827 11.6609612 1.24279404 0.850000024 0.5 0.830000043
v -1.93929827 11.6609612 1.24279404 0.850000024 0.5 0.830000043
v 0.119240619 14.3221884 0.804878652 0.850000024 0.5 0.830000043
v 0.119240619 14.3221884 0.804878652 0.850000024 0.5 0.830000043
v 0.119240619 14.3221884 0.804878652 0.850000024 0.5 0.830000043
v 0.119240619 14.3221884 0.804878652 0.850000024 0.5 0.830000043
v -0.492196441 14.0969858 0.851066589 0.850000024 0.5 0.830000043
v -0.492196441 14.0969858 0.851066589 0.850000024 0.5 0.830000043
v -0.492196441 14.0969858 0.851066589 0.850000024 0.5 0.830000043
v -0.492196441 14.0969858 0.851066589 0.850000024 0.5 0.830000043
v 1.03729773 14.5889816 0.652140617 0.850000024 0.5 0.830000043
v 1.03729773 14.5889816 0.652140617 0.850000024 0.5 0.830000043
v 1.03729773 14.5889816 0.652140617 0.850000024 0.5 0.830000043
v 1.03729773 14.5889816 0.652140617 0.850000024 0.5 0.830000043
v 2.72261095 11.7416391 1.14397144 0.300000012 0.850000024 0.280000001
v 2.80009985 9.82979965 1.06256735 0.300000012 0.850000024 0.280000001
v 3.80483818 12.3266068 0.298282325 0.300000012 0.850000024 0.280000001
v 4.25465488 10.6164608 0.398080647 0.300000012 0.850000024 0.280000001
v 3.01965809 8.806674 -0.305464745 0.300000012 0.850000024 0.280000001
v 3.20485115 9.90567398 0.697747111 0.300000012 0.850000024 0.280000001
v 3.8865366 10.5986824 -0.063131839 0.300000012 0.850000024 0.280000001
v 3.93109322 9.61220169 -1.04499424 0.300000012 0.850000024 0.280000001
v 3.20802927 8.78885937 -0.451641083 0.300000012 0.850000024 0.280000001
v 3.07162809 8.64496517 -1.06839991 0.300000012 0.850000024 0.280000001
v 2.94506979 9.13316154 -1.08403921 0.300000012 0.850000024 0.280000001
v 3.1898315 8.93791962 -0.399233729 0.300000012 0.850000024 0.280000001
v 2.817173 9.36140347 -1.02162182 0.316349864 0.839595556 0.296349853
v 3.03790236 8.74948215 -1.36324215 0.316349864 0.839595556 0.296349853
v 4.05893612 9.81738281 -1.16332924 0.316349864 0.839595556 0.296349853
v 4.33500671 8.72645664 -1.53230059 0.316349864 0.839595556 0.296349853
v 3.1107707 8.20313263 -2.49462175 0.300000012 0.850000024 0.280000001
v 2.99247694 9.05643272 -1.38510227 0.300000012 0.850000024 0.280000001
v 4.03903294 9.33072472 -3.23193836 0.300000012 0.850000024 0.280000001
v 3.87998438 10.0518446 -2.22767353 0.300000012 0.850000024 0.280000001
v 2.86754346 9.29914188 -2.24972844 0.490635455 0.728686571 0.470635414
v 3.87715197 9.55095673 -3.29768014 0.490635455 0.728686571 0.470635414
v 3.70594215 10.2891302 -2.11994028 0.490635455 0.728686571 0.470635414
v 4.74822855 10.4712486 -3.16726351 0.490635455 0.728686571 0.470635414
v 3.66992474 10.6815882 -2.93536949 0.850000024 0.5 0.830000043
v 3.66992474 10.6815882 -2.93536949 0.850000024 0.5 0.830000043
v 3.66992474 10.6815882 -2.93536949 0.850000024 0.5 0.830000043
v 3.66992474 10.6815882 -2.93536949 0.850000024 0.5 0.830000043
v 3.37417197 11.2903137 -3.06049132 0.850000024 0.5 0.830000043
v 3.37417197 11.2903137 -3.06049132 0.850000024 0.5 0.830000043
v 3.37417197 11.2903137 -3.06049132 0.850000024 0.5 0.830000043
v 3.37417197 11.2903137 -3.06049132 0.850000024 0.5 0.830000043
v 3.27186346 12.4994354 -3.06755376 0.850000024 0.5 0.830000043
v 3.27186346 12.4994354 -3.06755376 0.850000024 0.5 0.830000043
v 3.27186346 12.4994354 -3.06755376 0.850000024 0.5 0.830000043
v 3.27186346 12.4994354 -3.06755376 0.850000024 0.5 0.830000043
v 2.59285736 12.9774876 -3.06280541 0.850000024 0.5 0.830000043
v 2.59285736 12.9774876 -3.06280541 0.850000024 0.5 0.830000043
v 2.59285736 12.9774876 -3.06280541 0.850000024 0.5 0.830000043
v 2.59285736 12.9774876 -3.06280541 0.850000024 0.5 0.830000043
v 1.82793081 12.5316544 -2.89329338 0.850000024 0.5 0.830000043
v 1.82793081 12.5316544 -2.89329338 0.850000024 0.5 0.830000043
v 1.82793081 12.5316544 -2.89329338 0.850000024 0.5 0.830000043
v 1.82793081 12.5316544 -2.89329338 0.850000024 0.5 0.830000043
v 0.409105062 11.9475927 -3.14763188 0.300000012 0.850000024 0.280000001
v 1.40028501 12.6964531 -3.80833626 0.300000012 0.850000024 0.280000001
v 0.842598021 13.134079 -2.92808199 0.300000012 0.850000024 0.280000001
v 1.5761795 13.5896454 -3.19547558 0.300000012 0.850000024 0.280000001
v -1.75830519 10.560338 1.82556355 0.850000024 0.5 0.830000043
v -1.75830519 10.560338 1.82556355 0.850000024 0.5 0.830000043
v -1.75830519 10.560338 1.82556355 0.850000024 0.5 0.830000043
v -1.75830519 10.560338 1.82556355 0.850000024 0.5 0.830000043
v -0.719883859 9.16966248 1.73865104 0.850000024 0.5 0.830000043
v -0.719883859 9.16966248 1.73865104 0.850000024 0.5 0.830000043
v -0.719883859 9.16966248 1.73865104 0.850000024 0.5 0.830000043
v -0.719883859 9.16966248 1.73865104 0.850000024 0.5 0.830000043
v 0.428980857 8.84653187 2.01650214 0.850000024 0.5 0.830000043
v 0.428980857 8.84653187 2.01650214 0.850000024 0.5 0.830000043
v 0.428980857 8.84653187 2.01650214 0.850000024 0.5 0.830000043
v 0.428980857 8.84653187 2.01650214 0.850000024 0.5 0.830000043
v 1.71533906 8.81809139 2.19739485 0.753584743 0.561355233 0.733584762
v 1.30073917 8.53628063 2.38060713 0.753584743 0.561355233 0.733584762
v 1.11850655 8.67697239 2.85581446 0.753584743 0.561355233 0.733584762
v 1.49929643 8.95887852 2.72395396 0.753584743 0.561355233 0.733584762
v 1.33159161 8.87714767 2.2219367 0.549997687 0.690910578 0.529997647
v 2.64088845 8.9814043 1.63502622 0.549997687 0.690910578 0.529997647
v 1.56249809 9.39680481 2.91486526 0.549997687 0.690910578 0.529997647
v 2.78966236 9.62544918 2.28126264 0.549997687 0.690910578 0.529997647
v 2.6704824 11.4819899 1.2463448 0.406671375 0.782118261 0.386671364
v 3.39215732 10.9382172 1.47804594 0.406671375 0.782118261 0.386671364
v 2.83324862 11.4183826 1.21073997 0.406671375 0.782118261 0.386671364
v 4.04374599 10.9530945 1.38047433 0.406671375 0.782118261 0.386671364
v 2.5514164 8.99501896 1.56938577 0.300000012 0.850000024 0.280000001
v 3.67937565 10.5104094 1.26640844 0.300000012 0.850000024 0.280000001
v 1.89588177 9.21421432 3.12276387 0.300000012 0.850000024 0.280000001
v 2.8846302 10.895052 2.84339237 0.300000012 0.850000024 0.280000001
v 1.42289078 13.3605137 -1.84576511 0.850000024 0.5 0.830000043
v 1.42289078 13.3605137 -1.84576511 0.850000024 0.5 0.830000043
v 1.42289078 13.3605137 -1.84576511 0.850000024 0.5 0.830000043
v 1.42289078 13.3605137 -1.84576511 0.850000024 0.5 0.830000043
v 0.775794148 13.2439795 -0.82590878 0.616228819 0.648763537 0.596228838
v 1.22608709 12.9529705 -0.21310088 0.616228819 0.648763537 0.596228838
v 1.89990044 14.1787777 -1.18430018 0.616228819 0.648763537 0.596228838
v 1.81030011 13.4876871 -0.655867696 0.616228819 0.648763537 0.596228838
v 1.52991211 13.4815903 0.453510195 0.748980999 0.564284921 0.728980958
v 1.76504898 13.7927742 0.364734232 0.748980999 0.564284921 0.728980958
v 1.92123938 13.9643278 0.607548952 0.748980999 0.564284921 0.728980958
v 2.14122224 14.2025709 0.413927078 0.748980999 0.564284921 0.728980958
v -1.40271473 13.9723005 1.16642046 0.850000024 0.5 0.830000043
v -1.40271473 13.9723005 1.16642046 0.850000024 0.5 0.830000043
v -1.40271473 13.9723005 1.16642046 0.850000024 0.5 0.830000043
v -1.40271473 13.9723005 1.16642046 0.850000024 0.5 0.830000043
v -1.44962335 13.0812206 0.683595181 0.850000024 0.5 0.830000043
v -1.44962335 13.0812206 0.683595181 0.850000024 0.5 0.830000043
v -1.44962335 13.0812206 0.683595181 0.850000024 0.5 0.830000043
v -1.44962335 13.0812206 0.683595181 0.850000024 0.5 0.830000043
v -1.75112438 12.4557762 0.808865011 0.850000024 0.5 0.830000043
v -1.75112438 12.4557762 0.808865011 0.850000024 0.5 0.830000043
v -1.75112438 12.4557762 0.808865011 0.850000024 0.5 0.830000043
v -1.75112438 12.4557762 0.808865011 0.850000024 0.5 0.830000043
v -2.13666821 12.8269615 1.58336306 0.850000024 0.5 0.830000043
v -2.13666821 12.8269615 1.58336306 0.850000024 0.5 0.830000043
v -2.13666821 12.8269615 1.58336306 0.850000024 0.5 0.830000043
v -2.13666821 12.8269615 1.58336306 0.850000024 0.5 0.830000043
v -0.0356602818 15.1353807 1.31379461 0.850000024 0.5 0.830000043
v -0.0356602818 15.1353807 1.31379461 0.850000024 0.5 0.830000043
v -0.0356602818 15.1353807 1.31379461 0.850000024 0.5 0.830000043
v -0.0356602818 15.1353807 1.31379461 0.850000024 0.5 0.830000043
v -0.773076534 14.5561152 1.30453312 0.850000024 0.5 0.830000043
v -0.773076534 14.5561152 1.30453312 0.850000024 0.5 0.830000043
v -0.773076534 14.5561152 1.30453312 0.850000024 0.5 0.830000043
v -0.773076534 14.5561152 1.30453312 0.850000024 0.5 0.830000043
v 0.646523118 15.5596628 1.30137849 0.850000024 0.5 0.830000043
v 0.646523118 15.5596628 1.30137849 0.850000024 0.5 0.830000043
v 0.646523118 15.5596628 1.30137849 0.850000024 0.5 0.830000043
v 0.646523118 15.5596628 1.30137849 0.850000024 0.5 0.830000043
v 1.5501194 14.9360142 1.12500763 0.850000024 0.5 0.830000043
v 1.5501194 14.9360142 1.12500763 0.850000024 0.5 0.830000043
v 1.5501194 14.9360142 1.12500763 0.850000024 0.5 0.830000043
v 1.5501194 14.9360142 1.12500763 0.850000024 0.5 0.830000043
v 2.56137037 11.8710899 1.40583313 0.300000012 0.850000024 0.280000001
v 3.84439564 10.7206984 0.709753752 0.300000012 0.850000024 0.280000001
v 3.25412273 13.6236439 0.927243412 0.300000012 0.850000024 0.280000001
v 4.68854523 12.6699677 0.332142353 0.300000012 0.850000024 0.280000001
v 3.8597827 10.8375912 0.118826836 0.300000012 0.850000024 0.280000001
v 4.41054296 10.906765 0.258901477 0.300000012 0.850000024 0.280000001
v 3.66750145 10.7055178 0.102122426 0.300000012 0.850000024 0.280000001
v 4.14092588 10.579711 0.337379783 0.300000012 0.850000024 0.280000001
v 3.92425776 10.8624229 -0.112448841 0.300000012 0.850000024 0.280000001
v 2.97655344 9.23340797 -0.282479882 0.300000012 0.850000024 0.280000001
v 4.17619753 8.75972652 -1.43116665 0.300000012 0.850000024 0.280000001
v 5.1302104 10.1501923 -1.28505635 0.300000012 0.850000024 0.280000001
v 4.05433655 9.5050869 -2.04996562 0.53071022 0.703184426 0.510710239
v 4.22415447 9.01788235 -1.45753658 0.53071022 0.703184426 0.510710239
v 3.91547728 10.0149689 -2.05209398 0.53071022 0.703184426 0.510710239
v 4.07198238 9.34523773 -1.44142306 0.53071022 0.703184426 0.510710239
v 4.72038412 10.0527592 -1.85203874 0.850000024 0.5 0.830000043
v 4.72038412 10.0527592 -1.85203874 0.850000024 0.5 0.830000043
v 4.72038412 10.0527592 -1.85203874 0.850000024 0.5 0.830000043
v 4.72038412 10.0527592 -1.85203874 0.850000024 0.5 0.830000043
v 3.77678895 10.1868048 -3.00545049 0.63372314 0.637630761 0.613723159
v 3.70370626 10.6118641 -2.33858514 0.63372314 0.637630761 0.613723159
v 4.2025218 11.4553528 -3.40203762 0.63372314 0.637630761 0.613723159
v 4.22934866 11.6875916 -2.87491941 0.63372314 0.637630761 0.613723159
v 3.9755764 11.8792934 -2.88183284 0.850000024 0.5 0.830000043
v 3.9755764 11.8792934 -2.88183284 0.850000024 0.5 0.830000043
v 3.9755764 11.8792934 -2.88183284 0.850000024 0.5 0.830000043
v 3.9755764 11.8792934 -2.88183284 0.850000024 0.5 0.830000043
v 3.60050535 13.5779114 -2.74602723 0.850000024 0.5 0.830000043
v 3.60050535 13.5779114 -2.74602723 0.850000024 0.5 0.830000043
v 3.60050535 13.5779114 -2.74602723 0.850000024 0.5 0.830000043
v 3.60050535 13.5779114 -2.74602723 0.850000024 0.5 0.830000043
v 2.83758259 13.9727783 -2.77188039 0.850000024 0.5 0.830000043
v 2.83758259 13.9727783 -2.77188039 0.850000024 0.5 0.830000043
v 2.83758259 13.9727783 -2.77188039 0.850000024 0.5 0.830000043
v 2.83758259 13.9727783 -2.77188039 0.850000024 0.5 0.830000043
v 2.08234286 13.3553629 -2.90954685 0.850000024 0.5 0.830000043
v 2.08234286 13.3553629 -2.90954685 0.850000024 0.5 0.830000043
v 2.08234286 13.3553629 -2.90954685 0.850000024 0.5 0.830000043
v 2.08234286 13.3553629 -2.90954685 0.850000024 0.5 0.830000043
v 1.56491113 13.1322536 -2.57083869 0.850000024 0.5 0.830000043
v 1.56491113 13.1322536 -2.57083869 0.850000024 0.5 0.830000043
v 1.56491113 13.1322536 -2.57083869 0.850000024 0.5 0.830000043
v 1.56491113 13.1322536 -2.57083869 0.850000024 0.5 0.830000043
v -1.95000398 11.3347969 2.61345291 0.850000024 0.5 0.830000043
v -1.95000398 11.3347969 2.61345291 0.850000024 0.5 0.830000043
v -1.95000398 11.3347969 2.61345291 0.850000024 0.5 0.830000043
v -1.95000398 11.3347969 2.61345291 0.850000024 0.5 0.830000043
v -1.22316635 9.56806087 2.35394621 0.850000024 0.5 0.830000043
v -1.22316635 9.56806087 2.35394621 0.850000024 0.5 0.830000043
v -1.22316635 9.56806087 2.35394621 0.850000024 0.5 0.830000043
v -1.22316635 9.56806087 2.35394621 0.850000024 0.5 0.830000043
v -0.25818938 8.74669266 2.31794596 0.850000024 0.5 0.830000043
v -0.25818938 8.74669266 2.31794596 0.850000024 0.5 0.830000043
v -0.25818938 8.74669266 2.31794596 0.850000024 0.5 0.830000043
v -0.25818938 8.74669266 2.31794596 0.850000024 0.5 0.830000043
v 0.902264774 7.78123331 1.89122903 0.400313258 0.786164284 0.380313277
v -0.530721307 8.28266907 2.55145335 0.400313258 0.786164284 0.380313277
v 1.268731 8.75786018 2.52152348 0.400313258 0.786164284 0.380313277
v -0.198614657 9.46891117 3.00108504 0.400313258 0.786164284 0.380313277
v 1.24536371 8.91501045 2.53954291 0.300000012 0.850000024 0.280000001
v 1.42693388 9.18306923 3.01516271 0.300000012 0.850000024 0.280000001
v 1.54847324 8.60508347 3.94040775 0.300000012 0.850000024 0.280000001
v 1.41715753 8.64543247 3.41881514 0.300000012 0.850000024 0.280000001
v 1.42044985 9.37410259 2.99554992 0.300000012 0.850000024 0.280000001
v 2.08046293 8.79079056 3.02339244 0.300000012 0.850000024 0.280000001
v 2.30686665 9.70013809 3.21150017 0.300000012 0.850000024 0.280000001
v 2.81859016 8.81005287 3.06475353 0.300000012 0.850000024 0.280000001
v 2.54489827 10.0137081 2.27546167 0.300000012 0.850000024 0.280000001
v 4.10576344 10.6607361 1.37542439 0.300000012 0.850000024 0.280000001
v 2.67367911 11.1070328 3.05078745 0.300000012 0.850000024 0.280000001
v 4.09028912 11.8488998 2.20828509 0.300000012 0.850000024 0.280000001
v 3.42612267 12.2718678 0.606394291 0.300000012 0.850000024 0.280000001
v 3.72310805 10.9868717 1.65576267 0.300000012 0.850000024 0.280000001
v 3.10013723 13.4095707 1.04098439 0.300000012 0.850000024 0.280000001
v 3.21743822 12.4461527 1.96873808 0.300000012 0.850000024 0.280000001
v 2.84830546 9.61402893 2.33164072 0.300000012 0.850000024 0.280000001
v 2.90089035 10.655467 2.86119556 0.300000012 0.850000024 0.280000001
v 2.66451669 8.97661114 3.19514728 0.300000012 0.850000024 0.280000001
v 2.44509673 10.0525112 3.85071707 0.300000012 0.850000024 0.280000001
v 1.69808602 13.8456869 -1.1657089 0.850000024 0.5 0.830000043
v 1.69808602 13.8456869 -1.1657089 0.850000024 0.5 0.830000043
v 1.69808602 13.8456869 -1.1657089 0.850000024 0.5 0.830000043
v 1.69808602 13.8456869 -1.1657089 0.850000024 0.5 0.830000043
v 1.72969878 14.1134586 -2.08831334 0.850000024 0.5 0.830000043
v 1.72969878 14.1134586 -2.08831334 0.850000024 0.5 0.830000043
v 1.72969878 14.1134586 -2.08831334 0.850000024 0.5 0.830000043
v 1.72969878 14.1134586 -2.08831334 0.850000024 0.5 0.830000043
v 2.22854424 14.2622175 -0.178055972 0.850000024 0.5 0.830000043
v 2.22854424 14.2622175 -0.178055972 0.850000024 0.5 0.830000043
v 2.22854424 14.2622175 -0.178055972 0.850000024 0.5 0.830000043
v 2.22854424 14.2622175 -0.178055972 0.850000024 0.5 0.830000043
v 1.75260937 13.4944601 -0.813502431 0.300461054 0.84970665 0.280461043
v 1.79851794 13.4686155 -0.679025531 0.300461054 0.84970665 0.280461043
v 1.87443006 14.2214813 0.678405881 0.300461054 0.84970665 0.280461043
v 1.85692239 13.8180361 0.2897093 0.300461054 0.84970665 0.280461043
v 1.68382215 14.1213894 0.844955742 0.32056877 0.836910784 0.300568759
v 1.37112319 14.5317602 1.25371397 0.32056877 0.836910784 0.300568759
v 3.02328157 14.3285522 0.929176629 0.32056877 0.836910784 0.300568759
v 2.50943589 14.2178755 1.36586547 0.32056877 0.836910784 0.300568759
v -1.79280519 13.956274 1.74584007 0.850000024 0.5 0.830000043
v -1.79280519 13.956274 1.74584007 0.850000024 0.5 0.830000043
v -1.79280519 13.956274 1.74584007 0.850000024 0.5 0.830000043
v -1.79280519 13.956274 1.74584007 0.850000024 0.5 0.830000043
v -1.79746628 13.2181435 1.01824665 0.850000024 0.5 0.830000043
v -1.79746628 13.2181435 1.01824665 0.850000024 0.5 0.830000043
v -1.79746628 13.2181435 1.01824665 0.850000024 0.5 0.830000043
v -1.79746628 13.2181435 1.01824665 0.850000024 0.5 0.830000043
v -2.25161219 12.6200523 2.35399485 0.850000024 0.5 0.830000043
v -2.25161219 12.6200523 2.35399485 0.850000024 0.5 0.830000043
v -2.25161219 12.6200523 2.35399485 0.850000024 0.5 0.830000043
v -2.25161219 12.6200523 2.35399485 0.850000024 0.5 0.830000043
v -0.329731196 15.4621601 2.02256751 0.850000024 0.5 0.830000043
v -0.329731196 15.4621601 2.02256751 0.850000024 0.5 0.830000043
v -0.329731196 15.4621601 2.02256751 0.850000024 0.5 0.830000043
v -0.329731196 15.4621601 2.02256751 0.850000024 0.5 0.830000043
v -1.0919919 14.6941938 1.92169785 0.850000024 0.5 0.830000043
v -1.0919919 14.6941938 1.92169785 0.850000024 0.5 0.830000043
v -1.0919919 14.6941938 1.92169785 0.850000024 0.5 0.830000043
v -1.0919919 14.6941938 1.92169785 0.850000024 0.5 0.830000043
v 1.06617606 15.808362 1.59828377 0.844461203 0.50352478 0.824461222
v 1.07590353 15.8183489 1.58741331 0.844461203 0.50352478 0.824461222
v 1.08469534 15.8323908 1.59887409 0.844461203 0.50352478 0.824461222
v 1.08862162 15.8417425 1.59149492 0.844461203 0.50352478 0.824461222
v 0.447752863 16.0515366 1.9285332 0.850000024 0.5 0.830000043
v 0.447752863 16.0515366 1.9285332 0.850000024 0.5 0.830000043
v 0.447752863 16.0515366 1.9285332 0.850000024 0.5 0.830000043
v 0.447752863 16.0515366 1.9285332 0.850000024 0.5 0.830000043
v 2.04641342 14.7959833 0.502802134 0.300000012 0.850000024 0.280000001
v 1.18386579 16.3115273 1.42924476 0.300000012 0.850000024 0.280000001
v 2.30285335 14.0863476 1.53937876 0.300000012 0.850000024 0.280000001
v 1.33495867 15.2983522 2.46321058 0.300000012 0.850000024 0.280000001
v 2.84409547 13.6475248 1.28598201 0.300000012 0.850000024 0.280000001
v 3.64144897 12.0494118 1.27126408 0.300000012 0.850000024 0.280000001
v 4.12181187 14.3283672 -0.0127503872 0.300000012 0.850000024 0.280000001
v 4.56121445 12.8561611 0.133606255 0.300000012 0.850000024 0.280000001
v 4.11612034 11.0315313 0.476880252 0.300000012 0.850000024 0.280000001
v 3.9556694 12.1893291 1.01591563 0.300000012 0.850000024 0.280000001
v 4.7274456 11.4679518 -0.223012269 0.300000012 0.850000024 0.280000001
v 4.46098995 12.8049469 0.193815827 0.300000012 0.850000024 0.280000001
v 3.76263571 11.0693979 0.000880129635 0.300000012 0.850000024 0.280000001
v 5.18854523 11.5626755 -0.544112563 0.300000012 0.850000024 0.280000001
v 3.85720897 9.75349236 -0.270172536 0.300000012 0.850000024 0.280000001
v 5.1969614 10.1984758 -1.01980054 0.300000012 0.850000024 0.280000001
v 4.07283163 9.0520525 -1.41369271 0.300000012 0.850000024 0.280000001
v 4.13945389 9.93682671 -0.507204533 0.300000012 0.850000024 0.280000001
v 4.9905138 9.6722374 -2.26953197 0.300000012 0.850000024 0.280000001
v 4.86286163 10.6140728 -1.35081339 0.300000012 0.850000024 0.280000001
v 3.74649549 9.72839737 -1.32932091 0.300000012 0.850000024 0.280000001
v 5.02335405 9.69782162 -2.57071948 0.300000012 0.850000024 0.280000001
v 4.68774748 10.906023 -1.25814366 0.300000012 0.850000024 0.280000001
v 5.86713219 11.0331011 -2.13614511 0.300000012 0.850000024 0.280000001
v 4.72566938 11.0740242 -2.47185016 0.748845458 0.564371109 0.728845477
v 4.88801813 10.6971407 -2.28712463 0.748845458 0.564371109 0.728845477
v 4.62028837 11.4878139 -2.43761873 0.748845458 0.564371109 0.728845477
v 4.73551083 11.2377787 -2.16110086 0.748845458 0.564371109 0.728845477
v 3.84758806 12.6957836 -2.72928739 0.742909193 0.568148732 0.722909212
v 4.08835411 12.6131945 -2.58026481 0.742909193 0.568148732 0.722909212
v 4.24270201 12.9808226 -2.80111337 0.742909193 0.568148732 0.722909212
v 4.49055338 13.0042162 -2.73171234 0.742909193 0.568148732 0.722909212
v 3.64812946 14.398016 -2.08282328 0.850000024 0.5 0.830000043
v 3.64812946 14.398016 -2.08282328 0.850000024 0.5 0.830000043
v 3.64812946 14.398016 -2.08282328 0.850000024 0.5 0.830000043
v 3.64812946 14.398016 -2.08282328 0.850000024 0.5 0.830000043
v 2.86653447 14.5391102 -2.16287303 0.850000024 0.5 0.830000043
v 2.86653447 14.5391102 -2.16287303 0.850000024 0.5 0.830000043
v 2.86653447 14.5391102 -2.16287303 0.850000024 0.5 0.830000043
v 2.86653447 14.5391102 -2.16287303 0.850000024 0.5 0.830000043
v 2.22068167 14.051589 -2.67663145 0.850000024 0.5 0.830000043
v 2.22068167 14.051589 -2.67663145 0.850000024 0.5 0.830000043
v 2.22068167 14.051589 -2.67663145 0.850000024 0.5 0.830000043
v 2.22068167 14.051589 -2.67663145 0.850000024 0.5 0.830000043
v 1.7993176 13.7543793 -2.58960915 0.850000024 0.5 0.830000043
v 1.7993176 13.7543793 -2.58960915 0.850000024 0.5 0.830000043
v 1.7993176 13.7543793 -2.58960915 0.850000024 0.5 0.830000043
v 1.7993176 13.7543793 -2.58960915 0.850000024 0.5 0.830000043
v -2.90088272 11.722909 2.85753441 0.451051652 0.753876269 0.431051642
v -1.83891702 10.7019339 2.71891356 0.451051652 0.753876269 0.431051642
v -2.2339108 13.4289799 2.9602282 0.451051652 0.753876269 0.431051642
v -1.38331985 12.4451504 2.88347363 0.451051652 0.753876269 0.431051642
v -1.37052083 10.3448009 3.04352355 0.850000024 0.5 0.830000043
v -1.37052083 10.3448009 3.04352355 0.850000024 0.5 0.830000043
v -1.37052083 10.3448009 3.04352355 0.850000024 0.5 0.830000043
v -1.37052083 10.3448009 3.04352355 0.850000024 0.5 0.830000043
v -0.683915794 9.00655937 2.7673111 0.838824332 0.507111788 0.818824291
v -0.685652375 9.08105373 2.77716732 0.838824332 0.507111788 0.818824291
v -0.637829542 8.99507713 2.7617085 0.838824332 0.507111788 0.818824291
v -0.633342564 9.04959869 2.77194738 0.838824332 0.507111788 0.818824291
v -0.0310944244 8.74716091 2.87743521 0.835622072 0.509149611 0.815622091
v -0.064472042 8.71418858 2.89086103 0.835622072 0.509149611 0.815622091
v -0.0646509677 8.77180767 2.94983149 0.835622072 0.509149611 0.815622091
v -0.10646522 8.74510288 2.9492445 0.835622072 0.509149611 0.815622091
v 0.414467543 7.93557405 3.35011911 0.361027837 0.811164141 0.341027826
v -0.323102474 9.20337391 3.22024441 0.361027837 0.811164141 0.341027826
v 1.39388537 8.51531029 3.46868277 0.361027837 0.811164141 0.341027826
v 0.523332477 9.82143879 3.27151036 0.361027837 0.811164141 0.341027826
v 2.18863845 9.4279213 3.39825678 0.300000012 0.850000024 0.280000001
v 1.27829146 8.5681324 3.62521529 0.300000012 0.850000024 0.280000001
v 0.91922617 9.88684845 4.58170462 0.300000012 0.850000024 0.280000001
v 1.85749078 10.7204494 4.32563114 0.300000012 0.850000024 0.280000001
v 1.31186867 8.89773369 4.18227434 0.300000012 0.850000024 0.280000001
v 2.63586259 8.69524956 3.3003397 0.300000012 0.850000024 0.280000001
v 3.37606502 10.3862915 3.05161858 0.300000012 0.850000024 0.280000001
v 1.96662664 11.0119944 4.17779398 0.300000012 0.850000024 0.280000001
v 2.653584 10.7865839 3.11331892 0.300000012 0.850000024 0.280000001
v 3.1415205 10.9316034 3.10505223 0.300000012 0.850000024 0.280000001
v 3.11046767 10.8481388 3.27324128 0.300000012 0.850000024 0.280000001
v 3.44061112 11.1476421 3.3023212 0.300000012 0.850000024 0.280000001
v 3.91716075 10.9230852 1.51210666 0.300000012 0.850000024 0.280000001
v 2.97936893 11.1833029 3.24014306 0.300000012 0.850000024 0.280000001
v 3.95729542 13.1820259 1.2785424 0.300000012 0.850000024 0.280000001
v 3.13640833 13.406333 2.79778409 0.300000012 0.850000024 0.280000001
v 2.86935115 13.4176559 1.260795 0.399144351 0.78690815 0.379144341
v 3.82443357 13.2008257 1.36053276 0.399144351 0.78690815 0.379144341
v 2.25329971 12.9248123 1.12878168 0.399144351 0.78690815 0.379144341
v 3.31269193 12.9206505 1.20297372 0.399144351 0.78690815 0.379144341
v 2.02327609 14.4084549 -1.68010747 0.850000024 0.5 0.830000043
v 2.02327609 14.4084549 -1.68010747 0.850000024 0.5 0.830000043
v 2.02327609 14.4084549 -1.68010747 0.850000024 0.5 0.830000043
v 2.02327609 14.4084549 -1.68010747 0.850000024 0.5 0.830000043
v 2.24413061 14.6089249 -0.999319315 0.75596714 0.559839129 0.735967159
v 2.29755807 14.3632793 -1.192523 0.75596714 0.559839129 0.735967159
v 2.33863378 14.7581444 -0.729429364 0.75596714 0.559839129 0.735967159
v 2.33961129 14.4416161 -0.903862476 0.75596714 0.559839129 0.735967159
v 2.21216106 14.4253254 -2.1858747 0.850000024 0.5 0.830000043
v 2.21216106 14.4253254 -2.1858747 0.850000024 0.5 0.830000043
v 2.21216106 14.4253254 -2.1858747 0.850000024 0.5 0.830000043
v 2.21216106 14.4253254 -2.1858747 0.850000024 0.5 0.830000043
v 2.11146116 15.171258 -0.483858466 0.300000012 0.850000024 0.280000001
v 1.75469279 14.0753841 0.414457202 0.300000012 0.850000024 0.280000001
v 3.55585241 14.5767546 -0.936894298 0.300000012 0.850000024 0.280000001
v 3.10434866 13.5114136 -0.00466488302 0.300000012 0.850000024 0.280000001
v 1.9436276 14.4065781 0.642763019 0.300000012 0.850000024 0.280000001
v 2.80574322 14.4355364 -0.634934843 0.300000012 0.850000024 0.280000001
v 2.01016665 13.0885181 1.31072044 0.300000012 0.850000024 0.280000001
v 3.1299181 13.2094698 -0.0508463979 0.300000012 0.850000024 0.280000001
v 1.90790105 14.1670361 0.677670121 0.377958298 0.800390184 0.357958287
v 2.3201828 13.8365288 1.67341864 0.377958298 0.800390184 0.357958287
v 2.98837137 13.5053949 0.358219266 0.377958298 0.800390184 0.357958287
v 3.20005083 12.9016657 1.27892482 0.377958298 0.800390184 0.357958287
v 2.06848717 13.7047014 1.90437341 0.300000012 0.850000024 0.280000001
v 2.4372282 14.1589785 1.43265605 0.300000012 0.850000024 0.280000001
v 2.50135136 14.8020344 2.33010149 0.300000012 0.850000024 0.280000001
v 3.09514618 15.1607943 1.87130463 0.300000012 0.850000024 0.280000001
v -1.97626877 13.7141685 2.4154861 0.850000024 0.5 0.830000043
v -1.97626877 13.7141685 2.4154861 0.850000024 0.5 0.830000043
v -1.97626877 13.7141685 2.4154861 0.850000024 0.5 0.830000043
v -1.97626877 13.7141685 2.4154861 0.850000024 0.5 0.830000043
v -2.1130836 12.8931208 2.62554336 0.723887324 0.580253601 0.703887284
v -2.09398341 12.9049959 2.4959321 0.723887324 0.580253601 0.703887284
v -2.13537383 13.2839231 3.00177312 0.723887324 0.580253601 0.703887284
v -2.14416432 13.1850491 2.81904531 0.723887324 0.580253601 0.703887284
v -0.531785846 15.125844 2.80654025 0.850000024 0.5 0.830000043
v -0.531785846 15.125844 2.80654025 0.850000024 0.5 0.830000043
v -0.531785846 15.125844 2.80654025 0.850000024 0.5 0.830000043
v -0.531785846 15.125844 2.80654025 0.850000024 0.5 0.830000043
v -1.3045938 14.4236488 2.60812998 0.850000024 0.5 0.830000043
v -1.3045938 14.4236488 2.60812998 0.850000024 0.5 0.830000043
v -1.3045938 14.4236488 2.60812998 0.850000024 0.5 0.830000043
v -1.3045938 14.4236488 2.60812998 0.850000024 0.5 0.830000043
v 0.980730236 16.1378803 1.58681989 0.300000012 0.850000024 0.280000001
v 0.258754611 16.0385952 2.19216275 0.300000012 0.850000024 0.280000001
v 2.04397488 15.7450466 1.67805815 0.300000012 0.850000024 0.280000001
v 1.35781109 15.4635258 2.19817686 0.300000012 0.850000024 0.280000001
v 0.23834455 16.3173847 2.57732534 0.733438849 0.574175358 0.713438809
v 0.862767994 16.1608067 2.11721277 0.733438849 0.574175358 0.713438809
v 0.929068863 15.7350559 2.50314927 0.733438849 0.574175358 0.713438809
v 0.462776661 15.9364157 2.90612173 0.733438849 0.574175358 0.713438809
v 2.15585709 13.97013 1.67809129 0.347741514 0.81961906 0.327741504
v 2.23881483 15.725421 1.50668526 0.347741514 0.81961906 0.327741504
v 2.02229095 14.4151173 2.95873737 0.347741514 0.81961906 0.327741504
v 2.02080512 16.1340351 2.90782881 0.347741514 0.81961906 0.327741504
v 2.77252102 13.6400127 1.34226394 0.300000012 0.850000024 0.280000001
v 3.219769 13.3447466 0.807554543 0.300000012 0.850000024 0.280000001
v 3.05211782 13.6909962 0.307536125 0.300000012 0.850000024 0.280000001
v 3.24518895 13.3534536 -0.127178192 0.300000012 0.850000024 0.280000001
v 3.23622084 13.687849 0.831139445 0.300000012 0.850000024 0.280000001
v 4.43616247 13.007205 0.229945272 0.300000012 0.850000024 0.280000001
v 3.69071794 14.6702423 -0.0779320598 0.300000012 0.850000024 0.280000001
v 4.78429508 13.7123337 -0.502462327 0.300000012 0.850000024 0.280000001
v 4.47142744 13.1797905 0.522031426 0.300000012 0.850000024 0.280000001
v 4.64314175 13.0346298 0.0867944956 0.300000012 0.850000024 0.280000001
v 4.17671108 12.8978395 0.409277678 0.300000012 0.850000024 0.280000001
v 4.12461138 12.976779 0.165930152 0.300000012 0.850000024 0.280000001
v 3.99613309 10.8208523 0.428656191 0.300000012 0.850000024 0.280000001
v 4.42398214 12.9946918 0.227096915 0.300000012 0.850000024 0.280000001
v 5.02771759 10.4465418 -0.932061136 0.300000012 0.850000024 0.280000001
v 5.36846924 12.5363817 -1.30293322 0.300000012 0.850000024 0.280000001
v 4.94795084 10.4760332 -1.19888997 0.300000012 0.850000024 0.280000001
v 5.26125002 10.4905329 -1.09198344 0.300000012 0.850000024 0.280000001
v 4.57758999 10.7564793 -1.17197275 0.300000012 0.850000024 0.280000001
v 4.70171404 10.5452919 -1.19583941 0.300000012 0.850000024 0.280000001
v 4.74228382 9.89098644 -2.42482805 0.300000012 0.850000024 0.280000001
v 4.47035837 10.7728949 -1.06260777 0.300000012 0.850000024 0.280000001
v 5.39554262 12.0103931 -2.9728117 0.300000012 0.850000024 0.280000001
v 5.07400703 12.8354616 -1.63828945 0.300000012 0.850000024 0.280000001
v 3.92461157 12.2758207 -2.68511033 0.496736467 0.724804103 0.476736456
v 5.08136749 12.0922642 -2.72291374 0.496736467 0.724804103 0.476736456
v 4.06068802 12.7873325 -2.28528953 0.496736467 0.724804103 0.476736456
v 4.79319572 12.0591297 -2.4695878 0.496736467 0.724804103 0.476736456
v 3.94152045 13.3795347 -2.88154864 0.553283811 0.688819408 0.53328383
v 3.7663393 12.9630642 -2.04969072 0.553283811 0.688819408 0.53328383
v 4.2280345 14.7994823 -2.47124863 0.553283811 0.688819408 0.53328383
v 4.10954666 14.3813381 -1.73580122 0.553283811 0.688819408 0.53328383
v 3.60808897 14.6939735 -1.62148345 0.776882768 0.546529174 0.756882787
v 3.26898479 14.9138136 -1.4821682 0.776882768 0.546529174 0.756882787
v 3.17434525 14.7633448 -1.2397368 0.776882768 0.546529174 0.756882787
v 3.51191187 14.599452 -1.34567642 0.776882768 0.546529174 0.756882787
v 2.6434536 14.649848 -1.51993501 0.828522444 0.513667583 0.808522463
v 2.68365788 14.7183962 -1.52441669 0.828522444 0.513667583 0.808522463
v 2.60716224 14.6523304 -1.50915337 0.828522444 0.513667583 0.808522463
v 2.72608924 14.715024 -1.51920354 0.828522444 0.513667583 0.808522463
v -1.3040669 12.9950619 3.69579601 0.849642932 0.500227213 0.829642892
v -1.30413806 12.9928913 3.69703794 0.849642932 0.500227213 0.829642892
v -1.30222881 12.995595 3.69510174 0.849642932 0.500227213 0.829642892
v -1.30256212 12.9935493 3.696419 0.849642932 0.500227213 0.829642892
v -1.38186085 11.0550146 3.32228565 0.765143871 0.553999424 0.74514389
v -1.48151851 11.4111042 3.60483932 0.765143871 0.553999424 0.74514389
v -1.21783447 11.0909853 3.43850946 0.765143871 0.553999424 0.74514389
v -1.30388534 11.4807816 3.67189169 0.765143871 0.553999424 0.74514389
v -1.01172781 9.77789688 3.22244048 0.765954733 0.553483427 0.745954692
v -0.751782477 9.9621315 3.14929128 0.765954733 0.553483427 0.745954692
v -0.903532982 9.36951351 3.43417549 0.765954733 0.553483427 0.745954692
v -0.638218462 9.54214859 3.36318874 0.765954733 0.553483427 0.745954692
v -0.0439783409 9.19384956 3.59915519 0.829121888 0.513286114 0.809121847
v -0.0360025838 9.20005035 3.53581524 0.829121888 0.513286114 0.809121847
v -0.0430159457 9.18613338 3.66180086 0.829121888 0.513286114 0.809121847
v -0.0348657407 9.2014122 3.58199239 0.829121888 0.513286114 0.809121847
v 1.2071445 8.35651398 3.75148416 0.300000012 0.850000024 0.280000001
v -0.4229756 8.93798828 4.24148321 0.300000012 0.850000024 0.280000001
v 1.62385857 10.6449385 3.90897965 0.300000012 0.850000024 0.280000001
v 0.0355098248 11.0882359 4.32096243 0.300000012 0.850000024 0.280000001
v 1.39436996 10.8701162 4.19519043 0.300000012 0.850000024 0.280000001
v 1.6088717 10.7659216 4.64333105 0.300000012 0.850000024 0.280000001
v 2.11430597 11.3508759 4.71376419 0.300000012 0.850000024 0.280000001
v 1.81235862 11.2385883 4.03548861 0.300000012 0.850000024 0.280000001
v 2.09248304 9.93436623 4.29877043 0.300000012 0.850000024 0.280000001
v 1.65621209 11.152936 4.56310654 0.300000012 0.850000024 0.280000001
v 3.37444448 10.7300377 3.40968919 0.300000012 0.850000024 0.280000001
v 3.07798171 12.3422079 3.76091957 0.300000012 0.850000024 0.280000001
v 3.65163946 11.6282282 2.61740875 0.300000012 0.850000024 0.280000001
v 3.05884147 11.3342419 3.68179488 0.300000012 0.850000024 0.280000001
v 3.27344561 13.157732 2.65445232 0.300000012 0.850000024 0.280000001
v 2.73428416 12.8728352 3.55334735 0.300000012 0.850000024 0.280000001
v 3.03504634 12.2605286 2.13923788 0.300000012 0.850000024 0.280000001
v 2.99051356 13.4462214 2.9368732 0.300000012 0.850000024 0.280000001
v 3.30386782 12.8436089 1.20950055 0.300000012 0.850000024 0.280000001
v 3.47999191 14.0660934 1.8260411 0.300000012 0.850000024 0.280000001
v 2.14491749 15.4660997 -0.452623248 0.300000012 0.850000024 0.280000001
v 3.02994061 15.1149979 -1.88951123 0.300000012 0.850000024 0.280000001
v 2.61956573 14.1452227 0.00438022614 0.300000012 0.850000024 0.280000001
v 3.54786253 13.9259863 -1.45371222 0.300000012 0.850000024 0.280000001
v 3.97594523 14.3495359 0.0895688832 0.300000012 0.850000024 0.280000001
v 2.72342134 14.0526829 -0.0920880735 0.300000012 0.850000024 0.280000001
v 3.11142302 13.6609974 0.00563231111 0.300000012 0.850000024 0.280000001
v 3.6041038 14.5412931 -0.0398214459 0.300000012 0.850000024 0.280000001
v 3.09797883 14.4101448 0.891006947 0.300000012 0.850000024 0.280000001
v 3.11676002 12.8026867 1.35965323 0.300000012 0.850000024 0.280000001
v 2.64597368 14.8423901 2.2008357 0.300000012 0.850000024 0.280000001
v 2.52516818 13.32195 2.75556993 0.300000012 0.850000024 0.280000001
v 2.55294991 14.7204542 2.27481699 0.300000012 0.850000024 0.280000001
v 2.28455448 14.4172945 2.69756007 0.300000012 0.850000024 0.280000001
v 3.2602036 13.9099789 1.99879384 0.300000012 0.850000024 0.280000001
v 3.02898073 13.581851 2.71443486 0.300000012 0.850000024 0.280000001
v -1.38676357 13.7937107 3.20849705 0.850000024 0.5 0.830000043
v -1.38676357 13.7937107 3.20849705 0.850000024 0.5 0.830000043
v -1.38676357 13.7937107 3.20849705 0.850000024 0.5 0.830000043
v -1.38676357 13.7937107 3.20849705 0.850000024 0.5 0.830000043
v 0.202824607 15.6234798 3.18642235 0.850000024 0.5 0.830000043
v 0.202824607 15.6234798 3.18642235 0.850000024 0.5 0.830000043
v 0.202824607 15.6234798 3.18642235 0.850000024 0.5 0.830000043
v 0.202824607 15.6234798 3.18642235 0.850000024 0.5 0.830000043
v -0.737026393 14.4532423 3.48574162 0.850000024 0.5 0.830000043
v -0.737026393 14.4532423 3.48574162 0.850000024 0.5 0.830000043
v -0.737026393 14.4532423 3.48574162 0.850000024 0.5 0.830000043
v -0.737026393 14.4532423 3.48574162 0.850000024 0.5 0.830000043
v 1.12562323 15.0808506 2.64884353 0.314894319 0.840521812 0.294894338
v 1.32608366 15.3794346 2.22049284 0.314894319 0.840521812 0.294894338
v 1.78933215 15.9117184 3.08431911 0.314894319 0.840521812 0.294894338
v 1.86801851 16.1172314 2.6189456 0.314894319 0.840521812 0.294894338
v 1.19954252 15.1380053 2.29403353 0.300000012 0.850000024 0.280000001
v 0.834881306 16.3526268 2.38401556 0.300000012 0.850000024 0.280000001
v 0.934236646 15.2143087 3.61325407 0.300000012 0.850000024 0.280000001
v 0.655589342 16.5583477 3.50251198 0.300000012 0.850000024 0.280000001
v 2.968503 14.8076248 1.92484808 0.300000012 0.850000024 0.280000001
v 2.07513762 15.9854622 2.81810093 0.300000012 0.850000024 0.280000001
v 2.7995038 13.3957233 2.92128778 0.300000012 0.850000024 0.280000001
v 1.71790659 14.3468351 3.85309267 0.300000012 0.850000024 0.280000001
v 3.81512165 14.9418612 -0.131003708 0.300000012 0.850000024 0.280000001
v 3.92174339 13.2464905 0.330101341 0.300000012 0.850000024 0.280000001
v 4.68080997 14.3236914 -1.61767137 0.300000012 0.850000024 0.280000001
v 4.51162863 12.5332823 -1.00697887 0.300000012 0.850000024 0.280000001
v 4.24131203 13.1091785 0.368786514 0.300000012 0.850000024 0.280000001
v 5.07129049 13.943078 -0.668963075 0.300000012 0.850000024 0.280000001
v 4.18386269 11.8966761 -0.296973169 0.300000012 0.850000024 0.280000001
v 4.86189604 12.5987968 -1.23092711 0.300000012 0.850000024 0.280000001
v 5.00261259 10.5974417 -0.935340643 0.300000012 0.850000024 0.280000001
v 5.40633488 11.1782217 -1.87361467 0.300000012 0.850000024 0.280000001
v 4.52464724 12.0170097 -0.542867661 0.300000012 0.850000024 0.280000001
v 4.92131805 12.707427 -1.54387701 0.300000012 0.850000024 0.280000001
v 4.12532043 11.4932995 -1.93222892 0.326666594 0.833030343 0.306666613
v 4.73210478 12.8051014 -1.42295051 0.326666594 0.833030343 0.306666613
v 4.75786448 12.0145454 -2.50383806 0.326666594 0.833030343 0.306666613
v 5.18282413 13.3273268 -2.2235105 0.326666594 0.833030343 0.306666613
v 4.67525148 13.3542089 -3.03872538 0.300000012 0.850000024 0.280000001
v 4.53851748 11.9765911 -2.37155342 0.300000012 0.850000024 0.280000001
v 4.27410984 14.5994501 -1.83591676 0.300000012 0.850000024 0.280000001
v 4.02932692 12.7993469 -1.22596884 0.300000012 0.850000024 0.280000001
v 3.14926505 14.32621 -1.6900996 0.300000012 0.850000024 0.280000001
v 3.92024374 14.4235029 -1.62327135 0.300000012 0.850000024 0.280000001
v 3.73933029 14.3334656 -1.5393312 0.300000012 0.850000024 0.280000001
v 4.5255022 14.517333 -1.49528384 0.300000012 0.850000024 0.280000001
v -1.10981798 13.7021275 3.97689629 0.778202116 0.545689583 0.758202076
v -0.962301493 13.4522123 4.00138092 0.778202116 0.545689583 0.758202076
v -0.857403278 14.0674953 3.91974592 0.778202116 0.545689583 0.758202076
v -0.74208945 13.8416624 3.94467521 0.778202116 0.545689583 0.758202076
v -1.22073805 12.3328905 3.31908441 0.637117743 0.63547051 0.617117763
v -1.02592468 12.2997332 3.613482 0.637117743 0.63547051 0.617117763
v -1.37987864 12.0781088 4.02154827 0.637117743 0.63547051 0.617117763
v -1.24438334 12.0712261 4.27558994 0.637117743 0.63547051 0.617117763
v -1.97326124 10.1370325 3.74545741 0.383043855 0.79715395 0.363043845
v -1.1633327 11.997406 3.37220526 0.383043855 0.79715395 0.363043845
v -0.737022579 9.12904549 3.712852 0.383043855 0.79715395 0.363043845
v 0.0148360729 11.0498047 3.33411741 0.383043855 0.79715395 0.363043845
v 0.293304682 9.68307209 3.6290307 0.490217686 0.728952408 0.470217645
v -0.400227726 9.29363918 3.43931365 0.490217686 0.728952408 0.470217645
v -0.0562029257 10.8980751 4.43711805 0.490217686 0.728952408 0.470217645
v -0.701286793 10.515933 4.12284279 0.490217686 0.728952408 0.470217645
v 0.540952921 9.82497978 5.10531712 0.300000012 0.850000024 0.280000001
v -0.20266068 11.1988163 4.65988874 0.300000012 0.850000024 0.280000001
v 1.76949894 10.9510088 4.08758307 0.300000012 0.850000024 0.280000001
v 1.02421308 12.0992327 3.73906159 0.300000012 0.850000024 0.280000001
v 2.62255096 12.2238894 4.24343491 0.300000012 0.850000024 0.280000001
v 1.47776437 11.3998137 4.4326911 0.300000012 0.850000024 0.280000001
v 0.993634343 12.525568 4.56478548 0.300000012 0.850000024 0.280000001
v 1.90287352 13.5693035 3.87259054 0.300000012 0.850000024 0.280000001
v 2.94287229 10.944705 3.83581591 0.300000012 0.850000024 0.280000001
v 1.81927299 11.9375429 5.07914162 0.300000012 0.850000024 0.280000001
v 3.47170401 12.9721947 2.79878807 0.300000012 0.850000024 0.280000001
v 2.04607725 13.9300089 3.77302313 0.300000012 0.850000024 0.280000001
v 2.92128897 13.3316202 3.00235987 0.300000012 0.850000024 0.280000001
v 3.30505037 13.5395441 2.99756598 0.300000012 0.850000024 0.280000001
v 2.57235432 13.1398382 2.70991755 0.300000012 0.850000024 0.280000001
v 3.19924712 13.4692526 2.54885149 0.300000012 0.850000024 0.280000001
v 3.67214131 14.912569 -0.967489541 0.300000012 0.850000024 0.280000001
v 3.62846494 14.8623447 -0.00530040264 0.300000012 0.850000024 0.280000001
v 3.62831831 14.0744352 -1.49386835 0.300000012 0.850000024 0.280000001
v 3.45777988 13.7983437 -0.520880997 0.300000012 0.850000024 0.280000001
v 0.127247453 15.5601158 3.38972116 0.541768432 0.696147382 0.521768451
v 0.334201008 15.1862869 3.38355756 0.541768432 0.696147382 0.521768451
v 0.677314341 16.2047043 3.47336435 0.541768432 0.696147382 0.521768451
v 1.11448801 15.915719 3.4070251 0.541768432 0.696147382 0.521768451
v -0.220194608 15.0661354 2.73086333 0.544412255 0.694464982 0.524412215
v 0.279519647 14.6832447 3.19720125 0.544412255 0.694464982 0.524412215
v -0.948631227 15.3008051 3.86178541 0.544412255 0.694464982 0.524412215
v -0.463469446 14.6250877 4.35951996 0.544412255 0.694464982 0.524412215
v 1.86005282 15.7568874 2.97393012 0.300000012 0.850000024 0.280000001
v 1.12181091 15.297821 3.42749238 0.300000012 0.850000024 0.280000001
v 2.35870075 14.7740097 3.0959661 0.300000012 0.850000024 0.280000001
v 1.86023664 14.6706762 3.43726563 0.300000012 0.850000024 0.280000001
v 1.77068734 15.7324867 2.61524224 0.300000012 0.850000024 0.280000001
v 0.699801385 16.4375706 3.41840076 0.300000012 0.850000024 0.280000001
v 0.48407644 15.3473082 4.23152304 0.300000012 0.850000024 0.280000001
v 1.69643378 14.4682961 3.5760324 0.300000012 0.850000024 0.280000001
v 2.33194113 12.6519117 3.97000027 0.300000012 0.850000024 0.280000001
v 3.07250881 13.2772398 2.65136957 0.300000012 0.850000024 0.280000001
v 2.69862103 14.8397818 2.77992582 0.300000012 0.850000024 0.280000001
v 1.68573236 14.0509291 4.19694805 0.300000012 0.850000024 0.280000001
v 4.12820673 14.4940815 -1.75425744 0.300000012 0.850000024 0.280000001
v 3.78576398 14.0059719 -0.741246879 0.300000012 0.850000024 0.280000001
v 4.70865107 12.7327709 -1.13391209 0.300000012 0.850000024 0.280000001
v 4.86526203 13.1803598 -2.04312062 0.300000012 0.850000024 0.280000001
v 5.20446014 12.6898394 -1.20379376 0.300000012 0.850000024 0.280000001
v 4.65143585 12.7093468 -1.37301123 0.300000012 0.850000024 0.280000001
v 4.93862391 12.7699776 -1.28033137 0.300000012 0.850000024 0.280000001
v 4.13202477 12.6711979 -1.29958296 0.300000012 0.850000024 0.280000001
v -1.08071744 15.0044889 3.76683998 0.425803661 0.769943118 0.40580368
v -1.40962052 13.5920963 4.67474508 0.425803661 0.769943118 0.40580368
v 0.318047583 14.9475679 3.43201017 0.425803661 0.769943118 0.40580368
v 0.032103911 13.4366131 4.18900394 0.425803661 0.769943118 0.40580368
v -0.868934631 12.7641802 4.0393734 0.723121166 0.580741167 0.703121126
v -0.927880049 13.169013 4.41470098 0.723121166 0.580741167 0.703121126
v -0.654216886 12.8799219 4.10941219 0.723121166 0.580741167 0.703121126
v -0.838944674 13.2609568 4.45901918 0.723121166 0.580741167 0.703121126
v -1.5391345 12.0006943 3.87373972 0.307879895 0.844985545 0.287879884
v -0.44255054 12.6449776 3.40064859 0.307879895 0.844985545 0.287879884
v -1.05272913 10.4963875 4.46805096 0.307879895 0.844985545 0.287879884
v 0.0118644834 11.3560791 3.8928268 0.307879895 0.844985545 0.287879884
v -0.291830271 11.0540953 4.77598238 0.300000012 0.850000024 0.280000001
v -0.145688862 11.1957817 3.54840326 0.300000012 0.850000024 0.280000001
v 0.0953024328 11.2635593 4.71891594 0.300000012 0.850000024 0.280000001
v 0.086378023 11.3125181 3.80657053 0.300000012 0.850000024 0.280000001
v 1.50076532 11.1514301 4.4024539 0.300000012 0.850000024 0.280000001
v -0.083165288 11.4694653 4.98784733 0.300000012 0.850000024 0.280000001
v 1.70867324 13.1479664 3.7662859 0.300000012 0.850000024 0.280000001
v 0.312151551 13.4385757 4.55940819 0.300000012 0.850000024 0.280000001
v 1.50981557 13.445322 4.0375576 0.300000012 0.850000024 0.280000001
v 1.67254984 13.6459179 4.1413765 0.300000012 0.850000024 0.280000001
v 1.14207935 13.4777842 4.27310276 0.300000012 0.850000024 0.280000001
v 1.4286375 13.0891972 3.88991833 0.300000012 0.850000024 0.280000001
v 0.37733674 14.8701277 3.09084249 0.315650523 0.840040624 0.295650512
v 0.514397979 14.9605684 4.08342028 0.315650523 0.840040624 0.295650512
v 0.228675872 15.2383232 3.59968615 0.315650523 0.840040624 0.295650512
v 0.335187674 15.1858015 4.58349037 0.315650523 0.840040624 0.295650512
v 1.73702526 13.8760986 3.75373435 0.300000012 0.850000024 0.280000001
v 1.53586864 13.9060564 4.34643793 0.300000012 0.850000024 0.280000001
v 2.05170894 14.4473572 3.19168139 0.300000012 0.850000024 0.280000001
v 1.75555277 14.5613308 3.65058708 0.300000012 0.850000024 0.280000001
v 1.37538218 15.862771 3.1221683 0.300000012 0.850000024 0.280000001
v 1.83329606 14.246047 3.38558316 0.300000012 0.850000024 0.280000001
v 0.799313843 13.6016226 4.72518444 0.300000012 0.850000024 0.280000001
v 0.461870432 15.4068661 4.49039364 0.300000012 0.850000024 0.280000001
v -0.43270129 14.3426514 4.27988625 0.300000012 0.850000024 0.280000001
v -0.0049597621 13.5041428 4.27109528 0.300000012 0.850000024 0.280000001
v 0.489857614 15.027976 4.33664131 0.300000012 0.850000024 0.280000001
v 0.770460129 14.126236 4.01924706 0.300000012 0.850000024 0.280000001
v -0.482739449 14.044857 3.57837892 0.300000012 0.850000024 0.280000001
v 0.173872635 13.2945175 3.99799776 0.300000012 0.850000024 0.280000001
v -1.12570071 13.6485586 4.58479548 0.300000012 0.850000024 0.280000001
v -0.705516577 12.5120869 4.9678874 0.300000012 0.850000024 0.280000001
v -1.47549748 12.033782 4.51463652 0.311116129 0.842926145 0.291116118
v -0.963663042 13.6303205 4.34206057 0.311116129 0.842926145 0.291116118
v -0.178199887 11.3231096 4.15308762 0.311116129 0.842926145 0.291116118
v 0.246724725 13.2252178 3.89847469 0.311116129 0.842926145 0.291116118
v 0.664659262 12.201417 4.17883205 0.300000012 0.850000024 0.280000001
v -0.0832141638 11.4270267 4.03183746 0.300000012 0.850000024 0.280000001
v 0.200391486 13.2918062 4.67755747 0.300000012 0.850000024 0.280000001
v -0.53821528 12.5283508 4.73196793 0.300000012 0.850000024 0.280000001
v 0.767539144 12.3775759 4.83806896 0.300000012 0.850000024 0.280000001
v 0.131527901 13.5708485 4.82369709 0.300000012 0.850000024 0.280000001
v 1.4309051 12.8635693 3.86138034 0.300000012 0.850000024 0.280000001
v 1.02443385 14.1438532 3.72191763 0.300000012 0.850000024 0.280000001
v 1.71937144 14.2865667 3.63104153 0.300000012 0.850000024 0.280000001
v 1.32918632 13.0273361 3.99557686 0.300000012 0.850000024 0.280000001
v 0.532878935 15.1504173 4.32695818 0.300000012 0.850000024 0.280000001
v 0.137559175 13.4089308 4.74514484 0.300000012 0.850000024 0.280000001
v 0.178268909 13.3094931 4.00538206 0.300000012 0.850000024 0.280000001
v 0.072285533 13.4232655 4.87442684 0.300000012 0.850000024 0.280000001
v 0.187019646 13.1836529 4.63836002 0.300000012 0.850000024 0.280000001
v 0.0971135795 13.3360033 4.11950779 0.300000012 0.850000024 0.280000001
v -0.331332147 0.148575187 0.394667506 0.160555705 0.100406103 0.0602351092
v -0.414095014 -0.00783984177 1.02274752 0.176251143 0.11187584 0.0668754876
v -0.290026546 -0.960253298 0.395700723 0.160555705 0.100406103 0.0602351092
v -0.198826134 -0.888983905 1.15612781 0.176251143 0.11187584 0.0668754876
v -0.16413714 -0.159845844 1.37504077 0.184378549 0.117815092 0.0703139976
v -0.414095014 -0.00783984177 1.02274752 0.176251143 0.11187584 0.0668754876
v -0.198826134 -0.888983905 1.15612781 0.176251143 0.11187584 0.0668754876
v 0.0506711677 -0.773773074 1.6450628 0.184378549 0.117815092 0.0703139976
v 0.0924499109 -0.160601899 1.28501701 0.192498788 0.123749122 0.0737494901
v -0.16413714 -0.159845844 1.37504077 0.184378549 0.117815092 0.0703139976
v 0.393300235 -0.777127326 1.54215324 0.192498788 0.123749122 0.0737494901
v 0.0506711677 -0.773773074 1.6450628 0.184378549 0.117815092 0.0703139976
v 0.0924499109 -0.160601899 1.28501701 0.192498788 0.123749122 0.0737494901
v 0.393300235 -0.777127326 1.54215324 0.192498788 0.123749122 0.0737494901
v 0.613662422 -0.811123729 0.4966847 0.204836279 0.13276498 0.0789691955
v 0.228023738 0.159588829 0.657920599 0.204836279 0.13276498 0.0789691955
v 0.228023738 0.159588829 0.657920599 0.204836279 0.13276498 0.0789691955
v 1.12807906 -0.939065933 0.850264013 0.216874883 0.141562417 0.0840624571
v 0.613662422 -0.811123729 0.4966847 0.204836279 0.13276498 0.0789691955
v 0.635046542 -0.188982159 1.20098662 0.216874883 0.141562417 0.0840624571
v 0.884157062 -0.162281752 0.848531902 0.225000039 0.147500038 0.0875000209
v 0.635046542 -0.188982159 1.20098662 0.216874883 0.141562417 0.0840624571
v 1.28237522 -0.89932847 0.597882628 0.225000039 0.147500038 0.0875000209
v 1.12807906 -0.939065933 0.850264013 0.216874883 0.141562417 0.0840624571
v 0.884157062 -0.162281752 0.848531902 0.225000039 0.147500038 0.0875000209
v 0.717366755 -0.846793652 0.0581122823 0.234775603 0.154643714 0.0916358307
v 1.28237522 -0.89932847 0.597882628 0.225000039 0.147500038 0.0875000209
v 0.580826581 0.190192655 0.315635175 0.234775603 0.154643714 0.0916358307
v 1.15823638 -0.275171816 0.317753851 0.249374077 0.165311843 0.0978121161
v 0.580826581 0.190192655 0.315635175 0.234775603 0.154643714 0.0916358307
v 1.15791488 -0.938719273 0.0541118197 0.249374077 0.165311843 0.0978121161
v 0.717366755 -0.846793652 0.0581122823 0.234775603 0.154643714 0.0916358307
v 1.29678571 -0.369111389 0.0761902332 0.257501304 0.171250954 0.101250544
v 1.15823638 -0.275171816 0.317753851 0.249374077 0.165311843 0.0978121161
v 1.15791488 -0.938719273 0.0541118197 0.249374077 0.165311843 0.0978121161
v 1.35629642 -0.98584491 -0.165439412 0.257501304 0.171250954 0.101250544
v 1.15648723 -0.203687623 -0.211301863 0.265621513 0.177184969 0.104686029
v 1.29678571 -0.369111389 0.0761902332 0.257501304 0.171250954 0.101250544
v 1.16959727 -0.904301524 -0.514966607 0.265621513 0.177184969 0.104686029
v 1.35629642 -0.98584491 -0.165439412 0.257501304 0.171250954 0.101250544
v 1.15648723 -0.203687623 -0.211301863 0.265621513 0.177184969 0.104686029
v 0.781789303 -0.954480708 -0.403049678 0.273748964 0.183124244 0.108124554
v 1.16959727 -0.904301524 -0.514966607 0.265621513 0.177184969 0.104686029
v 0.719251633 0.00250133965 -0.325999409 0.273748964 0.183124244 0.108124554
v 0.765416026 -0.0300048925 -0.541471422 0.29056257 0.195411131 0.115238018
v 0.719251633 0.00250133965 -0.325999409 0.273748964 0.183124244 0.108124554
v 0.820114613 -0.979759991 -0.614589572 0.29056257 0.195411131 0.115238018
v 0.781789303 -0.954480708 -0.403049678 0.273748964 0.183124244 0.108124554
v 0.328538418 0.134222567 -0.595290482 0.309411645 0.209185421 0.123212606
v 0.765416026 -0.0300048925 -0.541471422 0.29056257 0.195411131 0.115238018
v 0.22686629 -0.916522324 -0.681049585 0.309411645 0.209185421 0.123212606
v 0.820114613 -0.979759991 -0.614589572 0.29056257 0.195411131 0.115238018
v 0.328538418 0.134222567 -0.595290482 0.309411645 0.209185421 0.123212606
v 0.22686629 -0.916522324 -0.681049585 0.309411645 0.209185421 0.123212606
v -0.174739152 -0.961940825 -1.04184353 0.322498858 0.218749195 0.12874952
v 0.138518855 -0.0734159499 -1.02687907 0.322498858 0.218749195 0.12874952
v -0.0191353597 -0.0197657868 -0.956826091 0.33062607 0.224688306 0.132187963
v 0.138518855 -0.0734159499 -1.02687907 0.322498858 0.218749195 0.12874952
v -0.174739152 -0.961940825 -1.04184353 0.322498858 0.218749195 0.12874952
v -0.537635028 -0.937221348 -1.0091821 0.33062607 0.224688306 0.132187963
v -0.090241164 0.137367919 -0.569581747 0.340346336 0.231791556 0.13630037
v -0.0191353597 -0.0197657868 -0.956826091 0.33062607 0.224688306 0.132187963
v -0.421260715 -0.854629815 -0.524783611 0.340346336 0.231791556 0.13630037
v -0.537635028 -0.937221348 -1.0091821 0.33062607 0.224688306 0.132187963
v -0.090241164 0.137367919 -0.569581747 0.340346336 0.231791556 0.13630037
v -0.943272054 -1.14503074 -0.320336848 0.37356168 0.256064296 0.150353014
v -0.421260715 -0.854629815 -0.524783611 0.340346336 0.231791556 0.13630037
v -0.735865235 -0.156119078 -0.443676263 0.37356168 0.256064296 0.150353014
v -0.658884227 -0.0241311211 0.0657285899 0.392646998 0.270011276 0.158427581
v -0.735865235 -0.156119078 -0.443676263 0.37356168 0.256064296 0.150353014
v -0.727829158 -0.939317942 0.252917111 0.392646998 0.270011276 0.158427581
v -0.943272054 -1.14503074 -0.320336848 0.37356168 0.256064296 0.150353014
v -0.331332147 0.148575187 0.394667506 0.419999987 0.289999992 0.170000002
v -0.658884227 -0.0241311211 0.0657285899 0.392646998 0.270011276 0.158427581
v -0.290026546 -0.960253298 0.395700723 0.419999987 0.289999992 0.170000002
v -0.727829158 -0.939317942 0.252917111 0.392646998 0.270011276 0.158427581
v -0.290026546 -0.960253298 0.395700723 0.160555705 0.100406103 0.0602351092
v -0.198826134 -0.888983905 1.15612781 0.176251143 0.11187584 0.0668754876
v -0.0222713966 -1.4534272 1.10670292 0.176251143 0.11187584 0.0668754876
v -0.127230778 -1.82621145 0.323509634 0.160555705 0.100406103 0.0602351092
v -0.198826134 -0.888983905 1.15612781 0.176251143 0.11187584 0.0668754876
v 0.0506711677 -0.773773074 1.6450628 0.184378549 0.117815092 0.0703139976
v -0.0222713966 -1.4534272 1.10670292 0.176251143 0.11187584 0.0668754876
v 0.322411984 -1.35244083 1.55336273 0.184378549 0.117815092 0.0703139976
v 0.393300235 -0.777127326 1.54215324 0.192498788 0.123749122 0.0737494901
v 0.322411984 -1.35244083 1.55336273 0.184378549 0.117815092 0.0703139976
v 0.720683753 -1.28411913 1.42300344 0.192498788 0.123749122 0.0737494901
v 0.0506711677 -0.773773074 1.6450628 0.184378549 0.117815092 0.0703139976
v 0.393300235 -0.777127326 1.54215324 0.192498788 0.123749122 0.0737494901
v 0.613662422 -0.811123729 0.4966847 0.204836279 0.13276498 0.0789691955
v 0.630809247 -1.63832736 0.281584114 0.204836279 0.13276498 0.0789691955
v 0.720683753 -1.28411913 1.42300344 0.192498788 0.123749122 0.0737494901
v 1.12807906 -0.939065933 0.850264013 0.216874883 0.141562417 0.0840624571
v 1.28512764 -1.4144268 0.476384729 0.216874883 0.141562417 0.0840624571
v 0.630809247 -1.63832736 0.281584114 0.204836279 0.13276498 0.0789691955
v 0.613662422 -0.811123729 0.4966847 0.204836279 0.13276498 0.0789691955
v 1.28237522 -0.89932847 0.597882628 0.225000039 0.147500038 0.0875000209
v 1.41044033 -1.32702971 0.259173453 0.225000039 0.147500038 0.0875000209
v 1.28512764 -1.4144268 0.476384729 0.216874883 0.141562417 0.0840624571
v 1.12807906 -0.939065933 0.850264013 0.216874883 0.141562417 0.0840624571
v 0.717366755 -0.846793652 0.0581122823 0.234775603 0.154643714 0.0916358307
v 0.651348591 -1.78368795 -0.136765718 0.234775603 0.154643714 0.0916358307
v 1.41044033 -1.32702971 0.259173453 0.225000039 0.147500038 0.0875000209
v 1.28237522 -0.89932847 0.597882628 0.225000039 0.147500038 0.0875000209
v 1.15791488 -0.938719273 0.0541118197 0.249374077 0.165311843 0.0978121161
v 0.99366647 -1.82121825 -0.0765734687 0.249374077 0.165311843 0.0978121161
v 0.651348591 -1.78368795 -0.136765718 0.234775603 0.154643714 0.0916358307
v 0.717366755 -0.846793652 0.0581122823 0.234775603 0.154643714 0.0916358307
v 1.15791488 -0.938719273 0.0541118197 0.249374077 0.165311843 0.0978121161
v 1.35629642 -0.98584491 -0.165439412 0.257501304 0.171250954 0.101250544
v 0.99366647 -1.82121825 -0.0765734687 0.249374077 0.165311843 0.0978121161
v 1.18861568 -1.77184451 -0.375903934 0.257501304 0.171250954 0.101250544
v 1.16959727 -0.904301524 -0.514966607 0.265621513 0.177184969 0.104686029
v 1.03186929 -1.58001196 -0.706379175 0.265621513 0.177184969 0.104686029
v 1.18861568 -1.77184451 -0.375903934 0.257501304 0.171250954 0.101250544
v 1.35629642 -0.98584491 -0.165439412 0.257501304 0.171250954 0.101250544
v 0.781789303 -0.954480708 -0.403049678 0.273748964 0.183124244 0.108124554
v 0.60447216 -1.83643472 -0.46299842 0.273748964 0.183124244 0.108124554
v 1.03186929 -1.58001196 -0.706379175 0.265621513 0.177184969 0.104686029
v 1.16959727 -0.904301524 -0.514966607 0.265621513 0.177184969 0.104686029
v 0.820114613 -0.979759991 -0.614589572 0.29056257 0.195411131 0.115238018
v 0.665513456 -1.82340157 -0.602550626 0.29056257 0.195411131 0.115238018
v 0.60447216 -1.83643472 -0.46299842 0.273748964 0.183124244 0.108124554
v 0.781789303 -0.954480708 -0.403049678 0.273748964 0.183124244 0.108124554
v 0.22686629 -0.916522324 -0.681049585 0.309411645 0.209185421 0.123212606
v 0.192748085 -1.93947875 -0.515273929 0.309411645 0.209185421 0.123212606
v 0.665513456 -1.82340157 -0.602550626 0.29056257 0.195411131 0.115238018
v 0.820114613 -0.979759991 -0.614589572 0.29056257 0.195411131 0.115238018
v 0.22686629 -0.916522324 -0.681049585 0.309411645 0.209185421 0.123212606
v -0.174739152 -0.961940825 -1.04184353 0.322498858 0.218749195 0.12874952
v 0.192748085 -1.93947875 -0.515273929 0.309411645 0.209185421 0.123212606
v -0.434115469 -1.75228834 -0.849809825 0.322498858 0.218749195 0.12874952
v -0.174739152 -0.961940825 -1.04184353 0.322498858 0.218749195 0.12874952
v -0.537635028 -0.937221348 -1.0091821 0.33062607 0.224688306 0.132187963
v -0.434115469 -1.75228834 -0.849809825 0.322498858 0.218749195 0.12874952
v -0.775038838 -1.51423872 -0.839499116 0.33062607 0.224688306 0.132187963
v -0.421260715 -0.854629815 -0.524783611 0.340346336 0.231791556 0.13630037
v -0.54574424 -1.80344951 -0.343852013 0.340346336 0.231791556 0.13630037
v -0.775038838 -1.51423872 -0.839499116 0.33062607 0.224688306 0.132187963
v -0.537635028 -0.937221348 -1.0091821 0.33062607 0.224688306 0.132187963
v -0.943272054 -1.14503074 -0.320336848 0.37356168 0.256064296 0.150353014
v -0.909203112 -1.7753346 -0.119918711 0.37356168 0.256064296 0.150353014
v -0.54574424 -1.80344951 -0.343852013 0.340346336 0.231791556 0.13630037
v -0.421260715 -0.854629815 -0.524783611 0.340346336 0.231791556 0.13630037
v -0.727829158 -0.939317942 0.252917111 0.392646998 0.270011276 0.158427581
v -0.689764202 -1.76915836 0.336894721 0.392646998 0.270011276 0.158427581
v -0.909203112 -1.7753346 -0.119918711 0.37356168 0.256064296 0.150353014
v -0.943272054 -1.14503074 -0.320336848 0.37356168 0.256064296 0.150353014
v -0.290026546 -0.960253298 0.395700723 0.419999987 0.289999992 0.170000002
v -0.727829158 -0.939317942 0.252917111 0.392646998 0.270011276 0.158427581
v -0.127230778 -1.82621145 0.323509634 0.419999987 0.289999992 0.170000002
v -0.689764202 -1.76915836 0.336894721 0.392646998 0.270011276 0.158427581
v -0.0222713966 -1.4534272 1.10670292 0.176251143 0.11187584 0.0668754876
v 0.183540672 -2.67007494 0.663859785 0.176251143 0.11187584 0.0668754876
v -0.0496994853 -2.88300943 0.180469438 0.160555705 0.100406103 0.0602351092
v -0.127230778 -1.82621145 0.323509634 0.160555705 0.100406103 0.0602351092
v -0.0222713966 -1.4534272 1.10670292 0.176251143 0.11187584 0.0668754876
v 0.322411984 -1.35244083 1.55336273 0.184378549 0.117815092 0.0703139976
v 0.183540672 -2.67007494 0.663859785 0.176251143 0.11187584 0.0668754876
v 0.40524146 -2.14981771 1.23016524 0.184378549 0.117815092 0.0703139976
v 0.322411984 -1.35244083 1.55336273 0.184378549 0.117815092 0.0703139976
v 0.720683753 -1.28411913 1.42300344 0.192498788 0.123749122 0.0737494901
v 0.40524146 -2.14981771 1.23016524 0.184378549 0.117815092 0.0703139976
v 0.963945925 -1.91940856 1.19428754 0.192498788 0.123749122 0.0737494901
v 0.630809247 -1.63832736 0.281584114 0.204836279 0.13276498 0.0789691955
v 0.57397151 -2.64931846 0.0469155423 0.204836279 0.13276498 0.0789691955
v 0.963945925 -1.91940856 1.19428754 0.192498788 0.123749122 0.0737494901
v 0.720683753 -1.28411913 1.42300344 0.192498788 0.123749122 0.0737494901
v 1.28512764 -1.4144268 0.476384729 0.216874883 0.141562417 0.0840624571
v 1.17190564 -2.2614069 0.124255419 0.216874883 0.141562417 0.0840624571
v 0.57397151 -2.64931846 0.0469155423 0.204836279 0.13276498 0.0789691955
v 0.630809247 -1.63832736 0.281584114 0.204836279 0.13276498 0.0789691955
v 1.41044033 -1.32702971 0.259173453 0.225000039 0.147500038 0.0875000209
v 1.17190564 -2.2614069 0.124255419 0.216874883 0.141562417 0.0840624571
v 1.34172654 -1.94736552 0.0105578592 0.225000039 0.147500038 0.0875000209
v 1.28512764 -1.4144268 0.476384729 0.216874883 0.141562417 0.0840624571
v 0.651348591 -1.78368795 -0.136765718 0.234775603 0.154643714 0.0916358307
v 0.473232448 -2.70574999 -0.21073845 0.234775603 0.154643714 0.0916358307
v 1.34172654 -1.94736552 0.0105578592 0.225000039 0.147500038 0.0875000209
v 1.41044033 -1.32702971 0.259173453 0.225000039 0.147500038 0.0875000209
v 0.99366647 -1.82121825 -0.0765734687 0.249374077 0.165311843 0.0978121161
v 0.590575337 -2.70308232 -0.184377253 0.249374077 0.165311843 0.0978121161
v 0.473232448 -2.70574999 -0.21073845 0.234775603 0.154643714 0.0916358307
v 0.651348591 -1.78368795 -0.136765718 0.234775603 0.154643714 0.0916358307
v 0.99366647 -1.82121825 -0.0765734687 0.249374077 0.165311843 0.0978121161
v 1.18861568 -1.77184451 -0.375903934 0.257501304 0.171250954 0.101250544
v 0.922394633 -2.43143082 -0.443175524 0.257501304 0.171250954 0.101250544
v 0.590575337 -2.70308232 -0.184377253 0.249374077 0.165311843 0.0978121161
v 1.03186929 -1.58001196 -0.706379175 0.265621513 0.177184969 0.104686029
v 0.786562502 -2.10316682 -0.776771009 0.265621513 0.177184969 0.104686029
v 0.922394633 -2.43143082 -0.443175524 0.257501304 0.171250954 0.101250544
v 1.18861568 -1.77184451 -0.375903934 0.257501304 0.171250954 0.101250544
v 0.60447216 -1.83643472 -0.46299842 0.273748964 0.183124244 0.108124554
v 0.364569217 -2.74299693 -0.409622222 0.273748964 0.183124244 0.108124554
v 0.786562502 -2.10316682 -0.776771009 0.265621513 0.177184969 0.104686029
v 1.03186929 -1.58001196 -0.706379175 0.265621513 0.177184969 0.104686029
v 0.665513456 -1.82340157 -0.602550626 0.29056257 0.195411131 0.115238018
v 0.4324871 -2.68978071 -0.481444776 0.29056257 0.195411131 0.115238018
v 0.364569217 -2.74299693 -0.409622222 0.273748964 0.183124244 0.108124554
v 0.60447216 -1.83643472 -0.46299842 0.273748964 0.183124244 0.108124554
v 0.192748085 -1.93947875 -0.515273929 0.309411645 0.209185421 0.123212606
v 0.0598925538 -2.96103811 -0.310795873 0.309411645 0.209185421 0.123212606
v 0.4324871 -2.68978071 -0.481444776 0.29056257 0.195411131 0.115238018
v 0.665513456 -1.82340157 -0.602550626 0.29056257 0.195411131 0.115238018
v 0.192748085 -1.93947875 -0.515273929 0.309411645 0.209185421 0.123212606
v -0.434115469 -1.75228834 -0.849809825 0.322498858 0.218749195 0.12874952
v 0.0598925538 -2.96103811 -0.310795873 0.309411645 0.209185421 0.123212606
v -0.47739628 -2.6883266 -0.534228623 0.322498858 0.218749195 0.12874952
v -0.434115469 -1.75228834 -0.849809825 0.322498858 0.218749195 0.12874952
v -0.775038838 -1.51423872 -0.839499116 0.33062607 0.224688306 0.132187963
v -0.47739628 -2.6883266 -0.534228623 0.322498858 0.218749195 0.12874952
v -0.835205257 -2.26497078 -0.48871389 0.33062607 0.224688306 0.132187963
v -0.54574424 -1.80344951 -0.343852013 0.340346336 0.231791556 0.13630037
v -0.463233888 -2.70607829 -0.151409075 0.340346336 0.231791556 0.13630037
v -0.835205257 -2.26497078 -0.48871389 0.33062607 0.224688306 0.132187963
v -0.775038838 -1.51423872 -0.839499116 0.33062607 0.224688306 0.132187963
v -0.909203112 -1.7753346 -0.119918711 0.37356168 0.256064296 0.150353014
v -0.69640696 -2.67332125 0.043840792 0.37356168 0.256064296 0.150353014
v -0.463233888 -2.70607829 -0.151409075 0.340346336 0.231791556 0.13630037
v -0.54574424 -1.80344951 -0.343852013 0.340346336 0.231791556 0.13630037
v -0.689764202 -1.76915836 0.336894721 0.392646998 0.270011276 0.158427581
v -0.514599264 -2.6214087 0.324560404 0.392646998 0.270011276 0.158427581
v -0.69640696 -2.67332125 0.043840792 0.37356168 0.256064296 0.150353014
v -0.909203112 -1.7753346 -0.119918711 0.37356168 0.256064296 0.150353014
v -0.127230778 -1.82621145 0.323509634 0.419999987 0.289999992 0.170000002
v -0.0496994853 -2.88300943 0.180469438 0.419999987 0.289999992 0.170000002
v -0.514599264 -2.6214087 0.324560404 0.392646998 0.270011276 0.158427581
v -0.689764202 -1.76915836 0.336894721 0.392646998 0.270011276 0.158427581
v 0.183540672 -2.67007494 0.663859785 0.176251143 0.11187584 0.0668754876
v 0.111990489 -3.50726891 0.31134662 0.176251143 0.11187584 0.0668754876
v 0.00555830775 -3.59521794 0.116012596 0.160555705 0.100406103 0.0602351092
v -0.0496994853 -2.88300943 0.180469438 0.160555705 0.100406103 0.0602351092
v 0.183540672 -2.67007494 0.663859785 0.176251143 0.11187584 0.0668754876
v 0.40524146 -2.14981771 1.23016524 0.184378549 0.117815092 0.0703139976
v 0.111990489 -3.50726891 0.31134662 0.176251143 0.11187584 0.0668754876
v 0.408427984 -3.0939672 0.657814741 0.184378549 0.117815092 0.0703139976
v 0.40524146 -2.14981771 1.23016524 0.184378549 0.117815092 0.0703139976
v 0.963945925 -1.91940856 1.19428754 0.192498788 0.123749122 0.0737494901
v 0.408427984 -3.0939672 0.657814741 0.184378549 0.117815092 0.0703139976
v 0.98898524 -2.53690338 0.744989395 0.192498788 0.123749122 0.0737494901
v 0.57397151 -2.64931846 0.0469155423 0.204836279 0.13276498 0.0789691955
v 0.399452716 -3.38510466 -0.013400563 0.204836279 0.13276498 0.0789691955
v 0.98898524 -2.53690338 0.744989395 0.192498788 0.123749122 0.0737494901
v 0.963945925 -1.91940856 1.19428754 0.192498788 0.123749122 0.0737494901
v 1.17190564 -2.2614069 0.124255419 0.216874883 0.141562417 0.0840624571
v 0.797181368 -2.98650265 -0.113038227 0.216874883 0.141562417 0.0840624571
v 0.399452716 -3.38510466 -0.013400563 0.204836279 0.13276498 0.0789691955
v 0.57397151 -2.64931846 0.0469155423 0.204836279 0.13276498 0.0789691955
v 1.17190564 -2.2614069 0.124255419 0.216874883 0.141562417 0.0840624571
v 1.34172654 -1.94736552 0.0105578592 0.225000039 0.147500038 0.0875000209
v 0.797181368 -2.98650265 -0.113038227 0.216874883 0.141562417 0.0840624571
v 1.03862524 -2.69294024 -0.162460312 0.225000039 0.147500038 0.0875000209
v 0.473232448 -2.70574999 -0.21073845 0.234775603 0.154643714 0.0916358307
v 0.217652157 -3.55496931 -0.161859602 0.234775603 0.154643714 0.0916358307
v 1.03862524 -2.69294024 -0.162460312 0.225000039 0.147500038 0.0875000209
v 1.34172654 -1.94736552 0.0105578592 0.225000039 0.147500038 0.0875000209
v 0.590575337 -2.70308232 -0.184377253 0.249374077 0.165311843 0.0978121161
v 0.255064934 -3.60282922 -0.110823169 0.249374077 0.165311843 0.0978121161
v 0.217652157 -3.55496931 -0.161859602 0.234775603 0.154643714 0.0916358307
v 0.473232448 -2.70574999 -0.21073845 0.234775603 0.154643714 0.0916358307
v 0.922394633 -2.43143082 -0.443175524 0.257501304 0.171250954 0.101250544
v 0.456715345 -3.29721713 -0.346344501 0.257501304 0.171250954 0.101250544
v 0.255064934 -3.60282922 -0.110823169 0.249374077 0.165311843 0.0978121161
v 0.590575337 -2.70308232 -0.184377253 0.249374077 0.165311843 0.0978121161
v 0.786562502 -2.10316682 -0.776771009 0.265621513 0.177184969 0.104686029
v 0.456715345 -3.29721713 -0.346344501 0.257501304 0.171250954 0.101250544
v 0.451512933 -2.91825962 -0.629445791 0.265621513 0.177184969 0.104686029
v 0.922394633 -2.43143082 -0.443175524 0.257501304 0.171250954 0.101250544
v 0.364569217 -2.74299693 -0.409622222 0.273748964 0.183124244 0.108124554
v 0.121687189 -3.55778408 -0.236462161 0.273748964 0.183124244 0.108124554
v 0.451512933 -2.91825962 -0.629445791 0.265621513 0.177184969 0.104686029
v 0.786562502 -2.10316682 -0.776771009 0.265621513 0.177184969 0.104686029
v 0.4324871 -2.68978071 -0.481444776 0.29056257 0.195411131 0.115238018
v 0.158576474 -3.50264525 -0.274330378 0.29056257 0.195411131 0.115238018
v 0.121687189 -3.55778408 -0.236462161 0.273748964 0.183124244 0.108124554
v 0.364569217 -2.74299693 -0.409622222 0.273748964 0.183124244 0.108124554
v 0.0598925538 -2.96103811 -0.310795873 0.309411645 0.209185421 0.123212606
v 0.00432046643 -3.72474694 -0.148097798 0.309411645 0.209185421 0.123212606
v 0.158576474 -3.50264525 -0.274330378 0.29056257 0.195411131 0.115238018
v 0.4324871 -2.68978071 -0.481444776 0.29056257 0.195411131 0.115238018
v 0.0598925538 -2.96103811 -0.310795873 0.309411645 0.209185421 0.123212606
v -0.47739628 -2.6883266 -0.534228623 0.322498858 0.218749195 0.12874952
v 0.00432046643 -3.72474694 -0.148097798 0.309411645 0.209185421 0.123212606
v -0.295030922 -3.51591802 -0.217256039 0.322498858 0.218749195 0.12874952
v -0.47739628 -2.6883266 -0.534228623 0.322498858 0.218749195 0.12874952
v -0.835205257 -2.26497078 -0.48871389 0.33062607 0.224688306 0.132187963
v -0.295030922 -3.51591802 -0.217256039 0.322498858 0.218749195 0.12874952
v -0.595754266 -3.13500118 -0.197674453 0.33062607 0.224688306 0.132187963
v -0.463233888 -2.70607829 -0.151409075 0.340346336 0.231791556 0.13630037
v -0.249018058 -3.48806453 -0.0432436429 0.340346336 0.231791556 0.13630037
v -0.595754266 -3.13500118 -0.197674453 0.33062607 0.224688306 0.132187963
v -0.835205257 -2.26497078 -0.48871389 0.33062607 0.224688306 0.132187963
v -0.69640696 -2.67332125 0.043840792 0.37356168 0.256064296 0.150353014
v -0.374916255 -3.49004006 0.116843469 0.37356168 0.256064296 0.150353014
v -0.249018058 -3.48806453 -0.0432436429 0.340346336 0.231791556 0.13630037
v -0.463233888 -2.70607829 -0.151409075 0.340346336 0.231791556 0.13630037
v -0.514599264 -2.6214087 0.324560404 0.392646998 0.270011276 0.158427581
v -0.232983619 -3.46721005 0.259817898 0.392646998 0.270011276 0.158427581
v -0.374916255 -3.49004006 0.116843469 0.37356168 0.256064296 0.150353014
v -0.69640696 -2.67332125 0.043840792 0.37356168 0.256064296 0.150353014
v -0.0496994853 -2.88300943 0.180469438 0.419999987 0.289999992 0.170000002
v 0.00555830775 -3.59521794 0.116012596 0.419999987 0.289999992 0.170000002
v -0.232983619 -3.46721005 0.259817898 0.392646998 0.270011276 0.158427581
v -0.514599264 -2.6214087 0.324560404 0.392646998 0.270011276 0.158427581
v 0.085147813 -4.02091122 0.0891821533 0.176251143 0.11187584 0.0668754876
v 0.111990489 -3.50726891 0.31134662 0.176251143 0.11187584 0.0668754876
v 0.00555830775 -3.59521794 0.116012596 0.160555705 0.100406103 0.0602351092
v 0.0342356935 -4.05285454 0.02722775 0.160555705 0.100406103 0.0602351092
v 0.085147813 -4.02091122 0.0891821533 0.176251143 0.11187584 0.0668754876
v 0.225840688 -3.86740589 0.24568817 0.184378549 0.117815092 0.0703139976
v 0.111990489 -3.50726891 0.31134662 0.176251143 0.11187584 0.0668754876
v 0.408427984 -3.0939672 0.657814741 0.184378549 0.117815092 0.0703139976
v 0.225840688 -3.86740589 0.24568817 0.184378549 0.117815092 0.0703139976
v 0.408427984 -3.0939672 0.657814741 0.184378549 0.117815092 0.0703139976
v 0.98898524 -2.53690338 0.744989395 0.192498788 0.123749122 0.0737494901
v 0.672052681 -3.28955817 0.317984104 0.192498788 0.123749122 0.0737494901
v 0.672052681 -3.28955817 0.317984104 0.192498788 0.123749122 0.0737494901
v 0.399452716 -3.38510466 -0.013400563 0.204836279 0.13276498 0.0789691955
v 0.98898524 -2.53690338 0.744989395 0.192498788 0.123749122 0.0737494901
v 0.126466408 -3.98415542 -0.0268528592 0.204836279 0.13276498 0.0789691955
v 0.126466408 -3.98415542 -0.0268528592 0.204836279 0.13276498 0.0789691955
v 0.319837153 -3.83652186 -0.12166968 0.216874883 0.141562417 0.0840624571
v 0.797181368 -2.98650265 -0.113038227 0.216874883 0.141562417 0.0840624571
v 0.399452716 -3.38510466 -0.013400563 0.204836279 0.13276498 0.0789691955
v 0.319837153 -3.83652186 -0.12166968 0.216874883 0.141562417 0.0840624571
v 0.797181368 -2.98650265 -0.113038227 0.216874883 0.141562417 0.0840624571
v 1.03862524 -2.69294024 -0.162460312 0.225000039 0.147500038 0.0875000209
v 0.641473293 -3.31602073 -0.246820018 0.225000039 0.147500038 0.0875000209
v 0.641473293 -3.31602073 -0.246820018 0.225000039 0.147500038 0.0875000209
v 0.217652157 -3.55496931 -0.161859602 0.234775603 0.154643714 0.0916358307
v 1.03862524 -2.69294024 -0.162460312 0.225000039 0.147500038 0.0875000209
v 0.0674800128 -4.05434227 -0.0861981437 0.234775603 0.154643714 0.0916358307
v 0.0674800128 -4.05434227 -0.0861981437 0.234775603 0.154643714 0.0916358307
v 0.255064934 -3.60282922 -0.110823169 0.249374077 0.165311843 0.0978121161
v 0.217652157 -3.55496931 -0.161859602 0.234775603 0.154643714 0.0916358307
v 0.097084932 -4.05248547 -0.0573389865 0.249374077 0.165311843 0.0978121161
v 0.097084932 -4.05248547 -0.0573389865 0.249374077 0.165311843 0.0978121161
v 0.13069196 -4.02460957 -0.152449995 0.257501304 0.171250954 0.101250544
v 0.456715345 -3.29721713 -0.346344501 0.257501304 0.171250954 0.101250544
v 0.255064934 -3.60282922 -0.110823169 0.249374077 0.165311843 0.0978121161
v 0.13069196 -4.02460957 -0.152449995 0.257501304 0.171250954 0.101250544
v 0.456715345 -3.29721713 -0.346344501 0.257501304 0.171250954 0.101250544
v 0.451512933 -2.91825962 -0.629445791 0.265621513 0.177184969 0.104686029
v 0.17959705 -3.74172902 -0.353734314 0.265621513 0.177184969 0.104686029
v 0.17959705 -3.74172902 -0.353734314 0.265621513 0.177184969 0.104686029
v 0.121687189 -3.55778408 -0.236462161 0.273748964 0.183124244 0.108124554
v 0.451512933 -2.91825962 -0.629445791 0.265621513 0.177184969 0.104686029
v 0.0364552476 -4.05441856 -0.112278737 0.273748964 0.183124244 0.108124554
v 0.0364552476 -4.05441856 -0.112278737 0.273748964 0.183124244 0.108124554
v 0.158576474 -3.50264525 -0.274330378 0.29056257 0.195411131 0.115238018
v 0.121687189 -3.55778408 -0.236462161 0.273748964 0.183124244 0.108124554
v 0.0516121201 -4.04724026 -0.120128706 0.29056257 0.195411131 0.115238018
v 0.0516121201 -4.04724026 -0.120128706 0.29056257 0.195411131 0.115238018
v 0.0179341398 -4.1000514 -0.0867331401 0.309411645 0.209185421 0.123212606
v 0.00432046643 -3.72474694 -0.148097798 0.309411645 0.209185421 0.123212606
v 0.158576474 -3.50264525 -0.274330378 0.29056257 0.195411131 0.115238018
v 0.0179341398 -4.1000514 -0.0867331401 0.309411645 0.209185421 0.123212606
v -0.148587629 -4.03985977 -0.0664002672 0.322498858 0.218749195 0.12874952
v 0.00432046643 -3.72474694 -0.148097798 0.309411645 0.209185421 0.123212606
v -0.295030922 -3.51591802 -0.217256039 0.322498858 0.218749195 0.12874952
v -0.148587629 -4.03985977 -0.0664002672 0.322498858 0.218749195 0.12874952
v -0.295030922 -3.51591802 -0.217256039 0.322498858 0.218749195 0.12874952
v -0.595754266 -3.13500118 -0.197674453 0.33062607 0.224688306 0.132187963
v -0.270968109 -3.90604687 -0.0280043427 0.33062607 0.224688306 0.132187963
v -0.270968109 -3.90604687 -0.0280043427 0.33062607 0.224688306 0.132187963
v -0.249018058 -3.48806453 -0.0432436429 0.340346336 0.231791556 0.13630037
v -0.595754266 -3.13500118 -0.197674453 0.33062607 0.224688306 0.132187963
v -0.123433523 -4.00976658 -0.0159629919 0.340346336 0.231791556 0.13630037
v -0.123433523 -4.00976658 -0.0159629919 0.340346336 0.231791556 0.13630037
v -0.374916255 -3.49004006 0.116843469 0.37356168 0.256064296 0.150353014
v -0.249018058 -3.48806453 -0.0432436429 0.340346336 0.231791556 0.13630037
v -0.135601684 -4.04753113 0.0795426443 0.37356168 0.256064296 0.150353014
v -0.135601684 -4.04753113 0.0795426443 0.37356168 0.256064296 0.150353014
v -0.232983619 -3.46721005 0.259817898 0.392646998 0.270011276 0.158427581
v -0.374916255 -3.49004006 0.116843469 0.37356168 0.256064296 0.150353014
v -0.0827305466 -4.00942755 0.13371475 0.392646998 0.270011276 0.158427581
v 0.0342356935 -4.05285454 0.02722775 0.419999987 0.289999992 0.170000002
v -0.0827305466 -4.00942755 0.13371475 0.392646998 0.270011276 0.158427581
v 0.00555830775 -3.59521794 0.116012596 0.419999987 0.289999992 0.170000002
v -0.232983619 -3.46721005 0.259817898 0.392646998 0.270011276 0.158427581
v -0.331332147 0.148575187 0.394667506 0.419999987 0.289999992 0.170000002
v -0.658884227 -0.0241311211 0.0657285899 0.392646998 0.270011276 0.158427581
v -0.540445089 0.92777884 0.131885946 0.419999987 0.289999992 0.170000002
v -0.658884227 -0.0241311211 0.0657285899 0.392646998 0.270011276 0.158427581
v -0.735865235 -0.156119078 -0.443676263 0.37356168 0.256064296 0.150353014
v -0.332967788 1.27060366 -0.382587999 0.384746075 0.264237523 0.155084878
v -0.735865235 -0.156119078 -0.443676263 0.37356168 0.256064296 0.150353014
v -0.332967788 1.27060366 -0.382587999 0.384746075 0.264237523 0.155084878
v -0.259845674 1.21602654 -0.628432095 0.37169677 0.254701495 0.149564013
v -0.259845674 1.21602654 -0.628432095 0.37169677 0.254701495 0.149564013
v -0.0312930942 0.761788905 -0.522830784 0.347761154 0.237210065 0.139437407
v -0.735865235 -0.156119078 -0.443676263 0.37356168 0.256064296 0.150353014
v -0.090241164 0.137367919 -0.569581747 0.340346336 0.231791556 0.13630037
v -0.0312930942 0.761788905 -0.522830784 0.347761154 0.237210065 0.139437407
v -0.735865235 -0.156119078 -0.443676263 0.37356168 0.256064296 0.150353014
v -0.090241164 0.137367919 -0.569581747 0.340346336 0.231791556 0.13630037
v -0.0191353597 -0.0197657868 -0.956826091 0.33062607 0.224688306 0.132187963
v -0.0312930942 0.761788905 -0.522830784 0.347761154 0.237210065 0.139437407
v 0.296840131 0.972153544 -0.725778341 0.33062607 0.224688306 0.132187963
v -0.0191353597 -0.0197657868 -0.956826091 0.33062607 0.224688306 0.132187963
v 0.138518855 -0.0734159499 -1.02687907 0.322498858 0.218749195 0.12874952
v 0.296840131 0.972153544 -0.725778341 0.33062607 0.224688306 0.132187963
v 0.495315343 0.955054283 -0.693830967 0.322498858 0.218749195 0.12874952
v 0.328538418 0.134222567 -0.595290482 0.309411645 0.209185421 0.123212606
v 0.495315343 0.955054283 -0.693830967 0.322498858 0.218749195 0.12874952
v 0.59115845 0.930972278 -0.4796184 0.314378649 0.212815166 0.125314042
v 0.138518855 -0.0734159499 -1.02687907 0.322498858 0.218749195 0.12874952
v 0.328538418 0.134222567 -0.595290482 0.309411645 0.209185421 0.123212606
v 0.59115845 0.930972278 -0.4796184 0.314378649 0.212815166 0.125314042
v 0.553907216 1.09969187 -0.255447954 0.304749519 0.205778509 0.121240184
v 0.328538418 0.134222567 -0.595290482 0.309411645 0.209185421 0.123212606
v 0.765416026 -0.0300048925 -0.541471422 0.29056257 0.195411131 0.115238018
v 0.553907216 1.09969187 -0.255447954 0.304749519 0.205778509 0.121240184
v 0.765416026 -0.0300048925 -0.541471422 0.29056257 0.195411131 0.115238018
v 0.553907216 1.09969187 -0.255447954 0.304749519 0.205778509 0.121240184
v 0.662567019 1.00679672 -0.0853012204 0.288190305 0.193677545 0.114234358
v 0.765416026 -0.0300048925 -0.541471422 0.29056257 0.195411131 0.115238018
v 0.719251633 0.00250133965 -0.325999409 0.273748964 0.183124244 0.108124554
v 0.662567019 1.00679672 -0.0853012204 0.288190305 0.193677545 0.114234358
v 0.544813097 1.36086917 0.230719849 0.274179727 0.183439046 0.10830681
v 1.15648723 -0.203687623 -0.211301863 0.265621513 0.177184969 0.104686029
v 0.551520288 1.51543128 0.431269139 0.266509533 0.177833885 0.105061725
v 0.544813097 1.36086917 0.230719849 0.274179727 0.183439046 0.10830681
v 0.719251633 0.00250133965 -0.325999409 0.273748964 0.183124244 0.108124554
v 1.15648723 -0.203687623 -0.211301863 0.265621513 0.177184969 0.104686029
v 1.29678571 -0.369111389 0.0761902332 0.257501304 0.171250954 0.101250544
v 0.551520288 1.51543128 0.431269139 0.266509533 0.177833885 0.105061725
v 0.675162435 1.0856173 0.555295527 0.25552702 0.169808209 0.100415275
v 1.29678571 -0.369111389 0.0761902332 0.257501304 0.171250954 0.101250544
v 1.15823638 -0.275171816 0.317753851 0.249374077 0.165311843 0.0978121161
v 0.675162435 1.0856173 0.555295527 0.25552702 0.169808209 0.100415275
v 1.15823638 -0.275171816 0.317753851 0.249374077 0.165311843 0.0978121161
v 0.580826581 0.190192655 0.315635175 0.234775603 0.154643714 0.0916358307
v 0.317483306 0.858887076 0.540977657 0.235557348 0.155214995 0.0919665769
v 0.675162435 1.0856173 0.555295527 0.25552702 0.169808209 0.100415275
v 0.884157062 -0.162281752 0.848531902 0.225000039 0.147500038 0.0875000209
v 0.196329594 0.974466264 0.779542625 0.225000039 0.147500038 0.0875000209
v 0.317483306 0.858887076 0.540977657 0.235557348 0.155214995 0.0919665769
v 0.580826581 0.190192655 0.315635175 0.234775603 0.154643714 0.0916358307
v 0.884157062 -0.162281752 0.848531902 0.225000039 0.147500038 0.0875000209
v 0.635046542 -0.188982159 1.20098662 0.216874883 0.141562417 0.0840624571
v 0.196329594 0.974466264 0.779542625 0.225000039 0.147500038 0.0875000209
v 0.0210766587 0.990831733 0.987564981 0.216874883 0.141562417 0.0840624571
v 0.228023738 0.159588829 0.657920599 0.204836279 0.13276498 0.0789691955
v -0.138190269 0.913638115 0.602615595 0.205025539 0.132903278 0.0790492669
v 0.0210766587 0.990831733 0.987564981 0.216874883 0.141562417 0.0840624571
v 0.635046542 -0.188982159 1.20098662 0.216874883 0.141562417 0.0840624571
v 0.0924499109 -0.160601899 1.28501701 0.192498788 0.123749122 0.0737494901
v -0.51937598 1.47359419 0.516492844 0.193864465 0.12474712 0.0743272752
v -0.138190269 0.913638115 0.602615595 0.205025539 0.132903278 0.0790492669
v 0.228023738 0.159588829 0.657920599 0.204836279 0.13276498 0.0789691955
v 0.0924499109 -0.160601899 1.28501701 0.192498788 0.123749122 0.0737494901
v -0.16413714 -0.159845844 1.37504077 0.184378549 0.117815092 0.0703139976
v -0.51937598 1.47359419 0.516492844 0.193864465 0.12474712 0.0743272752
v -0.688140988 1.22089756 0.54309684 0.183396041 0.11709711 0.0698983222
v -0.16413714 -0.159845844 1.37504077 0.184378549 0.117815092 0.0703139976
v -0.414095014 -0.00783984177 1.02274752 0.176251143 0.11187584 0.0668754876
v -0.688140988 1.22089756 0.54309684 0.183396041 0.11709711 0.0698983222
v -0.331332147 0.148575187 0.394667506 0.160555705 0.100406103 0.0602351092
v -0.414095014 -0.00783984177 1.02274752 0.176251143 0.11187584 0.0668754876
v -0.540445089 0.92777884 0.131885946 0.161381125 0.101009287 0.0605843216
v -0.688140988 1.22089756 0.54309684 0.183396041 0.11709711 0.0698983222
v -0.658884227 -0.0241311211 0.0657285899 0.392646998 0.270011276 0.158427581
v -0.540445089 0.92777884 0.131885946 0.419999987 0.289999992 0.170000002
v -0.452434033 1.87479866 -0.176232561 0.419999987 0.289999992 0.170000002
v -0.309871942 2.34009051 -0.497850746 0.403942049 0.278265357 0.163206264
v -0.658884227 -0.0241311211 0.0657285899 0.392646998 0.270011276 0.158427581
v -0.332967788 1.27060366 -0.382587999 0.384746075 0.264237523 0.155084878
v -0.309871942 2.34009051 -0.497850746 0.403942049 0.278265357 0.163206264
v -0.332967788 1.27060366 -0.382587999 0.384746075 0.264237523 0.155084878
v -0.259845674 1.21602654 -0.628432095 0.37169677 0.254701495 0.149564013
v 0.0247100983 2.55208111 -0.500783205 0.383082211 0.263021648 0.154380947
v -0.259845674 1.21602654 -0.628432095 0.37169677 0.254701495 0.149564013
v -0.0312930942 0.761788905 -0.522830784 0.347761154 0.237210065 0.139437407
v 0.216127113 1.57569134 -0.463261515 0.3458516 0.235814631 0.138629526
v -0.0312930942 0.761788905 -0.522830784 0.347761154 0.237210065 0.139437407
v 0.296840131 0.972153544 -0.725778341 0.33062607 0.224688306 0.132187963
v 0.216127113 1.57569134 -0.463261515 0.3458516 0.235814631 0.138629526
v 0.485816509 2.43446207 -0.189855814 0.329816282 0.224096507 0.13184534
v 0.296840131 0.972153544 -0.725778341 0.33062607 0.224688306 0.132187963
v 0.495315343 0.955054283 -0.693830967 0.322498858 0.218749195 0.12874952
v 0.561228931 1.92279112 -0.228354752 0.320412099 0.21722424 0.127866656
v 0.485816509 2.43446207 -0.189855814 0.329816282 0.224096507 0.13184534
v 0.495315343 0.955054283 -0.693830967 0.322498858 0.218749195 0.12874952
v 0.59115845 0.930972278 -0.4796184 0.314378649 0.212815166 0.125314042
v 0.561228931 1.92279112 -0.228354752 0.320412099 0.21722424 0.127866656
v 0.59115845 0.930972278 -0.4796184 0.314378649 0.212815166 0.125314042
v 0.553907216 1.09969187 -0.255447954 0.304749519 0.205778509 0.121240184
v 0.561228931 1.92279112 -0.228354752 0.320412099 0.21722424 0.127866656
v 0.526028037 1.92719698 0.109494381 0.294670582 0.198413119 0.116976008
v 0.553907216 1.09969187 -0.255447954 0.304749519 0.205778509 0.121240184
v 0.662567019 1.00679672 -0.0853012204 0.288190305 0.193677545 0.114234358
v 0.526028037 1.92719698 0.109494381 0.294670582 0.198413119 0.116976008
v 0.662567019 1.00679672 -0.0853012204 0.288190305 0.193677545 0.114234358
v 0.544813097 1.36086917 0.230719849 0.274179727 0.183439046 0.10830681
v 0.526028037 1.92719698 0.109494381 0.294670582 0.198413119 0.116976008
v 0.551520288 1.51543128 0.431269139 0.266509533 0.177833885 0.105061725
v 0.675162435 1.0856173 0.555295527 0.25552702 0.169808209 0.100415275
v 0.203707308 1.99431705 0.574599743 0.253855646 0.16858682 0.0997081548
v 0.317483306 0.858887076 0.540977657 0.235557348 0.155214995 0.0919665769
v 0.203707308 1.99431705 0.574599743 0.253855646 0.16858682 0.0997081548
v -0.101911083 1.96048355 0.499033093 0.229971647 0.151133135 0.0896033943
v 0.675162435 1.0856173 0.555295527 0.25552702 0.169808209 0.100415275
v 0.196329594 0.974466264 0.779542625 0.225000039 0.147500038 0.0875000209
v -0.101911083 1.96048355 0.499033093 0.229971647 0.151133135 0.0896033943
v 0.317483306 0.858887076 0.540977657 0.235557348 0.155214995 0.0919665769
v 0.196329594 0.974466264 0.779542625 0.225000039 0.147500038 0.0875000209
v 0.0210766587 0.990831733 0.987564981 0.216874883 0.141562417 0.0840624571
v -0.101911083 1.96048355 0.499033093 0.229971647 0.151133135 0.0896033943
v -0.419742674 2.17589951 0.488555282 0.216608614 0.141367838 0.0839497969
v -0.138190269 0.913638115 0.602615595 0.205025539 0.132903278 0.0790492669
v -0.419742674 2.17589951 0.488555282 0.216608614 0.141367838 0.0839497969
v -0.385713726 1.89934385 0.32282111 0.203327417 0.131662354 0.0783308297
v 0.0210766587 0.990831733 0.987564981 0.216874883 0.141562417 0.0840624571
v -0.51937598 1.47359419 0.516492844 0.193864465 0.12474712 0.0743272752
v -0.385713726 1.89934385 0.32282111 0.203327417 0.131662354 0.0783308297
v -0.138190269 0.913638115 0.602615595 0.205025539 0.132903278 0.0790492669
v -0.51937598 1.47359419 0.516492844 0.193864465 0.12474712 0.0743272752
v -0.688140988 1.22089756 0.54309684 0.183396041 0.11709711 0.0698983222
v -0.592478573 2.09313846 0.054173056 0.183349863 0.117063366 0.0698787868
v -0.540445089 0.92777884 0.131885946 0.161381125 0.101009287 0.0605843216
v -0.688140988 1.22089756 0.54309684 0.183396041 0.11709711 0.0698983222
v -0.452434033 1.87479866 -0.176232561 0.160650015 0.100475013 0.060275007
v -0.592478573 2.09313846 0.054173056 0.183349863 0.117063366 0.0698787868
v -0.452434033 1.87479866 -0.176232561 0.419999987 0.289999992 0.170000002
v -0.309871942 2.34009051 -0.497850746 0.403942049 0.278265357 0.163206264
v -0.277095139 2.8108561 -0.386315614 0.419999987 0.289999992 0.170000002
v -0.332967788 1.27060366 -0.382587999 0.384746075 0.264237523 0.155084878
v -0.309871942 2.34009051 -0.497850746 0.403942049 0.278265357 0.163206264
v 0.0247100983 2.55208111 -0.500783205 0.383082211 0.263021648 0.154380947
v -0.259845674 1.21602654 -0.628432095 0.37169677 0.254701495 0.149564013
v 0.0247100983 2.55208111 -0.500783205 0.383082211 0.263021648 0.154380947
v 0.356484234 3.55301595 -0.436818957 0.376303315 0.258067816 0.151512951
v -0.259845674 1.21602654 -0.628432095 0.37169677 0.254701495 0.149564013
v 0.216127113 1.57569134 -0.463261515 0.3458516 0.235814631 0.138629526
v 0.356484234 3.55301595 -0.436818957 0.376303315 0.258067816 0.151512951
v 0.407249153 3.3442173 -0.322144866 0.35878253 0.245264143 0.144100294
v 0.216127113 1.57569134 -0.463261515 0.3458516 0.235814631 0.138629526
v 0.407249153 3.3442173 -0.322144866 0.35878253 0.245264143 0.144100294
v 0.464226604 3.23856735 -0.123919956 0.33689329 0.229268163 0.134839475
v 0.216127113 1.57569134 -0.463261515 0.3458516 0.235814631 0.138629526
v 0.485816509 2.43446207 -0.189855814 0.329816282 0.224096507 0.13184534
v 0.464226604 3.23856735 -0.123919956 0.33689329 0.229268163 0.134839475
v 0.561228931 1.92279112 -0.228354752 0.320412099 0.21722424 0.127866656
v 0.343376756 3.50889635 0.130608514 0.311833948 0.21095559 0.124237433
v 0.485816509 2.43446207 -0.189855814 0.329816282 0.224096507 0.13184534
v 0.561228931 1.92279112 -0.228354752 0.320412099 0.21722424 0.127866656
v 0.526028037 1.92719698 0.109494381 0.294670582 0.198413119 0.116976008
v 0.343376756 3.50889635 0.130608514 0.311833948 0.21095559 0.124237433
v 0.526028037 1.92719698 0.109494381 0.294670582 0.198413119 0.116976008
v 0.343376756 3.50889635 0.130608514 0.311833948 0.21095559 0.124237433
v 0.280247539 3.34053493 0.202134639 0.299655735 0.20205611 0.119085118
v 0.544813097 1.36086917 0.230719849 0.274179727 0.183439046 0.10830681
v 0.526028037 1.92719698 0.109494381 0.294670582 0.198413119 0.116976008
v 0.280247539 3.34053493 0.202134639 0.299655735 0.20205611 0.119085118
v 0.0760727152 2.93484092 0.373135835 0.264968097 0.176707476 0.10440959
v 0.551520288 1.51543128 0.431269139 0.266509533 0.177833885 0.105061725
v 0.0760727152 2.93484092 0.373135835 0.264968097 0.176707476 0.10440959
v 0.544813097 1.36086917 0.230719849 0.274179727 0.183439046 0.10830681
v 0.551520288 1.51543128 0.431269139 0.266509533 0.177833885 0.105061725
v 0.203707308 1.99431705 0.574599743 0.253855646 0.16858682 0.0997081548
v 0.0760727152 2.93484092 0.373135835 0.264968097 0.176707476 0.10440959
v 0.203707308 1.99431705 0.574599743 0.253855646 0.16858682 0.0997081548
v -0.101911083 1.96048355 0.499033093 0.229971647 0.151133135 0.0896033943
v -0.274425 2.80650949 0.315734357 0.230407149 0.151451379 0.0897876471
v 0.0760727152 2.93484092 0.373135835 0.264968097 0.176707476 0.10440959
v -0.101911083 1.96048355 0.499033093 0.229971647 0.151133135 0.0896033943
v -0.419742674 2.17589951 0.488555282 0.216608614 0.141367838 0.0839497969
v -0.274425 2.80650949 0.315734357 0.230407149 0.151451379 0.0897876471
v -0.419742674 2.17589951 0.488555282 0.216608614 0.141367838 0.0839497969
v -0.385713726 1.89934385 0.32282111 0.203327417 0.131662354 0.0783308297
v -0.461401701 2.9116528 0.0231771022 0.204295367 0.132369697 0.0787403435
v -0.51937598 1.47359419 0.516492844 0.193864465 0.12474712 0.0743272752
v -0.385713726 1.89934385 0.32282111 0.203327417 0.131662354 0.0783308297
v -0.592478573 2.09313846 0.054173056 0.183349863 0.117063366 0.0698787868
v -0.461401701 2.9116528 0.0231771022 0.204295367 0.132369697 0.0787403435
v -0.452434033 1.87479866 -0.176232561 0.160650015 0.100475013 0.060275007
v -0.277095139 2.8108561 -0.386315614 0.161749184 0.101278253 0.0607400388
v -0.592478573 2.09313846 0.054173056 0.183349863 0.117063366 0.0698787868
v -0.309871942 2.34009051 -0.497850746 0.403942049 0.278265357 0.163206264
v -0.277095139 2.8108561 -0.386315614 0.419999987 0.289999992 0.170000002
v 0.0246552955 3.7557025 -0.56483978 0.419999987 0.289999992 0.170000002
v 0.149529248 3.71938324 -0.621632993 0.406977355 0.280483454 0.164490417
v -0.309871942 2.34009051 -0.497850746 0.403942049 0.278265357 0.163206264
v 0.0247100983 2.55208111 -0.500783205 0.383082211 0.263021648 0.154380947
v 0.356484234 3.55301595 -0.436818957 0.376303315 0.258067816 0.151512951
v 0.149529248 3.71938324 -0.621632993 0.406977355 0.280483454 0.164490417
v 0.464226604 3.23856735 -0.123919956 0.33689329 0.229268163 0.134839475
v 0.343376756 3.50889635 0.130608514 0.311833948 0.21095559 0.124237433
v 0.485816509 2.43446207 -0.189855814 0.329816282 0.224096507 0.13184534
v 0.280247539 3.34053493 0.202134639 0.299655735 0.20205611 0.119085118
v 0.0760727152 2.93484092 0.373135835 0.264968097 0.176707476 0.10440959
v -0.0115377931 3.85242987 0.218777478 0.272705048 0.182361379 0.107682899
v -0.0115377931 3.85242987 0.218777478 0.272705048 0.182361379 0.107682899
v -0.121679321 4.36214113 -0.0129133798 0.247051075 0.163614258 0.0968293026
v 0.0760727152 2.93484092 0.373135835 0.264968097 0.176707476 0.10440959
v -0.274425 2.80650949 0.315734357 0.230407149 0.151451379 0.0897876471
v -0.121679321 4.36214113 -0.0129133798 0.247051075 0.163614258 0.0968293026
v 0.0760727152 2.93484092 0.373135835 0.264968097 0.176707476 0.10440959
v -0.274425 2.80650949 0.315734357 0.230407149 0.151451379 0.0897876471
v -0.121679321 4.36214113 -0.0129133798 0.247051075 0.163614258 0.0968293026
v -0.39057371 3.93555903 -0.222487196 0.215584084 0.140619144 0.0835163444
v -0.419742674 2.17589951 0.488555282 0.216608614 0.141367838 0.0839497969
v -0.274425 2.80650949 0.315734357 0.230407149 0.151451379 0.0897876471
v -0.39057371 3.93555903 -0.222487196 0.215584084 0.140619144 0.0835163444
v -0.419742674 2.17589951 0.488555282 0.216608614 0.141367838 0.0839497969
v -0.461401701 2.9116528 0.0231771022 0.204295367 0.132369697 0.0787403435
v -0.39057371 3.93555903 -0.222487196 0.215584084 0.140619144 0.0835163444
v -0.461401701 2.9116528 0.0231771022 0.204295367 0.132369697 0.0787403435
v -0.39057371 3.93555903 -0.222487196 0.215584084 0.140619144 0.0835163444
v -0.173605025 3.78164768 -0.473788172 0.18354252 0.117204152 0.0699602962
v -0.461401701 2.9116528 0.0231771022 0.204295367 0.132369697 0.0787403435
v -0.173605025 3.78164768 -0.473788172 0.18354252 0.117204152 0.0699602962
v -0.592478573 2.09313846 0.054173056 0.183349863 0.117063366 0.0698787868
v -0.277095139 2.8108561 -0.386315614 0.161749184 0.101278253 0.0607400388
v -0.173605025 3.78164768 -0.473788172 0.18354252 0.117204152 0.0699602962
v -0.592478573 2.09313846 0.054173056 0.183349863 0.117063366 0.0698787868
v -0.277095139 2.8108561 -0.386315614 0.161749184 0.101278253 0.0607400388
v 0.0246552955 3.7557025 -0.56483978 0.159999996 0.100000001 0.0599999987
v -0.173605025 3.78164768 -0.473788172 0.18354252 0.117204152 0.0699602962
v 0.0246552955 3.7557025 -0.56483978 0.419999987 0.289999992 0.170000002
v 0.149529248 3.71938324 -0.621632993 0.406977355 0.280483454 0.164490417
v 0.425340921 4.64245224 -0.519163847 0.419948965 0.289962709 0.16997841
v 0.6679461 4.88469458 -0.434869528 0.397203982 0.273341388 0.160355538
v 0.356484234 3.55301595 -0.436818957 0.376303315 0.258067816 0.151512951
v 0.149529248 3.71938324 -0.621632993 0.406977355 0.280483454 0.164490417
v 0.6679461 4.88469458 -0.434869528 0.397203982 0.273341388 0.160355538
v 0.356484234 3.55301595 -0.436818957 0.376303315 0.258067816 0.151512951
v 0.6679461 4.88469458 -0.434869528 0.397203982 0.273341388 0.160355538
v 0.701346099 5.02398205 -0.246534571 0.372628152 0.255382121 0.149958074
v 0.356484234 3.55301595 -0.436818957 0.376303315 0.258067816 0.151512951
v 0.407249153 3.3442173 -0.322144866 0.35878253 0.245264143 0.144100294
v 0.701346099 5.02398205 -0.246534571 0.372628152 0.255382121 0.149958074
v 0.407249153 3.3442173 -0.322144866 0.35878253 0.245264143 0.144100294
v 0.701346099 5.02398205 -0.246534571 0.372628152 0.255382121 0.149958074
v 0.571157217 4.70818233 0.0642035529 0.337336838 0.229592323 0.135027125
v 0.407249153 3.3442173 -0.322144866 0.35878253 0.245264143 0.144100294
v 0.464226604 3.23856735 -0.123919956 0.33689329 0.229268163 0.134839475
v 0.571157217 4.70818233 0.0642035529 0.337336838 0.229592323 0.135027125
v 0.464226604 3.23856735 -0.123919956 0.33689329 0.229268163 0.134839475
v 0.343376756 3.50889635 0.130608514 0.311833948 0.21095559 0.124237433
v 0.571157217 4.70818233 0.0642035529 0.337336838 0.229592323 0.135027125
v 0.343376756 3.50889635 0.130608514 0.311833948 0.21095559 0.124237433
v 0.571157217 4.70818233 0.0642035529 0.337336838 0.229592323 0.135027125
v 0.353149414 4.78158188 0.168233603 0.311119616 0.210433587 0.123935238
v 0.343376756 3.50889635 0.130608514 0.311833948 0.21095559 0.124237433
v 0.280247539 3.34053493 0.202134639 0.299655735 0.20205611 0.119085118
v 0.353149414 4.78158188 0.168233603 0.311119616 0.210433587 0.123935238
v 0.173259422 4.82518101 0.154732496 0.285906971 0.192008942 0.113268331
v 0.280247539 3.34053493 0.202134639 0.299655735 0.20205611 0.119085118
v -0.0115377931 3.85242987 0.218777478 0.272705048 0.182361379 0.107682899
v 0.173259422 4.82518101 0.154732496 0.285906971 0.192008942 0.113268331
v -0.0115377931 3.85242987 0.218777478 0.272705048 0.182361379 0.107682899
v -0.121679321 4.36214113 -0.0129133798 0.247051075 0.163614258 0.0968293026
v 0.173259422 4.82518101 0.154732496 0.285906971 0.192008942 0.113268331
v -0.121679321 4.36214113 -0.0129133798 0.247051075 0.163614258 0.0968293026
v -0.39057371 3.93555903 -0.222487196 0.215584084 0.140619144 0.0835163444
v -0.0929406807 4.65643787 -0.360280663 0.216242641 0.141100392 0.0837949663
v -0.39057371 3.93555903 -0.222487196 0.215584084 0.140619144 0.0835163444
v -0.173605025 3.78164768 -0.473788172 0.18354252 0.117204152 0.0699602962
v -0.0929406807 4.65643787 -0.360280663 0.216242641 0.141100392 0.0837949663
v -0.173605025 3.78164768 -0.473788172 0.18354252 0.117204152 0.0699602962
v 0.168739691 4.63025904 -0.512786806 0.188024148 0.120479189 0.0718563721
v -0.0929406807 4.65643787 -0.360280663 0.216242641 0.141100392 0.0837949663
v -0.173605025 3.78164768 -0.473788172 0.18354252 0.117204152 0.0699602962
v 0.425340921 4.64245224 -0.519163847 0.161302149 0.100951575 0.0605509095
v 0.168739691 4.63025904 -0.512786806 0.188024148 0.120479189 0.0718563721
v 0.0246552955 3.7557025 -0.56483978 0.159999996 0.100000001 0.0599999987
v -0.173605025 3.78164768 -0.473788172 0.18354252 0.117204152 0.0699602962
v 0.425340921 4.64245224 -0.519163847 0.161302149 0.100951575 0.0605509095
v 0.425340921 4.64245224 -0.519163847 0.419948965 0.289962709 0.16997841
v 0.6679461 4.88469458 -0.434869528 0.397203982 0.273341388 0.160355538
v 0.692154646 5.35791159 -0.682618201 0.418417364 0.288843453 0.169330418
v 0.701346099 5.02398205 -0.246534571 0.372628152 0.255382121 0.149958074
v 0.571157217 4.70818233 0.0642035529 0.337336838 0.229592323 0.135027125
v 0.575226009 5.62620974 -0.184918284 0.334832728 0.227762401 0.133967698
v 0.571157217 4.70818233 0.0642035529 0.337336838 0.229592323 0.135027125
v 0.353149414 4.78158188 0.168233603 0.311119616 0.210433587 0.123935238
v 0.575226009 5.62620974 -0.184918284 0.334832728 0.227762401 0.133967698
v 0.353149414 4.78158188 0.168233603 0.311119616 0.210433587 0.123935238
v 0.173259422 4.82518101 0.154732496 0.285906971 0.192008942 0.113268331
v 0.275302649 6.09221745 -0.491476417 0.281811565 0.189016134 0.111535661
v -0.121679321 4.36214113 -0.0129133798 0.247051075 0.163614258 0.0968293026
v 0.173259422 4.82518101 0.154732496 0.285906971 0.192008942 0.113268331
v 0.275302649 6.09221745 -0.491476417 0.281811565 0.189016134 0.111535661
v -0.121679321 4.36214113 -0.0129133798 0.247051075 0.163614258 0.0968293026
v 0.275302649 6.09221745 -0.491476417 0.281811565 0.189016134 0.111535661
v 0.249820307 5.74525642 -0.710752487 0.238803148 0.157586917 0.0933397859
v -0.121679321 4.36214113 -0.0129133798 0.247051075 0.163614258 0.0968293026
v -0.0929406807 4.65643787 -0.360280663 0.216242641 0.141100392 0.0837949663
v 0.249820307 5.74525642 -0.710752487 0.238803148 0.157586917 0.0933397859
v 0.249820307 5.74525642 -0.710752487 0.238803148 0.157586917 0.0933397859
v 0.548528492 5.55745649 -0.901187241 0.194313303 0.125075102 0.0745171681
v -0.0929406807 4.65643787 -0.360280663 0.216242641 0.141100392 0.0837949663
v 0.168739691 4.63025904 -0.512786806 0.188024148 0.120479189 0.0718563721
v 0.548528492 5.55745649 -0.901187241 0.194313303 0.125075102 0.0745171681
v -0.0929406807 4.65643787 -0.360280663 0.216242641 0.141100392 0.0837949663
v 0.425340921 4.64245224 -0.519163847 0.161302149 0.100951575 0.0605509095
v 0.168739691 4.63025904 -0.512786806 0.188024148 0.120479189 0.0718563721
v 0.548528492 5.55745649 -0.901187241 0.194313303 0.125075102 0.0745171681
v 0.425340921 4.64245224 -0.519163847 0.161302149 0.100951575 0.0605509095
v 0.692154646 5.35791159 -0.682618201 0.159999996 0.100000001 0.0599999987
v 0.548528492 5.55745649 -0.901187241 0.194313303 0.125075102 0.0745171681
v 0.692154646 5.35791159 -0.682618201 0.418417364 0.288843453 0.169330418
v 0.924555004 6.24236202 -0.726599097 0.419421434 0.289577216 0.16975522
v 0.946993828 6.37957239 -0.533499956 0.390824199 0.268679231 0.157656386
v 0.6679461 4.88469458 -0.434869528 0.397203982 0.273341388 0.160355538
v 0.692154646 5.35791159 -0.682618201 0.418417364 0.288843453 0.169330418
v 0.946993828 6.37957239 -0.533499956 0.390824199 0.268679231 0.157656386
v 0.6679461 4.88469458 -0.434869528 0.397203982 0.273341388 0.160355538
v 0.701346099 5.02398205 -0.246534571 0.372628152 0.255382121 0.149958074
v 0.946993828 6.37957239 -0.533499956 0.390824199 0.268679231 0.157656386
v 0.701346099 5.02398205 -0.246534571 0.372628152 0.255382121 0.149958074
v 0.946993828 6.37957239 -0.533499956 0.390824199 0.268679231 0.157656386
v 0.755157173 6.4746418 -0.381084472 0.355063647 0.242546529 0.14252694
v 0.701346099 5.02398205 -0.246534571 0.372628152 0.255382121 0.149958074
v 0.575226009 5.62620974 -0.184918284 0.334832728 0.227762401 0.133967698
v 0.755157173 6.4746418 -0.381084472 0.355063647 0.242546529 0.14252694
v 0.575226009 5.62620974 -0.184918284 0.334832728 0.227762401 0.133967698
v 0.755157173 6.4746418 -0.381084472 0.355063647 0.242546529 0.14252694
v 0.534347951 6.54595089 -0.412771374 0.32320118 0.219262406 0.129046649
v 0.353149414 4.78158188 0.168233603 0.311119616 0.210433587 0.123935238
v 0.575226009 5.62620974 -0.184918284 0.334832728 0.227762401 0.133967698
v 0.534347951 6.54595089 -0.412771374 0.32320118 0.219262406 0.129046649
v 0.353149414 4.78158188 0.168233603 0.311119616 0.210433587 0.123935238
v 0.275302649 6.09221745 -0.491476417 0.281811565 0.189016134 0.111535661
v 0.534347951 6.54595089 -0.412771374 0.32320118 0.219262406 0.129046649
v 0.275302649 6.09221745 -0.491476417 0.281811565 0.189016134 0.111535661
v 0.249820307 5.74525642 -0.710752487 0.238803148 0.157586917 0.0933397859
v 0.634941578 7.15414143 -1.14631128 0.265402973 0.177025259 0.104593568
v 0.249820307 5.74525642 -0.710752487 0.238803148 0.157586917 0.0933397859
v 0.548528492 5.55745649 -0.901187241 0.194313303 0.125075102 0.0745171681
v 0.784760654 6.60541391 -1.04752803 0.212035 0.138025582 0.082014814
v 0.880023658 6.47724581 -1.01872373 0.19576858 0.126138583 0.0751328617
v 0.548528492 5.55745649 -0.901187241 0.194313303 0.125075102 0.0745171681
v 0.924555004 6.24236202 -0.726599097 0.161615938 0.101180881 0.0606836639
v 0.880023658 6.47724581 -1.01872373 0.19576858 0.126138583 0.0751328617
v 0.692154646 5.35791159 -0.682618201 0.159999996 0.100000001 0.0599999987
v 0.548528492 5.55745649 -0.901187241 0.194313303 0.125075102 0.0745171681
v 0.924555004 6.24236202 -0.726599097 0.161615938 0.101180881 0.0606836639
v 0.924555004 6.24236202 -0.726599097 0.419421434 0.289577216 0.16975522
v 0.946993828 6.37957239 -0.533499956 0.390824199 0.268679231 0.157656386
v 1.06387925 7.02764273 -0.856313646 0.419360906 0.289532959 0.16972962
v 0.946993828 6.37957239 -0.533499956 0.390824199 0.268679231 0.157656386
v 1.06387925 7.02764273 -0.856313646 0.419360906 0.289532959 0.16972962
v 0.921696842 7.42063379 -0.738577724 0.367778182 0.251837909 0.147906154
v 0.946993828 6.37957239 -0.533499956 0.390824199 0.268679231 0.157656386
v 0.755157173 6.4746418 -0.381084472 0.355063647 0.242546529 0.14252694
v 0.921696842 7.42063379 -0.738577724 0.367778182 0.251837909 0.147906154
v 0.755157173 6.4746418 -0.381084472 0.355063647 0.242546529 0.14252694
v 0.626616359 7.42241096 -0.926742494 0.317118466 0.214817345 0.126473203
v 0.921696842 7.42063379 -0.738577724 0.367778182 0.251837909 0.147906154
v 0.755157173 6.4746418 -0.381084472 0.355063647 0.242546529 0.14252694
v 0.534347951 6.54595089 -0.412771374 0.32320118 0.219262406 0.129046649
v 0.626616359 7.42241096 -0.926742494 0.317118466 0.214817345 0.126473203
v 0.275302649 6.09221745 -0.491476417 0.281811565 0.189016134 0.111535661
v 0.534347951 6.54595089 -0.412771374 0.32320118 0.219262406 0.129046649
v 0.626616359 7.42241096 -0.926742494 0.317118466 0.214817345 0.126473203
v 0.275302649 6.09221745 -0.491476417 0.281811565 0.189016134 0.111535661
v 0.634941578 7.15414143 -1.14631128 0.265402973 0.177025259 0.104593568
v 0.626616359 7.42241096 -0.926742494 0.317118466 0.214817345 0.126473203
v 0.249820307 5.74525642 -0.710752487 0.238803148 0.157586917 0.0933397859
v 0.634941578 7.15414143 -1.14631128 0.265402973 0.177025259 0.104593568
v 0.790604174 7.02009583 -1.2034049 0.237997502 0.156998172 0.0929989368
v 0.249820307 5.74525642 -0.710752487 0.238803148 0.157586917 0.0933397859
v 0.784760654 6.60541391 -1.04752803 0.212035 0.138025582 0.082014814
v 0.790604174 7.02009583 -1.2034049 0.237997502 0.156998172 0.0929989368
v 0.924555004 6.24236202 -0.726599097 0.161615938 0.101180881 0.0606836639
v 1.06387925 7.02764273 -0.856313646 0.160794869 0.100580871 0.0603362918
v 0.880023658 6.47724581 -1.01872373 0.19576858 0.126138583 0.0751328617
v 1.06387925 7.02764273 -0.856313646 0.419360906 0.289532959 0.16972962
v 0.921696842 7.42063379 -0.738577724 0.367778182 0.251837909 0.147906154
v 1.39242518 7.78568554 -0.984263837 0.419977397 0.289983511 0.16999045
v 0.626616359 7.42241096 -0.926742494 0.317118466 0.214817345 0.126473203
v 0.948943496 7.93740892 -1.18031764 0.315831423 0.213876814 0.125928685
v 0.921696842 7.42063379 -0.738577724 0.367778182 0.251837909 0.147906154
v 0.634941578 7.15414143 -1.14631128 0.265402973 0.177025259 0.104593568
v 0.626616359 7.42241096 -0.926742494 0.317118466 0.214817345 0.126473203
v 1.47823155 8.56181049 -1.65006244 0.272281766 0.182052061 0.107503824
v 0.948943496 7.93740892 -1.18031764 0.315831423 0.213876814 0.125928685
v 0.634941578 7.15414143 -1.14631128 0.265402973 0.177025259 0.104593568
v 0.790604174 7.02009583 -1.2034049 0.237997502 0.156998172 0.0929989368
v 1.47823155 8.56181049 -1.65006244 0.272281766 0.182052061 0.107503824
v 0.790604174 7.02009583 -1.2034049 0.237997502 0.156998172 0.0929989368
v 1.47823155 8.56181049 -1.65006244 0.272281766 0.182052061 0.107503824
v 1.39863288 7.64978838 -1.25006557 0.208518058 0.135455519 0.0805268735
v 0.784760654 6.60541391 -1.04752803 0.212035 0.138025582 0.082014814
v 0.790604174 7.02009583 -1.2034049 0.237997502 0.156998172 0.0929989368
v 1.39863288 7.64978838 -1.25006557 0.208518058 0.135455519 0.0805268735
v 0.784760654 6.60541391 -1.04752803 0.212035 0.138025582 0.082014814
v 0.880023658 6.47724581 -1.01872373 0.19576858 0.126138583 0.0751328617
v 1.39863288 7.64978838 -1.25006557 0.208518058 0.135455519 0.0805268735
v 1.39242518 7.78568554 -0.984263837 0.161066636 0.100779466 0.0604512691
v 1.39863288 7.64978838 -1.25006557 0.208518058 0.135455519 0.0805268735
v 0.880023658 6.47724581 -1.01872373 0.19576858 0.126138583 0.0751328617
v 1.06387925 7.02764273 -0.856313646 0.160794869 0.100580871 0.0603362918
v 1.39242518 7.78568554 -0.984263837 0.161066636 0.100779466 0.0604512691
v 0.880023658 6.47724581 -1.01872373 0.19576858 0.126138583 0.0751328617
v 0.921696842 7.42063379 -0.738577724 0.367778182 0.251837909 0.147906154
v 1.39242518 7.78568554 -0.984263837 0.419977397 0.289983511 0.16999045
v 1.58313751 8.62314892 -1.18945312 0.419913769 0.28993699 0.169963524
v 1.35414362 8.89036274 -1.21999013 0.369289637 0.252942413 0.148545608
v 0.948943496 7.93740892 -1.18031764 0.315831423 0.213876814 0.125928685
v 1.35414362 8.89036274 -1.21999013 0.369289637 0.252942413 0.148545608
v 0.921696842 7.42063379 -0.738577724 0.367778182 0.251837909 0.147906154
v 0.948943496 7.93740892 -1.18031764 0.315831423 0.213876814 0.125928685
v 1.35414362 8.89036274 -1.21999013 0.369289637 0.252942413 0.148545608
v 1.31233823 8.77842999 -1.58232832 0.303790033 0.205077335 0.120834246
v 1.47823155 8.56181049 -1.65006244 0.272281766 0.182052061 0.107503824
v 1.31233823 8.77842999 -1.58232832 0.303790033 0.205077335 0.120834246
v 0.948943496 7.93740892 -1.18031764 0.315831423 0.213876814 0.125928685
v 1.47823155 8.56181049 -1.65006244 0.272281766 0.182052061 0.107503824
v 1.39863288 7.64978838 -1.25006557 0.208518058 0.135455519 0.0805268735
v 1.62477052 8.29824352 -1.43204248 0.208816171 0.135673359 0.0806529969
v 1.39242518 7.78568554 -0.984263837 0.161066636 0.100779466 0.0604512691
v 1.62477052 8.29824352 -1.43204248 0.208816171 0.135673359 0.0806529969
v 1.39863288 7.64978838 -1.25006557 0.208518058 0.135455519 0.0805268735
v 1.39242518 7.78568554 -0.984263837 0.161066636 0.100779466 0.0604512691
v 1.58313751 8.62314892 -1.18945312 0.160743237 0.100543141 0.0603144467
v 1.62477052 8.29824352 -1.43204248 0.208816171 0.135673359 0.0806529969
v 1.58313751 8.62314892 -1.18945312 0.419913769 0.28993699 0.169963524
v 1.73036087 9.56162357 -1.10479724 0.391079575 0.268865854 0.157764435
v 1.87159669 9.45276356 -1.04625475 0.419999987 0.289999992 0.170000002
v 1.58313751 8.62314892 -1.18945312 0.419913769 0.28993699 0.169963524
v 1.35414362 8.89036274 -1.21999013 0.369289637 0.252942413 0.148545608
v 1.73036087 9.56162357 -1.10479724 0.391079575 0.268865854 0.157764435
v 1.35414362 8.89036274 -1.21999013 0.369289637 0.252942413 0.148545608
v 1.73036087 9.56162357 -1.10479724 0.391079575 0.268865854 0.157764435
v 1.56362045 9.45235062 -1.29403961 0.344686687 0.234963357 0.138136685
v 1.35414362 8.89036274 -1.21999013 0.369289637 0.252942413 0.148545608
v 1.31233823 8.77842999 -1.58232832 0.303790033 0.205077335 0.120834246
v 1.56362045 9.45235062 -1.29403961 0.344686687 0.234963357 0.138136685
v 1.31233823 8.77842999 -1.58232832 0.303790033 0.205077335 0.120834246
v 1.56362045 9.45235062 -1.29403961 0.344686687 0.234963357 0.138136685
v 1.79331946 9.38689804 -1.56753325 0.283975482 0.190597475 0.112451166
v 1.47823155 8.56181049 -1.65006244 0.272281766 0.182052061 0.107503824
v 1.31233823 8.77842999 -1.58232832 0.303790033 0.205077335 0.120834246
v 1.79331946 9.38689804 -1.56753325 0.283975482 0.190597475 0.112451166
v 1.47823155 8.56181049 -1.65006244 0.272281766 0.182052061 0.107503824
v 1.62477052 8.29824352 -1.43204248 0.208816171 0.135673359 0.0806529969
v 1.79331946 9.38689804 -1.56753325 0.283975482 0.190597475 0.112451166
v 2.04487514 9.43752098 -1.38384581 0.220132619 0.143943071 0.0854407251
v 1.87159669 9.45276356 -1.04625475 0.161480427 0.101081856 0.0606263354
v 2.04487514 9.43752098 -1.38384581 0.220132619 0.143943071 0.0854407251
v 1.62477052 8.29824352 -1.43204248 0.208816171 0.135673359 0.0806529969
v 1.58313751 8.62314892 -1.18945312 0.160743237 0.100543141 0.0603144467
v 1.87159669 9.45276356 -1.04625475 0.161480427 0.101081856 0.0606263354
v 1.62477052 8.29824352 -1.43204248 0.208816171 0.135673359 0.0806529969
v 1.73036087 9.56162357 -1.10479724 0.391079575 0.268865854 0.157764435
v 1.96421731 10.2164984 -1.56572568 0.419999987 0.289999992 0.170000002
v 1.86529982 10.2818584 -1.72454977 0.389683992 0.267846018 0.157174006
v 1.87159669 9.45276356 -1.04625475 0.419999987 0.289999992 0.170000002
v 1.73036087 9.56162357 -1.10479724 0.391079575 0.268865854 0.157764435
v 1.56362045 9.45235062 -1.29403961 0.344686687 0.234963357 0.138136685
v 1.86529982 10.2818584 -1.72454977 0.389683992 0.267846018 0.157174006
v 1.56362045 9.45235062 -1.29403961 0.344686687 0.234963357 0.138136685
v 1.86529982 10.2818584 -1.72454977 0.389683992 0.267846018 0.157174006
v 2.07902026 10.8572817 -2.16563487 0.358843237 0.245308518 0.144125983
v 1.56362045 9.45235062 -1.29403961 0.344686687 0.234963357 0.138136685
v 2.07902026 10.8572817 -2.16563487 0.358843237 0.245308518 0.144125983
v 2.05285621 9.93302822 -1.93315983 0.292845368 0.197079331 0.116203815
v 1.56362045 9.45235062 -1.29403961 0.344686687 0.234963357 0.138136685
v 1.79331946 9.38689804 -1.56753325 0.283975482 0.190597475 0.112451166
v 2.05285621 9.93302822 -1.93315983 0.292845368 0.197079331 0.116203815
v 1.79331946 9.38689804 -1.56753325 0.283975482 0.190597475 0.112451166
v 2.04487514 9.43752098 -1.38384581 0.220132619 0.143943071 0.0854407251
v 2.05285621 9.93302822 -1.93315983 0.292845368 0.197079331 0.116203815
v 1.87159669 9.45276356 -1.04625475 0.161480427 0.101081856 0.0606263354
v 2.04487514 9.43752098 -1.38384581 0.220132619 0.143943071 0.0854407251
v 1.96421731 10.2164984 -1.56572568 0.163139537 0.102294281 0.0613282658
v 1.96421731 10.2164984 -1.56572568 0.419999987 0.289999992 0.170000002
v 1.86529982 10.2818584 -1.72454977 0.389683992 0.267846018 0.157174006
v 2.05733562 10.9798164 -1.88818848 0.418427706 0.288851023 0.169334814
v 1.86529982 10.2818584 -1.72454977 0.389683992 0.267846018 0.157174006
v 2.07902026 10.8572817 -2.16563487 0.358843237 0.245308518 0.144125983
v 2.05733562 10.9798164 -1.88818848 0.418427706 0.288851023 0.169334814
v 2.05285621 9.93302822 -1.93315983 0.292845368 0.197079331 0.116203815
v 2.36353374 10.8157959 -2.03347921 0.266652673 0.177938491 0.105122283
v 2.07902026 10.8572817 -2.16563487 0.358843237 0.245308518 0.144125983
v 2.04487514 9.43752098 -1.38384581 0.220132619 0.143943071 0.0854407251
v 2.05285621 9.93302822 -1.93315983 0.292845368 0.197079331 0.116203815
v 2.36353374 10.8157959 -2.03347921 0.266652673 0.177938491 0.105122283
v 2.04487514 9.43752098 -1.38384581 0.220132619 0.143943071 0.0854407251
v 2.25042677 10.9216499 -1.84284747 0.20831728 0.135308787 0.0804419294
v 2.36353374 10.8157959 -2.03347921 0.266652673 0.177938491 0.105122283
v 2.04487514 9.43752098 -1.38384581 0.220132619 0.143943071 0.0854407251
v 1.96421731 10.2164984 -1.56572568 0.163139537 0.102294281 0.0613282658
v 2.25042677 10.9216499 -1.84284747 0.20831728 0.135308787 0.0804419294
v 1.96421731 10.2164984 -1.56572568 0.163139537 0.102294281 0.0613282658
v 2.05733562 10.9798164 -1.88818848 0.160373822 0.100273184 0.0601581559
v 2.25042677 10.9216499 -1.84284747 0.20831728 0.135308787 0.0804419294
v 2.36353374 10.8157959 -2.03347921 0.328939289 0.223455638 0.131474316
v 2.25042677 10.9216499 -1.84284747 0.171506464 0.108408578 0.0648681223
v 2.05733562 10.9798164 -1.88818848 0.185482651 0.118621938 0.0707811192
v 2.36353374 10.8157959 -2.03347921 0.328939289 0.223455638 0.131474316
v 2.05733562 10.9798164 -1.88818848 0.185482651 0.118621938 0.0707811192
v 2.07902026 10.8572817 -2.16563487 0.39369601 0.270777881 0.158871397
v 0.606765687 5.46792793 -0.273973197 0.417580426 0.288231879 0.168976337
v 0.364506483 5.54328775 -0.43582508 0.380270839 0.260967165 0.153191507
v 0.294022858 6.15161514 0.529220581 0.395594299 0.27216506 0.15967451
v 0.364506483 5.54328775 -0.43582508 0.380270839 0.260967165 0.153191507
v 0.303259999 5.75891447 -0.523861229 0.350114048 0.23892951 0.140432864
v 0.269812196 6.18606806 0.193817154 0.364937961 0.249762386 0.146704525
v 0.630201936 6.07594538 -0.61876899 0.275618047 0.184490114 0.108915329
v 0.826890826 5.88256216 -0.546680987 0.231551945 0.15228796 0.0902719721
v 0.587789893 6.52501869 0.0503865965 0.266389608 0.177746266 0.105010994
v 0.364506483 5.54328775 -0.43582508 0.380270839 0.260967165 0.153191507
v 0.294022858 6.15161514 0.529220581 0.395594299 0.27216506 0.15967451
v 0.269812196 6.18606806 0.193817154 0.364937961 0.249762386 0.146704525
v 0.826890826 5.88256216 -0.546680987 0.231551945 0.15228796 0.0902719721
v 0.587789893 6.52501869 0.0503865965 0.266389608 0.177746266 0.105010994
v 0.702519059 6.51362562 0.27111122 0.228098094 0.149764001 0.088810727
v 0.826890826 5.88256216 -0.546680987 0.231551945 0.15228796 0.0902719721
v 0.829962492 5.68204117 -0.439814836 0.202523276 0.131074712 0.0779906213
v 0.702519059 6.51362562 0.27111122 0.228098094 0.149764001 0.088810727
v 0.303259999 5.75891447 -0.523861229 0.350114048 0.23892951 0.140432864
v 0.269812196 6.18606806 0.193817154 0.364937961 0.249762386 0.146704525
v 0.242320091 6.5254283 0.238636911 0.332999468 0.226422697 0.133192092
v 0.303259999 5.75891447 -0.523861229 0.350114048 0.23892951 0.140432864
v 0.412014931 6.10507011 -0.636325419 0.303299278 0.204718709 0.120626613
v 0.242320091 6.5254283 0.238636911 0.332999468 0.226422697 0.133192092
v 0.412014931 6.10507011 -0.636325419 0.303299278 0.204718709 0.120626613
v 0.26789555 6.97468615 0.404362947 0.303749979 0.205048084 0.120817304
v 0.242320091 6.5254283 0.238636911 0.332999468 0.226422697 0.133192092
v 0.829962492 5.68204117 -0.439814836 0.202523276 0.131074712 0.0779906213
v 0.698425591 6.1500659 0.34984675 0.187661424 0.120214127 0.0717029124
v 0.702519059 6.51362562 0.27111122 0.228098094 0.149764001 0.088810727
v 0.544730008 6.3559947 0.529069781 0.17440559 0.110527165 0.0660946742
v 0.698425591 6.1500659 0.34984675 0.187661424 0.120214127 0.0717029124
v 0.829962492 5.68204117 -0.439814836 0.202523276 0.131074712 0.0779906213
v 0.606765687 5.46792793 -0.273973197 0.159999996 0.100000001 0.0599999987
v 0.497033924 6.17870045 0.481090367 0.162236705 0.101634517 0.0609462969
v 0.544730008 6.3559947 0.529069781 0.17440559 0.110527165 0.0660946742
v 0.829962492 5.68204117 -0.439814836 0.202523276 0.131074712 0.0779906213
v 0.630201936 6.07594538 -0.61876899 0.275618047 0.184490114 0.108915329
v 0.26789555 6.97468615 0.404362947 0.303749979 0.205048084 0.120817304
v 0.412014931 6.10507011 -0.636325419 0.303299278 0.204718709 0.120626613
v 0.606765687 5.46792793 -0.273973197 0.417580426 0.288231879 0.168976337
v 0.294022858 6.15161514 0.529220581 0.395594299 0.27216506 0.15967451
v 0.497033924 6.17870045 0.481090367 0.419999987 0.289999992 0.170000002
v 0.630201936 6.07594538 -0.61876899 0.275618047 0.184490114 0.108915329
v 0.587789893 6.52501869 0.0503865965 0.266389608 0.177746266 0.105010994
v 0.26789555 6.97468615 0.404362947 0.303749979 0.205048084 0.120817304
v 0.698425591 6.1500659 0.34984675 0.187661424 0.120214127 0.0717029124
v 0.702519059 6.51362562 0.27111122 0.228098094 0.149764001 0.088810727
v 0.37801075 7.48925638 1.12196267 0.206687853 0.13411805 0.0797525495
v 0.698425591 6.1500659 0.34984675 0.187661424 0.120214127 0.0717029124
v 0.544730008 6.3559947 0.529069781 0.17440559 0.110527165 0.0660946742
v 0.37801075 7.48925638 1.12196267 0.206687853 0.13411805 0.0797525495
v 0.497033924 6.17870045 0.481090367 0.162236705 0.101634517 0.0609462969
v 0.544730008 6.3559947 0.529069781 0.17440559 0.110527165 0.0660946742
v 0.312931001 7.02160454 1.04104435 0.162057549 0.101503596 0.0608705021
v 0.269812196 6.18606806 0.193817154 0.364937961 0.249762386 0.146704525
v 0.242320091 6.5254283 0.238636911 0.332999468 0.226422697 0.133192092
v -0.0223693326 7.75602245 1.25333393 0.361704111 0.247399181 0.14533636
v 0.587789893 6.52501869 0.0503865965 0.266389608 0.177746266 0.105010994
v 0.26789555 6.97468615 0.404362947 0.303749979 0.205048084 0.120817304
v 0.289471745 7.56680632 0.739348292 0.280424684 0.188002646 0.110948905
v 0.587789893 6.52501869 0.0503865965 0.266389608 0.177746266 0.105010994
v 0.702519059 6.51362562 0.27111122 0.228098094 0.149764001 0.088810727
v 0.289471745 7.56680632 0.739348292 0.280424684 0.188002646 0.110948905
v 0.702519059 6.51362562 0.27111122 0.228098094 0.149764001 0.088810727
v 0.233803183 7.88152456 1.1291858 0.257741958 0.171426833 0.101352371
v 0.289471745 7.56680632 0.739348292 0.280424684 0.188002646 0.110948905
v 0.312931001 7.02160454 1.04104435 0.419999987 0.289999992 0.170000002
v 0.0826092958 7.72854328 1.337852 0.398037046 0.27395016 0.16070798
v 0.497033924 6.17870045 0.481090367 0.419999987 0.289999992 0.170000002
v 0.294022858 6.15161514 0.529220581 0.395594299 0.27216506 0.15967451
v 0.497033924 6.17870045 0.481090367 0.419999987 0.289999992 0.170000002
v 0.0826092958 7.72854328 1.337852 0.398037046 0.27395016 0.16070798
v 0.26789555 6.97468615 0.404362947 0.303749979 0.205048084 0.120817304
v 0.242320091 6.5254283 0.238636911 0.332999468 0.226422697 0.133192092
v -0.0223693326 7.75602245 1.25333393 0.361704111 0.247399181 0.14533636
v 0.702519059 6.51362562 0.27111122 0.228098094 0.149764001 0.088810727
v 0.37801075 7.48925638 1.12196267 0.206687853 0.13411805 0.0797525495
v 0.233803183 7.88152456 1.1291858 0.257741958 0.171426833 0.101352371
v 0.294022858 6.15161514 0.529220581 0.395594299 0.27216506 0.15967451
v 0.269812196 6.18606806 0.193817154 0.364937961 0.249762386 0.146704525
v -0.0223693326 7.75602245 1.25333393 0.361704111 0.247399181 0.14533636
v 0.544730008 6.3559947 0.529069781 0.17440559 0.110527165 0.0660946742
v 0.37801075 7.48925638 1.12196267 0.206687853 0.13411805 0.0797525495
v 0.312931001 7.02160454 1.04104435 0.162057549 0.101503596 0.0608705021
v 0.294022858 6.15161514 0.529220581 0.395594299 0.27216506 0.15967451
v -0.0223693326 7.75602245 1.25333393 0.361704111 0.247399181 0.14533636
v 0.0826092958 7.72854328 1.337852 0.398037046 0.27395016 0.16070798
v 0.26789555 6.97468615 0.404362947 0.303749979 0.205048084 0.120817304
v -0.0223693326 7.75602245 1.25333393 0.361704111 0.247399181 0.14533636
v 0.00444780616 7.95593166 1.22133565 0.332322896 0.225928277 0.132905856
v 0.37801075 7.48925638 1.12196267 0.206687853 0.13411805 0.0797525495
v 0.312931001 7.02160454 1.04104435 0.162057549 0.101503596 0.0608705021
v 0.197744623 7.62580347 1.29481483 0.173844948 0.110117465 0.0658574775
v 0.312931001 7.02160454 1.04104435 0.419999987 0.289999992 0.170000002
v 0.0826092958 7.72854328 1.337852 0.398037046 0.27395016 0.16070798
v 0.197744623 7.62580347 1.29481483 0.419999987 0.289999992 0.170000002
v 0.26789555 6.97468615 0.404362947 0.303749979 0.205048084 0.120817304
v 0.289471745 7.56680632 0.739348292 0.280424684 0.188002646 0.110948905
v 0.00444780616 7.95593166 1.22133565 0.332322896 0.225928277 0.132905856
v 0.233803183 7.88152456 1.1291858 0.257741958 0.171426833 0.101352371
v 0.289471745 7.56680632 0.739348292 0.280424684 0.188002646 0.110948905
v 0.00444780616 7.95593166 1.22133565 0.332322896 0.225928277 0.132905856
v 0.233803183 7.88152456 1.1291858 0.257741958 0.171426833 0.101352371
v 0.00444780616 7.95593166 1.22133565 0.332322896 0.225928277 0.132905856
v 0.252407223 8.42237282 1.40463686 0.285682112 0.191844627 0.113173202
v 0.0826092958 7.72854328 1.337852 0.398037046 0.27395016 0.16070798
v 0.197744623 7.62580347 1.29481483 0.419999987 0.289999992 0.170000002
v 0.367220074 8.54981804 1.89703178 0.417559206 0.288216352 0.168967351
v 0.00444780616 7.95593166 1.22133565 0.332322896 0.225928277 0.132905856
v 0.252407223 8.42237282 1.40463686 0.285682112 0.191844627 0.113173202
v 0.249997482 8.70309353 1.77532995 0.332611561 0.226139218 0.133027971
v 0.37801075 7.48925638 1.12196267 0.206687853 0.13411805 0.0797525495
v 0.233803183 7.88152456 1.1291858 0.257741958 0.171426833 0.101352371
v 0.415690988 8.5881443 1.66486311 0.255706102 0.169939071 0.100491047
v -0.0223693326 7.75602245 1.25333393 0.361704111 0.247399181 0.14533636
v 0.0826092958 7.72854328 1.337852 0.398037046 0.27395016 0.16070798
v 0.271511436 8.54835606 1.9273665 0.394100726 0.27107361 0.159042612
v -0.0223693326 7.75602245 1.25333393 0.361704111 0.247399181 0.14533636
v 0.00444780616 7.95593166 1.22133565 0.332322896 0.225928277 0.132905856
v 0.249997482 8.70309353 1.77532995 0.332611561 0.226139218 0.133027971
v 0.37801075 7.48925638 1.12196267 0.206687853 0.13411805 0.0797525495
v 0.197744623 7.62580347 1.29481483 0.173844948 0.110117465 0.0658574775
v 0.525927007 8.42019081 1.83242953 0.19457835 0.125268802 0.0746292993
v 0.415690988 8.5881443 1.66486311 0.255706102 0.169939071 0.100491047
v 0.197744623 7.62580347 1.29481483 0.173844948 0.110117465 0.0658574775
v 0.367220074 8.54981804 1.89703178 0.163667381 0.102680013 0.0615515821
v 0.525927007 8.42019081 1.83242953 0.19457835 0.125268802 0.0746292993
v 0.0826092958 7.72854328 1.337852 0.398037046 0.27395016 0.16070798
v 0.367220074 8.54981804 1.89703178 0.417559206 0.288216352 0.168967351
v 0.271511436 8.54835606 1.9273665 0.394100726 0.27107361 0.159042612
v -0.0223693326 7.75602245 1.25333393 0.361704111 0.247399181 0.14533636
v 0.249997482 8.70309353 1.77532995 0.332611561 0.226139218 0.133027971
v 0.271511436 8.54835606 1.9273665 0.394100726 0.27107361 0.159042612
v 0.233803183 7.88152456 1.1291858 0.257741958 0.171426833 0.101352371
v 0.252407223 8.42237282 1.40463686 0.285682112 0.191844627 0.113173202
v 0.415690988 8.5881443 1.66486311 0.255706102 0.169939071 0.100491047
v 0.252407223 8.42237282 1.40463686 0.285682112 0.191844627 0.113173202
v 0.249997482 8.70309353 1.77532995 0.332611561 0.226139218 0.133027971
v 0.415690988 8.5881443 1.66486311 0.255706102 0.169939071 0.100491047
v 0.249997482 8.70309353 1.77532995 0.332611561 0.226139218 0.133027971
v 0.271511436 8.54835606 1.9273665 0.394100726 0.27107361 0.159042612
v 0.166730016 9.2408123 2.17091823 0.404268563 0.278503954 0.163344398
v 0.249997482 8.70309353 1.77532995 0.332611561 0.226139218 0.133027971
v 0.415690988 8.5881443 1.66486311 0.255706102 0.169939071 0.100491047
v 0.133470118 9.20403767 1.94006193 0.311624736 0.210802704 0.12414892
v 0.525927007 8.42019081 1.83242953 0.19457835 0.125268802 0.0746292993
v 0.283284068 9.25484371 1.96646297 0.25706926 0.170935228 0.101067767
v 0.415690988 8.5881443 1.66486311 0.255706102 0.169939071 0.100491047
v 0.367220074 8.54981804 1.89703178 0.417559206 0.288216352 0.168967351
v 0.271511436 8.54835606 1.9273665 0.394100726 0.27107361 0.159042612
v 0.166730016 9.2408123 2.17091823 0.404268563 0.278503954 0.163344398
v 0.249997482 8.70309353 1.77532995 0.332611561 0.226139218 0.133027971
v 0.166730016 9.2408123 2.17091823 0.404268563 0.278503954 0.163344398
v 0.0406366847 9.41603756 2.20172596 0.371009946 0.254199594 0.149273455
v 0.525927007 8.42019081 1.83242953 0.19457835 0.125268802 0.0746292993
v 0.253948063 9.40324116 2.18682361 0.20280689 0.131281972 0.0781106129
v 0.283284068 9.25484371 1.96646297 0.25706926 0.170935228 0.101067767
v 0.367220074 8.54981804 1.89703178 0.163667381 0.102680013 0.0615515821
v 0.166730016 9.2408123 2.17091823 0.159999996 0.100000001 0.0599999987
v 0.525927007 8.42019081 1.83242953 0.19457835 0.125268802 0.0746292993
v 0.249997482 8.70309353 1.77532995 0.332611561 0.226139218 0.133027971
v 0.133470118 9.20403767 1.94006193 0.311624736 0.210802704 0.12414892
v 0.0406366847 9.41603756 2.20172596 0.371009946 0.254199594 0.149273455
v 0.415690988 8.5881443 1.66486311 0.255706102 0.169939071 0.100491047
v 0.133470118 9.20403767 1.94006193 0.311624736 0.210802704 0.12414892
v 0.283284068 9.25484371 1.96646297 0.25706926 0.170935228 0.101067767
v 0.166730016 9.2408123 2.17091823 0.159999996 0.100000001 0.0599999987
v 0.253948063 9.40324116 2.18682361 0.20280689 0.131281972 0.0781106129
v 0.525927007 8.42019081 1.83242953 0.19457835 0.125268802 0.0746292993
v 0.133470118 9.20403767 1.94006193 0.311624736 0.210802704 0.12414892
v 0.0406366847 9.41603756 2.20172596 0.371009946 0.254199594 0.149273455
v 0.0833468884 10.0378265 2.32972336 0.332628161 0.226151347 0.133034989
v 0.253948063 9.40324116 2.18682361 0.20280689 0.131281972 0.0781106129
v 0.220058098 10.2426996 2.36214471 0.282096744 0.189224556 0.111656323
v 0.283284068 9.25484371 1.96646297 0.25706926 0.170935228 0.101067767
v 0.166730016 9.2408123 2.17091823 0.404268563 0.278503954 0.163344398
v 0.0406366847 9.41603756 2.20172596 0.371009946 0.254199594 0.149273455
v 0.181072414 10.0960884 2.4703517 0.402727783 0.277378023 0.162692532
v 0.166730016 9.2408123 2.17091823 0.159999996 0.100000001 0.0599999987
v 0.181072414 10.0960884 2.4703517 0.168310925 0.10607338 0.0635161623
v 0.253948063 9.40324116 2.18682361 0.20280689 0.131281972 0.0781106129
v 0.133470118 9.20403767 1.94006193 0.311624736 0.210802704 0.12414892
v 0.220058098 10.2426996 2.36214471 0.282096744 0.189224556 0.111656323
v 0.0833468884 10.0378265 2.32972336 0.332628161 0.226151347 0.133034989
v 0.133470118 9.20403767 1.94006193 0.311624736 0.210802704 0.12414892
v 0.283284068 9.25484371 1.96646297 0.25706926 0.170935228 0.101067767
v 0.220058098 10.2426996 2.36214471 0.282096744 0.189224556 0.111656323
v 0.0406366847 9.41603756 2.20172596 0.371009946 0.254199594 0.149273455
v 0.0833468884 10.0378265 2.32972336 0.332628161 0.226151347 0.133034989
v 0.181072414 10.0960884 2.4703517 0.402727783 0.277378023 0.162692532
v 0.320129663 10.4760036 2.46194863 0.193820685 0.12471512 0.074308753
v 0.220058098 10.2426996 2.36214471 0.282096744 0.189224556 0.111656323
v 0.253948063 9.40324116 2.18682361 0.20280689 0.131281972 0.0781106129
v 0.181072414 10.0960884 2.4703517 0.168310925 0.10607338 0.0635161623
v 0.320129663 10.4760036 2.46194863 0.193820685 0.12471512 0.074308753
v 0.253948063 9.40324116 2.18682361 0.20280689 0.131281972 0.0781106129
v 0.0833468884 10.0378265 2.32972336 0.332628161 0.226151347 0.133034989
v 0.181072414 10.0960884 2.4703517 0.402727783 0.277378023 0.162692532
v 0.220058098 10.2426996 2.36214471 0.282096744 0.189224556 0.111656323
v 0.320129663 10.4760036 2.46194863 0.193820685 0.12471512 0.074308753
v 0.316225827 10.7399187 2.32819748 0.240937442 0.159146607 0.0942427665
v 0.220058098 10.2426996 2.36214471 0.282096744 0.189224556 0.111656323
v 0.181072414 10.0960884 2.4703517 0.402727783 0.277378023 0.162692532
v 0.246456221 11.0589342 2.44752502 0.398913354 0.274590552 0.161078736
v 0.320129663 10.4760036 2.46194863 0.419999987 0.289999992 0.170000002
v 0.181072414 10.0960884 2.4703517 0.402727783 0.277378023 0.162692532
v 0.246456221 11.0589342 2.44752502 0.398913354 0.274590552 0.161078736
v 0.220058098 10.2426996 2.36214471 0.282096744 0.189224556 0.111656323
v 0.316225827 10.7399187 2.32819748 0.240937442 0.159146607 0.0942427665
v 0.224798962 10.9039907 2.29837632 0.280529052 0.188078925 0.110993057
v 0.220058098 10.2426996 2.36214471 0.282096744 0.189224556 0.111656323
v 0.320129663 10.4760036 2.46194863 0.193820685 0.12471512 0.074308753
v 0.316225827 10.7399187 2.32819748 0.240937442 0.159146607 0.0942427665
v 0.246456221 11.0589342 2.44752502 0.161765322 0.101290047 0.0607468672
v 0.224798962 10.9039907 2.29837632 0.280529052 0.188078925 0.110993057
v 0.246456221 11.0589342 2.44752502 0.398913354 0.274590552 0.161078736
v 0.220058098 10.2426996 2.36214471 0.282096744 0.189224556 0.111656323
v 0.224798962 10.9039907 2.29837632 0.280529052 0.188078925 0.110993057
v 0.396382183 11.7185898 2.46329713 0.300950736 0.203002468 0.119633004
v 0.246456221 11.0589342 2.44752502 0.398913354 0.274590552 0.161078736
v 0.396382183 11.7185898 2.46329713 0.300950736 0.203002468 0.119633004
v 0.433527738 11.5628319 2.55335903 0.407584012 0.280926794 0.164747089
v 0.246456221 11.0589342 2.44752502 0.398913354 0.274590552 0.161078736
v 0.316225827 10.7399187 2.32819748 0.240937442 0.159146607 0.0942427665
v 0.500242591 11.6117554 2.49312901 0.216161087 0.141040802 0.0837604553
v 0.224798962 10.9039907 2.29837632 0.280529052 0.188078925 0.110993057
v 0.316225827 10.7399187 2.32819748 0.240937442 0.159146607 0.0942427665
v 0.246456221 11.0589342 2.44752502 0.161765322 0.101290047 0.0607468672
v 0.500242591 11.6117554 2.49312901 0.216161087 0.141040802 0.0837604553
v 0.246456221 11.0589342 2.44752502 0.161765322 0.101290047 0.0607468672
v 0.433527738 11.5628319 2.55335903 0.163992658 0.102917723 0.0616892055
v 0.500242591 11.6117554 2.49312901 0.216161087 0.141040802 0.0837604553
v 0.500242591 11.6117554 2.49312901 0.216161087 0.141040802 0.0837604553
v 0.396382183 11.7185898 2.46329713 0.300950736 0.203002468 0.119633004
v 0.224798962 10.9039907 2.29837632 0.280529052 0.188078925 0.110993057
v 0.355977535 11.9074211 2.62386751 0.371805966 0.254781306 0.149610221
v 0.444054037 12.0470457 2.69052935 0.409283996 0.282169074 0.165466309
v 0.433527738 11.5628319 2.55335903 0.407584012 0.280926794 0.164747089
v 0.396382183 11.7185898 2.46329713 0.300950736 0.203002468 0.119633004
v 0.355977535 11.9074211 2.62386751 0.371805966 0.254781306 0.149610221
v 0.433527738 11.5628319 2.55335903 0.407584012 0.280926794 0.164747089
v 0.500242591 11.6117554 2.49312901 0.216161087 0.141040802 0.0837604553
v 0.444054037 12.0470457 2.69052935 0.178854004 0.113777928 0.0679766908
v 0.396382183 11.7185898 2.46329713 0.300950736 0.203002468 0.119633004
v 0.433527738 11.5628319 2.55335903 0.163992658 0.102917723 0.0616892055
v 0.444054037 12.0470457 2.69052935 0.178854004 0.113777928 0.0679766908
v 0.500242591 11.6117554 2.49312901 0.216161087 0.141040802 0.0837604553
v 0.396382183 11.7185898 2.46329713 0.300950736 0.203002468 0.119633004
v 0.454920202 12.4367542 2.82082367 0.320706069 0.217439041 0.127991021
v 0.355977535 11.9074211 2.62386751 0.371805966 0.254781306 0.149610221
v 0.472863883 12.4404058 2.84614038 0.233389378 0.153630704 0.0910493508
v 0.444054037 12.0470457 2.69052935 0.178854004 0.113777928 0.0679766908
v 0.396382183 11.7185898 2.46329713 0.300950736 0.203002468 0.119633004
v 0.472863883 12.4404058 2.84614038 0.233389378 0.153630704 0.0910493508
v 0.454920202 12.4367542 2.82082367 0.320706069 0.217439041 0.127991021
v 0.396382183 11.7185898 2.46329713 0.300950736 0.203002468 0.119633004
v 0.355977535 11.9074211 2.62386751 0.371805966 0.254781306 0.149610221
v 0.454920202 12.4367542 2.82082367 0.320706069 0.217439041 0.127991021
v 0.444054037 12.0470457 2.69052935 0.409283996 0.282169074 0.165466309
v 0.454920202 12.4367542 2.82082367 0.320706069 0.217439041 0.127991021
v 0.38901943 12.7281141 3.02453208 0.354675829 0.242263108 0.142362848
v 0.472863883 12.4404058 2.84614038 0.418267876 0.288734227 0.169267178
v 0.444054037 12.0470457 2.69052935 0.409283996 0.282169074 0.165466309
v 0.42363587 13.0395823 3.27922225 0.393415511 0.270572901 0.158752725
v 0.447690248 13.0337868 3.26355338 0.419999987 0.289999992 0.170000002
v 0.472863883 12.4404058 2.84614038 0.418267876 0.288734227 0.169267178
v 0.38901943 12.7281141 3.02453208 0.354675829 0.242263108 0.142362848
v 0.42363587 13.0395823 3.27922225 0.393415511 0.270572901 0.158752725
v 0.472863883 12.4404058 2.84614038 0.418267876 0.288734227 0.169267178
v 0.422483176 13.103488 3.25202703 0.291631073 0.196191937 0.115690067
v 0.38901943 12.7281141 3.02453208 0.354675829 0.242263108 0.142362848
v 0.454920202 12.4367542 2.82082367 0.320706069 0.217439041 0.127991021
v 0.472863883 12.4404058 2.84614038 0.233389378 0.153630704 0.0910493508
v 0.422483176 13.103488 3.25202703 0.291631073 0.196191937 0.115690067
v 0.454920202 12.4367542 2.82082367 0.320706069 0.217439041 0.127991021
v 0.422483176 13.103488 3.25202703 0.291631073 0.196191937 0.115690067
v 0.42363587 13.0395823 3.27922225 0.393415511 0.270572901 0.158752725
v 0.38901943 12.7281141 3.02453208 0.354675829 0.242263108 0.142362848
v 0.472863883 12.4404058 2.84614038 0.233389378 0.153630704 0.0910493508
v 0.447690248 13.0337868 3.26355338 0.180177316 0.114744969 0.0685365573
v 0.422483176 13.103488 3.25202703 0.291631073 0.196191937 0.115690067
v 0.42363587 13.0395823 3.27922225 0.393415511 0.270572901 0.158752725
v 0.384958446 13.2094774 3.31667066 0.419999987 0.289999992 0.170000002
v 0.447690248 13.0337868 3.26355338 0.419999987 0.289999992 0.170000002
v 0.447690248 13.0337868 3.26355338 0.180177316 0.114744969 0.0685365573
v 0.384958446 13.2094774 3.31667066 0.17597726 0.111675695 0.0667596087
v 0.422483176 13.103488 3.25202703 0.291631073 0.196191937 0.115690067
v 0.318299115 13.4890051 3.31771827 0.371126413 0.25428471 0.149322718
v 0.384958446 13.2094774 3.31667066 0.419999987 0.289999992 0.170000002
v 0.42363587 13.0395823 3.27922225 0.393415511 0.270572901 0.158752725
v 0.422483176 13.103488 3.25202703 0.291631073 0.196191937 0.115690067
v 0.318299115 13.4890051 3.31771827 0.371126413 0.25428471 0.149322718
v 0.42363587 13.0395823 3.27922225 0.393415511 0.270572901 0.158752725
v 0.422483176 13.103488 3.25202703 0.291631073 0.196191937 0.115690067
v 0.317212224 13.4855375 3.27223802 0.2901932 0.195141196 0.115081742
v 0.318299115 13.4890051 3.31771827 0.371126413 0.25428471 0.149322718
v 0.333624601 13.5928087 3.30466509 0.207340091 0.134594679 0.0800285041
v 0.317212224 13.4855375 3.27223802 0.2901932 0.195141196 0.115081742
v 0.422483176 13.103488 3.25202703 0.291631073 0.196191937 0.115690067
v 0.384958446 13.2094774 3.31667066 0.17597726 0.111675695 0.0667596087
v 0.333624601 13.5928087 3.30466509 0.207340091 0.134594679 0.0800285041
v 0.422483176 13.103488 3.25202703 0.291631073 0.196191937 0.115690067
v 0.384958446 13.2094774 3.31667066 0.17597726 0.111675695 0.0667596087
v 0.318299115 13.4890051 3.31771827 0.169622511 0.107031837 0.0640710592
v 0.333624601 13.5928087 3.30466509 0.207340091 0.134594679 0.0800285041
v 0.318299115 13.4890051 3.31771827 0.371126413 0.25428471 0.149322718
v 0.320137441 14.1181307 3.33903813 0.384526283 0.264076889 0.154991895
v 0.333624601 13.5928087 3.30466509 0.413899809 0.28554219 0.167419165
v 0.317212224 13.4855375 3.27223802 0.2901932 0.195141196 0.115081742
v 0.330304801 14.1200552 3.3314333 0.23717545 0.156397447 0.0926511586
v 0.318299115 13.4890051 3.31771827 0.371126413 0.25428471 0.149322718
v 0.333624601 13.5928087 3.30466509 0.207340091 0.134594679 0.0800285041
v 0.330304801 14.1200552 3.3314333 0.23717545 0.156397447 0.0926511586
v 0.317212224 13.4855375 3.27223802 0.2901932 0.195141196 0.115081742
v 0.320137441 14.1181307 3.33903813 0.176785186 0.112266093 0.067101419
v 0.330304801 14.1200552 3.3314333 0.23717545 0.156397447 0.0926511586
v 0.333624601 13.5928087 3.30466509 0.207340091 0.134594679 0.0800285041
v 0.243189856 14.5034485 3.21798229 0.282384157 0.189434588 0.111777917
v 0.320137441 14.1181307 3.33903813 0.384526283 0.264076889 0.154991895
v 0.318299115 13.4890051 3.31771827 0.371126413 0.25428471 0.149322718
v 0.330304801 14.1200552 3.3314333 0.23717545 0.156397447 0.0926511586
v 0.243189856 14.5034485 3.21798229 0.282384157 0.189434588 0.111777917
v 0.318299115 13.4890051 3.31771827 0.371126413 0.25428471 0.149322718
v 0.320137441 14.1181307 3.33903813 0.384526283 0.264076889 0.154991895
v 0.160641208 14.7163973 3.18434501 0.356247425 0.243411571 0.143027753
v 0.330304801 14.1200552 3.3314333 0.391995698 0.269535333 0.158152029
v 0.243189856 14.5034485 3.21798229 0.282384157 0.189434588 0.111777917
v 0.160641208 14.7163973 3.18434501 0.356247425 0.243411571 0.143027753
v 0.320137441 14.1181307 3.33903813 0.384526283 0.264076889 0.154991895
v 0.160641208 14.7163973 3.18434501 0.356247425 0.243411571 0.143027753
v 0.150837123 14.8052197 3.18798423 0.409689277 0.282465249 0.165637776
v 0.330304801 14.1200552 3.3314333 0.391995698 0.269535333 0.158152029
v 0.152672082 14.8058748 3.17932153 0.274305791 0.183531165 0.108360142
v 0.160641208 14.7163973 3.18434501 0.356247425 0.243411571 0.143027753
v 0.243189856 14.5034485 3.21798229 0.282384157 0.189434588 0.111777917
v 0.150837123 14.8052197 3.18798423 0.187441379 0.120053321 0.0716098174
v 0.152672082 14.8058748 3.17932153 0.274305791 0.183531165 0.108360142
v 0.243189856 14.5034485 3.21798229 0.282384157 0.189434588 0.111777917
v 0.150837123 14.8052197 3.18798423 0.187441379 0.120053321 0.0716098174
v 0.243189856 14.5034485 3.21798229 0.282384157 0.189434588 0.111777917
v 0.330304801 14.1200552 3.3314333 0.23717545 0.156397447 0.0926511586
v 0.160641208 14.7163973 3.18434501 0.356247425 0.243411571 0.143027753
v 0.0952248424 14.9988337 3.19707227 0.303584129 0.204926878 0.120747134
v 0.0961315259 14.9978151 3.20565963 0.415045083 0.286379129 0.167903692
v 0.150837123 14.8052197 3.18798423 0.409689277 0.282465249 0.165637776
v 0.152672082 14.8058748 3.17932153 0.274305791 0.183531165 0.108360142
v 0.0952248424 14.9988337 3.19707227 0.303584129 0.204926878 0.120747134
v 0.160641208 14.7163973 3.18434501 0.356247425 0.243411571 0.143027753
v 0.150837123 14.8052197 3.18798423 0.187441379 0.120053321 0.0716098174
v 0.0983527452 15.0001402 3.20000386 0.200425833 0.129541948 0.0771032348
v 0.0952248424 14.9988337 3.19707227 0.303584129 0.204926878 0.120747134
v 0.152672082 14.8058748 3.17932153 0.274305791 0.183531165 0.108360142
v 0.150837123 14.8052197 3.18798423 0.187441379 0.120053321 0.0716098174
v 0.0961315259 14.9978151 3.20565963 0.160214484 0.100156739 0.060090743
v 0.0983527452 15.0001402 3.20000386 0.200425833 0.129541948 0.0771032348
v 0.0952248424 14.9988337 3.19707227 0.303584129 0.204926878 0.120747134
v -0.0161049645 15.2737265 3.23879695 0.405505836 0.279408097 0.163867846
v 0.0961315259 14.9978151 3.20565963 0.415045083 0.286379129 0.167903692
v 0.0952248424 14.9988337 3.19707227 0.303584129 0.204926878 0.120747134
v 0.0201736912 15.1808405 3.22274256 0.309172511 0.20901069 0.123111457
v -0.0161049645 15.2737265 3.23879695 0.405505836 0.279408097 0.163867846
v 0.0244963728 15.1836729 3.22353625 0.237508744 0.156641006 0.0927921608
v 0.0201736912 15.1808405 3.22274256 0.309172511 0.20901069 0.123111457
v 0.0952248424 14.9988337 3.19707227 0.303584129 0.204926878 0.120747134
v 0.0983527452 15.0001402 3.20000386 0.200425833 0.129541948 0.0771032348
v 0.0244963728 15.1836729 3.22353625 0.237508744 0.156641006 0.0927921608
v 0.0952248424 14.9988337 3.19707227 0.303584129 0.204926878 0.120747134
v 0.0983527452 15.0001402 3.20000386 0.200425833 0.129541948 0.0771032348
v -0.0161049645 15.2737265 3.23879695 0.163279921 0.102396868 0.0613876581
v 0.0244963728 15.1836729 3.22353625 0.237508744 0.156641006 0.0927921608
v 0.0961315259 14.9978151 3.20565963 0.160214484 0.100156739 0.060090743
v 0.0983527452 15.0001402 3.20000386 0.200425833 0.129541948 0.0771032348
v -0.0161049645 15.2737265 3.23879695 0.163279921 0.102396868 0.0613876581
v 0.0201736912 15.1808405 3.22274256 0.309172511 0.20901069 0.123111457
v -0.054512281 15.3652296 3.2335279 0.350238621 0.239020526 0.14048557
v -0.0161049645 15.2737265 3.23879695 0.405505836 0.279408097 0.163867846
v -0.0529682226 15.3662786 3.23327947 0.248090923 0.164374143 0.097269237
v -0.054512281 15.3652296 3.2335279 0.350238621 0.239020526 0.14048557
v 0.0201736912 15.1808405 3.22274256 0.309172511 0.20901069 0.123111457
v 0.0244963728 15.1836729 3.22353625 0.237508744 0.156641006 0.0927921608
v -0.0529682226 15.3662786 3.23327947 0.248090923 0.164374143 0.097269237
v 0.0201736912 15.1808405 3.22274256 0.309172511 0.20901069 0.123111457
v -0.0161049645 15.2737265 3.23879695 0.163279921 0.102396868 0.0613876581
v -0.0529682226 15.3662786 3.23327947 0.248090923 0.164374143 0.097269237
v 0.0244963728 15.1836729 3.22353625 0.237508744 0.156641006 0.0927921608
v -0.054512281 15.3652296 3.2335279 0.350238621 0.239020526 0.14048557
v -0.18016769 15.6854811 3.22633004 0.295574367 0.199073598 0.117358394
v -0.0161049645 15.2737265 3.23879695 0.405505836 0.279408097 0.163867846
v -0.0529682226 15.3662786 3.23327947 0.248090923 0.164374143 0.097269237
v -0.18016769 15.6854811 3.22633004 0.295574367 0.199073598 0.117358394
v -0.054512281 15.3652296 3.2335279 0.350238621 0.239020526 0.14048557
v -0.0161049645 15.2737265 3.23879695 0.163279921 0.102396868 0.0613876581
v -0.18016769 15.6854811 3.22633004 0.295574367 0.199073598 0.117358394
v -0.0529682226 15.3662786 3.23327947 0.248090923 0.164374143 0.097269237
v 0.906105042 7.11120033 -1.32019782 0.418455899 0.288871646 0.169346735
v 1.18678129 7.38913107 -1.20607018 0.35715431 0.244074315 0.143411443
v 1.07777989 7.34498358 -1.41176724 0.377683163 0.259076148 0.152096719
v 0.881755292 7.58111811 -1.00631642 0.269798011 0.18023701 0.106453001
v 0.754130423 7.23409414 -1.14284241 0.20078665 0.129805624 0.0772558898
v 0.625327468 7.5173111 -1.31152821 0.227940142 0.149648577 0.0887439102
v 1.18678129 7.38913107 -1.20607018 0.35715431 0.244074315 0.143411443
v 1.05594492 7.69364882 -1.10804021 0.307410985 0.207723409 0.12236619
v 0.885843456 7.76449919 -1.69049799 0.337328494 0.229586214 0.135023609
v 0.881755292 7.58111811 -1.00631642 0.269798011 0.18023701 0.106453001
v 0.625327468 7.5173111 -1.31152821 0.227940142 0.149648577 0.0887439102
v 0.640142381 7.87716532 -1.66002798 0.269806504 0.180243224 0.106456593
v 0.906105042 7.11120033 -1.32019782 0.418455899 0.288871646 0.169346735
v 1.07777989 7.34498358 -1.41176724 0.377683163 0.259076148 0.152096719
v 0.800480783 7.51271296 -1.96884465 0.395636618 0.272195995 0.159692422
v 1.18678129 7.38913107 -1.20607018 0.35715431 0.244074315 0.143411443
v 1.07777989 7.34498358 -1.41176724 0.377683163 0.259076148 0.152096719
v 0.885843456 7.76449919 -1.69049799 0.337328494 0.229586214 0.135023609
v 1.05594492 7.69364882 -1.10804021 0.307410985 0.207723409 0.12236619
v 0.885843456 7.76449919 -1.69049799 0.337328494 0.229586214 0.135023609
v 0.578333974 8.22716522 -2.1200707 0.293920934 0.197865322 0.116658866
v 0.881755292 7.58111811 -1.00631642 0.269798011 0.18023701 0.106453001
v 0.578333974 8.22716522 -2.1200707 0.293920934 0.197865322 0.116658866
v 1.05594492 7.69364882 -1.10804021 0.307410985 0.207723409 0.12236619
v 0.604118049 7.64567947 -2.01477146 0.165546998 0.104053579 0.0623468086
v 0.556384385 7.45795059 -1.77002442 0.185324922 0.118506677 0.0707143918
v 0.754130423 7.23409414 -1.14284241 0.20078665 0.129805624 0.0772558898
v 0.906105042 7.11120033 -1.32019782 0.159999996 0.100000001 0.0599999987
v 0.604118049 7.64567947 -2.01477146 0.165546998 0.104053579 0.0623468086
v 0.754130423 7.23409414 -1.14284241 0.20078665 0.129805624 0.0772558898
v 0.906105042 7.11120033 -1.32019782 0.418455899 0.288871646 0.169346735
v 0.800480783 7.51271296 -1.96884465 0.395636618 0.272195995 0.159692422
v 0.604118049 7.64567947 -2.01477146 0.4177939 0.288387865 0.169066653
v 0.881755292 7.58111811 -1.00631642 0.269798011 0.18023701 0.106453001
v 0.640142381 7.87716532 -1.66002798 0.269806504 0.180243224 0.106456593
v 0.578333974 8.22716522 -2.1200707 0.293920934 0.197865322 0.116658866
v 1.07777989 7.34498358 -1.41176724 0.377683163 0.259076148 0.152096719
v 0.800480783 7.51271296 -1.96884465 0.395636618 0.272195995 0.159692422
v 0.673667669 7.99032736 -2.21583509 0.367136121 0.251368701 0.147634506
v 1.07777989 7.34498358 -1.41176724 0.377683163 0.259076148 0.152096719
v 0.885843456 7.76449919 -1.69049799 0.337328494 0.229586214 0.135023609
v 0.673667669 7.99032736 -2.21583509 0.367136121 0.251368701 0.147634506
v 0.754130423 7.23409414 -1.14284241 0.20078665 0.129805624 0.0772558898
v 0.625327468 7.5173111 -1.31152821 0.227940142 0.149648577 0.0887439102
v 0.396260649 8.11678886 -2.3481617 0.211588725 0.137699455 0.0818260014
v 0.754130423 7.23409414 -1.14284241 0.20078665 0.129805624 0.0772558898
v 0.556384385 7.45795059 -1.77002442 0.185324922 0.118506677 0.0707143918
v 0.396260649 8.11678886 -2.3481617 0.211588725 0.137699455 0.0818260014
v 0.604118049 7.64567947 -2.01477146 0.165546998 0.104053579 0.0623468086
v 0.396260649 8.11678886 -2.3481617 0.211588725 0.137699455 0.0818260014
v 0.556384385 7.45795059 -1.77002442 0.185324922 0.118506677 0.0707143918
v 0.800480783 7.51271296 -1.96884465 0.395636618 0.272195995 0.159692422
v 0.673667669 7.99032736 -2.21583509 0.367136121 0.251368701 0.147634506
v 0.604118049 7.64567947 -2.01477146 0.4177939 0.288387865 0.169066653
v 0.625327468 7.5173111 -1.31152821 0.227940142 0.149648577 0.0887439102
v 0.640142381 7.87716532 -1.66002798 0.269806504 0.180243224 0.106456593
v 0.396260649 8.11678886 -2.3481617 0.211588725 0.137699455 0.0818260014
v 0.885843456 7.76449919 -1.69049799 0.337328494 0.229586214 0.135023609
v 0.578333974 8.22716522 -2.1200707 0.293920934 0.197865322 0.116658866
v 0.673667669 7.99032736 -2.21583509 0.367136121 0.251368701 0.147634506
v 0.640142381 7.87716532 -1.66002798 0.269806504 0.180243224 0.106456593
v 0.578333974 8.22716522 -2.1200707 0.293920934 0.197865322 0.116658866
v 0.396260649 8.11678886 -2.3481617 0.211588725 0.137699455 0.0818260014
v 0.578333974 8.22716522 -2.1200707 0.293920934 0.197865322 0.116658866
v 0.396260649 8.11678886 -2.3481617 0.211588725 0.137699455 0.0818260014
v 0.450285524 8.51895046 -2.65402031 0.266139805 0.177563712 0.104905307
v 0.604118049 7.64567947 -2.01477146 0.165546998 0.104053579 0.0623468086
v 0.470383316 8.2204752 -2.66203403 0.175648674 0.11143557 0.0666205958
v 0.396260649 8.11678886 -2.3481617 0.211588725 0.137699455 0.0818260014
v 0.673667669 7.99032736 -2.21583509 0.367136121 0.251368701 0.147634506
v 0.470383316 8.2204752 -2.66203403 0.419999987 0.289999992 0.170000002
v 0.604118049 7.64567947 -2.01477146 0.4177939 0.288387865 0.169066653
v 0.573506355 8.52445412 -2.7034049 0.318931311 0.216142118 0.127240166
v 0.564391434 8.40381145 -2.84439993 0.380320996 0.261003822 0.153212741
v 0.673667669 7.99032736 -2.21583509 0.367136121 0.251368701 0.147634506
v 0.578333974 8.22716522 -2.1200707 0.293920934 0.197865322 0.116658866
v 0.573506355 8.52445412 -2.7034049 0.318931311 0.216142118 0.127240166
v 0.673667669 7.99032736 -2.21583509 0.367136121 0.251368701 0.147634506
v 0.673667669 7.99032736 -2.21583509 0.367136121 0.251368701 0.147634506
v 0.470383316 8.2204752 -2.66203403 0.419999987 0.289999992 0.170000002
v 0.564391434 8.40381145 -2.84439993 0.380320996 0.261003822 0.153212741
v 0.578333974 8.22716522 -2.1200707 0.293920934 0.197865322 0.116658866
v 0.573506355 8.52445412 -2.7034049 0.318931311 0.216142118 0.127240166
v 0.450285524 8.51895046 -2.65402031 0.266139805 0.177563712 0.104905307
v 0.470383316 8.2204752 -2.66203403 0.419999987 0.289999992 0.170000002
v 0.564391434 8.40381145 -2.84439993 0.380320996 0.261003822 0.153212741
v 0.349205852 8.58367825 -3.03002524 0.402880609 0.277489662 0.162757173
v 0.396260649 8.11678886 -2.3481617 0.211588725 0.137699455 0.0818260014
v 0.450285524 8.51895046 -2.65402031 0.266139805 0.177563712 0.104905307
v 0.242603153 8.53670311 -2.93078041 0.203119278 0.131510243 0.0782427713
v 0.470383316 8.2204752 -2.66203403 0.175648674 0.11143557 0.0666205958
v 0.242603153 8.53670311 -2.93078041 0.203119278 0.131510243 0.0782427713
v 0.396260649 8.11678886 -2.3481617 0.211588725 0.137699455 0.0818260014
v 0.573506355 8.52445412 -2.7034049 0.318931311 0.216142118 0.127240166
v 0.350408792 8.96624851 -3.02145076 0.317632496 0.215192974 0.126690671
v 0.564391434 8.40381145 -2.84439993 0.380320996 0.261003822 0.153212741
v 0.470383316 8.2204752 -2.66203403 0.175648674 0.11143557 0.0666205958
v 0.349205852 8.58367825 -3.03002524 0.162824392 0.102063984 0.0611949377
v 0.242603153 8.53670311 -2.93078041 0.203119278 0.131510243 0.0782427713
v 0.350408792 8.96624851 -3.02145076 0.317632496 0.215192974 0.126690671
v 0.349205852 8.58367825 -3.03002524 0.402880609 0.277489662 0.162757173
v 0.564391434 8.40381145 -2.84439993 0.380320996 0.261003822 0.153212741
v 0.573506355 8.52445412 -2.7034049 0.318931311 0.216142118 0.127240166
v 0.450285524 8.51895046 -2.65402031 0.266139805 0.177563712 0.104905307
v 0.238436714 8.91497898 -2.99721289 0.254118085 0.168778598 0.0998191833
v 0.350408792 8.96624851 -3.02145076 0.317632496 0.215192974 0.126690671
v 0.350408792 8.96624851 -3.02145076 0.317632496 0.215192974 0.126690671
v 0.146811783 9.18284416 -3.18466663 0.398166865 0.27404502 0.160762906
v 0.349205852 8.58367825 -3.03002524 0.402880609 0.277489662 0.162757173
v 0.450285524 8.51895046 -2.65402031 0.266139805 0.177563712 0.104905307
v 0.242603153 8.53670311 -2.93078041 0.203119278 0.131510243 0.0782427713
v 0.238436714 8.91497898 -2.99721289 0.254118085 0.168778598 0.0998191833
v 0.349205852 8.58367825 -3.03002524 0.162824392 0.102063984 0.0611949377
v 0.146811783 9.18284416 -3.18466663 0.175433367 0.111278228 0.0665294975
v 0.242603153 8.53670311 -2.93078041 0.203119278 0.131510243 0.0782427713
v 0.242603153 8.53670311 -2.93078041 0.203119278 0.131510243 0.0782427713
v 0.146811783 9.18284416 -3.18466663 0.175433367 0.111278228 0.0665294975
v 0.238436714 8.91497898 -2.99721289 0.254118085 0.168778598 0.0998191833
v 0.350408792 8.96624851 -3.02145076 0.317632496 0.215192974 0.126690671
v -0.219520137 9.93292141 -3.34967589 0.372104704 0.254999608 0.149736613
v 0.146811783 9.18284416 -3.18466663 0.398166865 0.27404502 0.160762906
v 0.238436714 8.91497898 -2.99721289 0.254118085 0.168778598 0.0998191833
v -0.12743929 9.6519413 -3.15962052 0.26813826 0.17902413 0.105750807
v 0.350408792 8.96624851 -3.02145076 0.317632496 0.215192974 0.126690671
v -0.12743929 9.6519413 -3.15962052 0.26813826 0.17902413 0.105750807
v 0.146811783 9.18284416 -3.18466663 0.175433367 0.111278228 0.0665294975
v 0.238436714 8.91497898 -2.99721289 0.254118085 0.168778598 0.0998191833
v -0.236342803 9.77508926 -3.31863809 0.192571193 0.123802036 0.0737801269
v -0.12743929 9.6519413 -3.15962052 0.26813826 0.17902413 0.105750807
v 0.146811783 9.18284416 -3.18466663 0.175433367 0.111278228 0.0665294975
v -0.219520137 9.93292141 -3.34967589 0.372104704 0.254999608 0.149736613
v -0.236342803 9.77508926 -3.31863809 0.419999987 0.289999992 0.170000002
v 0.146811783 9.18284416 -3.18466663 0.398166865 0.27404502 0.160762906
v -0.12743929 9.6519413 -3.15962052 0.26813826 0.17902413 0.105750807
v -0.219520137 9.93292141 -3.34967589 0.372104704 0.254999608 0.149736613
v 0.350408792 8.96624851 -3.02145076 0.317632496 0.215192974 0.126690671
v -0.355857521 10.7257442 -3.66562581 0.31581521 0.213864967 0.125921816
v -0.12743929 9.6519413 -3.15962052 0.26813826 0.17902413 0.105750807
v -0.219520137 9.93292141 -3.34967589 0.372104704 0.254999608 0.149736613
v -0.236342803 9.77508926 -3.31863809 0.192571193 0.123802036 0.0737801269
v -0.462610304 10.7890768 -3.69237208 0.236522973 0.15592064 0.0923751071
v -0.12743929 9.6519413 -3.15962052 0.26813826 0.17902413 0.105750807
v -0.219520137 9.93292141 -3.34967589 0.159999996 0.100000001 0.0599999987
v -0.462610304 10.7890768 -3.69237208 0.236522973 0.15592064 0.0923751071
v -0.236342803 9.77508926 -3.31863809 0.192571193 0.123802036 0.0737801269
v -0.462610304 10.7890768 -3.69237208 0.236522973 0.15592064 0.0923751071
v -0.355857521 10.7257442 -3.66562581 0.31581521 0.213864967 0.125921816
v -0.12743929 9.6519413 -3.15962052 0.26813826 0.17902413 0.105750807
v -0.355857521 10.7257442 -3.66562581 0.31581521 0.213864967 0.125921816
v -0.409637004 10.7314682 -3.742589 0.402133912 0.276944011 0.162441269
v -0.219520137 9.93292141 -3.34967589 0.372104704 0.254999608 0.149736613
v -0.409637004 10.7314682 -3.742589 0.165578142 0.104076333 0.0623599812
v -0.462610304 10.7890768 -3.69237208 0.236522973 0.15592064 0.0923751071
v -0.219520137 9.93292141 -3.34967589 0.159999996 0.100000001 0.0599999987
v -0.409637004 10.7314682 -3.742589 0.165578142 0.104076333 0.0623599812
v -0.599262536 11.5216017 -3.96056795 0.284522712 0.190997362 0.112682685
v -0.462610304 10.7890768 -3.69237208 0.236522973 0.15592064 0.0923751071
v -0.355857521 10.7257442 -3.66562581 0.31581521 0.213864967 0.125921816
v -0.599262536 11.5216017 -3.96056795 0.284522712 0.190997362 0.112682685
v -0.409637004 10.7314682 -3.742589 0.402133912 0.276944011 0.162441269
v -0.462610304 10.7890768 -3.69237208 0.236522973 0.15592064 0.0923751071
v -0.599262536 11.5216017 -3.96056795 0.284522712 0.190997362 0.112682685
v -0.355857521 10.7257442 -3.66562581 0.31581521 0.213864967 0.125921816
vn -0.949992299 -0.297009647 0.0964358225
vn -0.806219816 -0.450208068 0.38382563
vn -0.689616442 -0.605081618 0.397875398
vn -0.869795144 -0.397001326 0.292995632
vn -0.949992299 -0.297009647 0.0964358225
vn -0.806219816 -0.450208068 0.38382563
vn -0.790023029 -0.277904421 0.546473265
vn -0.978487194 -0.191460073 0.0768484622
vn -0.806219816 -0.450208068 0.38382563
vn -0.689616442 -0.605081618 0.397875398
vn -0.405781299 -0.606568873 0.683677971
vn -0.314014852 -0.759385407 0.569849491
vn -0.689616442 -0.605081618 0.397875398
vn -0.869795144 -0.397001326 0.292995632
vn -0.772018611 -0.616555095 0.15442276
vn -0.954583466 -0.29665941 0.0276241377
vn -0.949992299 -0.297009647 0.0964358225
vn -0.869795144 -0.397001326 0.292995632
vn -0.954583466 -0.29665941 0.0276241377
vn -0.985252917 -0.108647928 -0.13218154
vn -0.806219816 -0.450208068 0.38382563
vn -0.790023029 -0.277904421 0.546473265
vn -0.405781299 -0.606568873 0.683677971
vn -0.518916368 -0.276186794 0.808978736
vn -0.949992299 -0.297009647 0.0964358225
vn -0.978487194 -0.191460073 0.0768484622
vn -0.985252917 -0.108647928 -0.13218154
vn -0.973795891 0.101238295 -0.203647256
vn -0.790023029 -0.277904421 0.546473265
vn -0.978487194 -0.191460073 0.0768484622
vn -0.967363596 0.16742596 0.190199271
vn -0.713142872 -0.0484405085 0.699343026
vn -0.405781299 -0.606568873 0.683677971
vn -0.314014852 -0.759385407 0.569849491
vn 0.133704409 -0.642520607 0.754513085
vn 0.117619894 -0.734955311 0.667837024
vn -0.689616442 -0.605081618 0.397875398
vn -0.314014852 -0.759385407 0.569849491
vn -0.772018611 -0.616555095 0.15442276
vn -0.411247343 -0.794890344 0.44612205
vn -0.772018611 -0.616555095 0.15442276
vn -0.954583466 -0.29665941 0.0276241377
vn -0.799506545 -0.586105585 -0.131411836
vn -0.888813794 -0.23944889 -0.390735686
vn -0.954583466 -0.29665941 0.0276241377
vn -0.985252917 -0.108647928 -0.13218154
vn -0.888813794 -0.23944889 -0.390735686
vn -0.909439385 0.0451376177 -0.413379431
vn -0.790023029 -0.277904421 0.546473265
vn -0.518916368 -0.276186794 0.808978736
vn -0.713142872 -0.0484405085 0.699343026
vn -0.570016086 -0.110413603 0.814180851
vn -0.405781299 -0.606568873 0.683677971
vn -0.518916368 -0.276186794 0.808978736
vn 0.133704409 -0.642520607 0.754513085
vn -0.0490442812 -0.330308467 0.942597985
vn -0.985252917 -0.108647928 -0.13218154
vn -0.973795891 0.101238295 -0.203647256
vn -0.909439385 0.0451376177 -0.413379431
vn -0.742732584 0.214059532 -0.634450197
vn -0.978487194 -0.191460073 0.0768484622
vn -0.973795891 0.101238295 -0.203647256
vn -0.967363596 0.16742596 0.190199271
vn -0.975192547 0.13314493 0.17683804
vn -0.967363596 0.16742596 0.190199271
vn -0.713142872 -0.0484405085 0.699343026
vn -0.570016086 -0.110413603 0.814180851
vn -0.673347831 0.059901379 0.736895204
vn 0.133704409 -0.642520607 0.754513085
vn 0.117619894 -0.734955311 0.667837024
vn 0.304659605 -0.548992157 0.77832514
vn 0.487337142 -0.674839795 0.554160357
vn -0.314014852 -0.759385407 0.569849491
vn 0.117619894 -0.734955311 0.667837024
vn -0.411247343 -0.794890344 0.44612205
vn 0.272187173 -0.798073173 0.537580788
vn -0.772018611 -0.616555095 0.15442276
vn -0.411247343 -0.794890344 0.44612205
vn -0.799506545 -0.586105585 -0.131411836
vn -0.427003443 -0.885834396 -0.181562752
vn -0.799506545 -0.586105585 -0.131411836
vn -0.888813794 -0.23944889 -0.390735686
vn -0.597287059 -0.519234955 -0.611263573
vn -0.643220365 -0.184973747 -0.743002236
vn -0.888813794 -0.23944889 -0.390735686
vn -0.909439385 0.0451376177 -0.413379431
vn -0.643220365 -0.184973747 -0.743002236
vn -0.633962989 0.110003509 -0.76549983
vn -0.518916368 -0.276186794 0.808978736
vn -0.570016086 -0.110413603 0.814180851
vn -0.0490442812 -0.330308467 0.942597985
vn -0.389598548 -0.0501806103 0.919616699
vn 0.133704409 -0.642520607 0.754513085
vn -0.0490442812 -0.330308467 0.942597985
vn 0.304659605 -0.548992157 0.77832514
vn 0.216463536 -0.388973087 0.895457149
vn -0.909439385 0.0451376177 -0.413379431
vn -0.742732584 0.214059532 -0.634450197
vn -0.633962989 0.110003509 -0.76549983
vn -0.464391798 0.248718768 -0.849987805
vn -0.973795891 0.101238295 -0.203647256
vn -0.742732584 0.214059532 -0.634450197
vn -0.975192547 0.13314493 0.17683804
vn -0.893610477 0.233000547 -0.383628726
vn -0.967363596 0.16742596 0.190199271
vn -0.975192547 0.13314493 0.17683804
vn -0.673347831 0.059901379 0.736895204
vn -0.976665556 0.10248068 0.188737065
vn -0.570016086 -0.110413603 0.814180851
vn -0.673347831 0.059901379 0.736895204
vn -0.389598548 -0.0501806103 0.919616699
vn -0.417925209 0.171937406 0.892062783
vn 0.304659605 -0.548992157 0.77832514
vn 0.487337142 -0.674839795 0.554160357
vn -0.294129491 -0.743237019 0.600905061
vn 0.541684151 -0.818037152 0.193373725
vn 0.117619894 -0.734955311 0.667837024
vn 0.487337142 -0.674839795 0.554160357
vn 0.272187173 -0.798073173 0.537580788
vn 0.763829947 -0.576498389 0.290195256
vn -0.411247343 -0.794890344 0.44612205
vn 0.272187173 -0.798073173 0.537580788
vn -0.427003443 -0.885834396 -0.181562752
vn 0.319994062 -0.942523897 -0.0961874947
vn -0.799506545 -0.586105585 -0.131411836
vn -0.427003443 -0.885834396 -0.181562752
vn -0.597287059 -0.519234955 -0.611263573
vn -0.11829631 -0.707215846 -0.697030485
vn -0.597287059 -0.519234955 -0.611263573
vn -0.643220365 -0.184973747 -0.743002236
vn -0.11829631 -0.707215846 -0.697030485
vn -0.293741196 -0.346980631 -0.890685499
vn -0.643220365 -0.184973747 -0.743002236
vn -0.633962989 0.110003509 -0.76549983
vn -0.293741196 -0.346980631 -0.890685499
vn -0.254828066 0.0254653059 -0.966650963
vn -0.0490442812 -0.330308467 0.942597985
vn -0.389598548 -0.0501806103 0.919616699
vn 0.216463536 -0.388973087 0.895457149
vn -0.365629137 -0.18659541 0.911864519
vn 0.304659605 -0.548992157 0.77832514
vn 0.216463536 -0.388973087 0.895457149
vn -0.294129491 -0.743237019 0.600905061
vn -0.578894138 -0.723407626 0.376248628
vn -0.633962989 0.110003509 -0.76549983
vn -0.464391798 0.248718768 -0.849987805
vn -0.254828066 0.0254653059 -0.966650963
vn -0.0732384101 0.232355475 -0.969869554
vn -0.742732584 0.214059532 -0.634450197
vn -0.464391798 0.248718768 -0.849987805
vn -0.340863824 0.260209918 -0.90338397
vn -0.577036321 0.422965914 -0.698662221
vn -0.975192547 0.13314493 0.17683804
vn -0.893610477 0.233000547 -0.383628726
vn -0.976665556 0.10248068 0.188737065
vn -0.85713017 0.479810476 -0.187375963
vn -0.742732584 0.214059532 -0.634450197
vn -0.893610477 0.233000547 -0.383628726
vn -0.577036321 0.422965914 -0.698662221
vn -0.643801212 0.622375309 -0.4451617
vn -0.673347831 0.059901379 0.736895204
vn -0.976665556 0.10248068 0.188737065
vn -0.417925209 0.171937406 0.892062783
vn -0.550210297 0.446476012 0.705639601
vn -0.389598548 -0.0501806103 0.919616699
vn -0.417925209 0.171937406 0.892062783
vn -0.365629137 -0.18659541 0.911864519
vn -0.258115649 0.333351284 0.906781793
vn -0.294129491 -0.743237019 0.600905061
vn 0.541684151 -0.818037152 0.193373725
vn -0.747191668 -0.650706172 -0.135225743
vn -0.254164875 -0.680693984 -0.687063217
vn 0.487337142 -0.674839795 0.554160357
vn 0.541684151 -0.818037152 0.193373725
vn 0.763829947 -0.576498389 0.290195256
vn 0.900986791 -0.406318456 -0.152077556
vn 0.272187173 -0.798073173 0.537580788
vn 0.763829947 -0.576498389 0.290195256
vn 0.319994062 -0.942523897 -0.0961874947
vn 0.761407912 -0.648085356 0.0155967521
vn -0.427003443 -0.885834396 -0.181562752
vn 0.319994062 -0.942523897 -0.0961874947
vn -0.11829631 -0.707215846 -0.697030485
vn 0.36326918 -0.717193365 -0.594700694
vn -0.11829631 -0.707215846 -0.697030485
vn -0.293741196 -0.346980631 -0.890685499
vn 0.36326918 -0.717193365 -0.594700694
vn 0.327781081 -0.410745859 -0.850792229
vn -0.293741196 -0.346980631 -0.890685499
vn -0.254828066 0.0254653059 -0.966650963
vn 0.327781081 -0.410745859 -0.850792229
vn 0.147474393 -0.0888445675 -0.985067248
vn 0.216463536 -0.388973087 0.895457149
vn -0.365629137 -0.18659541 0.911864519
vn -0.578894138 -0.723407626 0.376248628
vn -0.492394 -0.788382769 -0.36878261
vn -0.294129491 -0.743237019 0.600905061
vn -0.578894138 -0.723407626 0.376248628
vn -0.690685093 -0.671828389 0.267583013
vn -0.776266515 -0.629031897 0.0415803716
vn -0.254828066 0.0254653059 -0.966650963
vn -0.0732384101 0.232355475 -0.969869554
vn 0.147474393 -0.0888445675 -0.985067248
vn 0.326314837 -0.0276649762 -0.944856167
vn -0.464391798 0.248718768 -0.849987805
vn -0.0732384101 0.232355475 -0.969869554
vn -0.340863824 0.260209918 -0.90338397
vn 0.0624923445 0.223835841 -0.972621083
vn -0.340863824 0.260209918 -0.90338397
vn -0.577036321 0.422965914 -0.698662221
vn 0.000487264537 0.514693737 -0.857374072
vn -0.427289248 0.734722733 -0.526883841
vn -0.893610477 0.233000547 -0.383628726
vn -0.85713017 0.479810476 -0.187375963
vn -0.643801212 0.622375309 -0.4451617
vn -0.635923624 0.757324159 0.148528814
vn -0.976665556 0.10248068 0.188737065
vn -0.85713017 0.479810476 -0.187375963
vn -0.550210297 0.446476012 0.705639601
vn -0.635923624 0.757324159 0.148528814
vn -0.577036321 0.422965914 -0.698662221
vn -0.643801212 0.622375309 -0.4451617
vn -0.427289248 0.734722733 -0.526883841
vn -0.543682873 0.831515789 -0.113975115
vn -0.417925209 0.171937406 0.892062783
vn -0.550210297 0.446476012 0.705639601
vn -0.258115649 0.333351284 0.906781793
vn -0.28850314 0.565156579 0.77289331
vn -0.365629137 -0.18659541 0.911864519
vn -0.258115649 0.333351284 0.906781793
vn -0.492394 -0.788382769 -0.36878261
vn -0.983183444 -0.0465853773 -0.176577762
vn -0.294129491 -0.743237019 0.600905061
vn -0.747191668 -0.650706172 -0.135225743
vn -0.690685093 -0.671828389 0.267583013
vn -0.714333057 -0.635974407 0.292001039
vn -0.747191668 -0.650706172 -0.135225743
vn -0.254164875 -0.680693984 -0.687063217
vn -0.515726864 -0.80217123 -0.300910652
vn -0.414012969 -0.413769335 -0.81079483
vn 0.541684151 -0.818037152 0.193373725
vn -0.254164875 -0.680693984 -0.687063217
vn 0.900986791 -0.406318456 -0.152077556
vn 0.593129098 -0.351736188 -0.724209607
vn 0.763829947 -0.576498389 0.290195256
vn 0.900986791 -0.406318456 -0.152077556
vn 0.761407912 -0.648085356 0.0155967521
vn 0.782139063 -0.469433188 -0.409745067
vn 0.319994062 -0.942523897 -0.0961874947
vn 0.761407912 -0.648085356 0.0155967521
vn 0.36326918 -0.717193365 -0.594700694
vn 0.782139063 -0.469433188 -0.409745067
vn 0.36326918 -0.717193365 -0.594700694
vn 0.327781081 -0.410745859 -0.850792229
vn 0.782139063 -0.469433188 -0.409745067
vn 0.632828474 -0.260625064 -0.729110897
vn 0.327781081 -0.410745859 -0.850792229
vn 0.147474393 -0.0888445675 -0.985067248
vn 0.326314837 -0.0276649762 -0.944856167
vn 0.632828474 -0.260625064 -0.729110897
vn -0.578894138 -0.723407626 0.376248628
vn -0.492394 -0.788382769 -0.36878261
vn -0.776266515 -0.629031897 0.0415803716
vn -0.315382779 -0.8565346 -0.408512294
vn -0.690685093 -0.671828389 0.267583013
vn -0.776266515 -0.629031897 0.0415803716
vn -0.233725891 -0.696070611 0.678865194
vn -0.242691845 -0.729289055 0.639717162
vn -0.0732384101 0.232355475 -0.969869554
vn 0.326314837 -0.0276649762 -0.944856167
vn 0.0624923445 0.223835841 -0.972621083
vn 0.417354137 0.0191521719 -0.908542037
vn -0.340863824 0.260209918 -0.90338397
vn 0.0624923445 0.223835841 -0.972621083
vn 0.000487264537 0.514693737 -0.857374072
vn 0.291820496 0.239615217 -0.925972641
vn 0.000487264537 0.514693737 -0.857374072
vn -0.427289248 0.734722733 -0.526883841
vn 0.457681715 0.78546226 -0.416624665
vn 0.0957167149 0.968471169 -0.230004549
vn -0.643801212 0.622375309 -0.4451617
vn -0.635923624 0.757324159 0.148528814
vn -0.543682873 0.831515789 -0.113975115
vn -0.379480183 0.859225094 0.343113452
vn -0.550210297 0.446476012 0.705639601
vn -0.635923624 0.757324159 0.148528814
vn -0.28850314 0.565156579 0.77289331
vn -0.379480183 0.859225094 0.343113452
vn -0.427289248 0.734722733 -0.526883841
vn -0.543682873 0.831515789 -0.113975115
vn 0.0957167149 0.968471169 -0.230004549
vn -0.275697559 0.961222291 -0.00655182498
vn -0.258115649 0.333351284 0.906781793
vn -0.28850314 0.565156579 0.77289331
vn 0.0797315165 0.58141619 0.809690356
vn -0.154715836 0.701172888 0.696002305
vn -0.492394 -0.788382769 -0.36878261
vn -0.983183444 -0.0465853773 -0.176577762
vn -0.202731401 -0.461509824 -0.863659859
vn -0.40495339 -0.0938110277 -0.909512103
vn -0.258115649 0.333351284 0.906781793
vn -0.983183444 -0.0465853773 -0.176577762
vn -0.154715836 0.701172888 0.696002305
vn -0.602294087 0.481467456 -0.636734486
vn -0.690685093 -0.671828389 0.267583013
vn -0.714333057 -0.635974407 0.292001039
vn -0.242691845 -0.729289055 0.639717162
vn -0.210771263 -0.710652649 0.671228886
vn -0.747191668 -0.650706172 -0.135225743
vn -0.714333057 -0.635974407 0.292001039
vn -0.515726864 -0.80217123 -0.300910652
vn -0.467455864 -0.879718184 0.0870681405
vn -0.515726864 -0.80217123 -0.300910652
vn -0.414012969 -0.413769335 -0.81079483
vn 0.0544168651 -0.854461908 -0.516656101
vn -0.0430358499 -0.289054483 -0.956344783
vn -0.254164875 -0.680693984 -0.687063217
vn -0.414012969 -0.413769335 -0.81079483
vn 0.593129098 -0.351736188 -0.724209607
vn -0.20686619 -0.00685884571 -0.978345156
vn 0.900986791 -0.406318456 -0.152077556
vn 0.593129098 -0.351736188 -0.724209607
vn 0.944185436 -0.159608439 -0.288165331
vn 0.869467974 -0.16039148 -0.467225999
vn 0.900986791 -0.406318456 -0.152077556
vn 0.782139063 -0.469433188 -0.409745067
vn 0.632828474 -0.260625064 -0.729110897
vn 0.75976932 -0.304185331 -0.574649215
vn 0.326314837 -0.0276649762 -0.944856167
vn 0.632828474 -0.260625064 -0.729110897
vn 0.417354137 0.0191521719 -0.908542037
vn 0.75976932 -0.304185331 -0.574649215
vn -0.492394 -0.788382769 -0.36878261
vn -0.315382779 -0.8565346 -0.408512294
vn -0.202731401 -0.461509824 -0.863659859
vn 0.0814131126 -0.589571476 -0.803602457
vn -0.776266515 -0.629031897 0.0415803716
vn -0.315382779 -0.8565346 -0.408512294
vn -0.233725891 -0.696070611 0.678865194
vn 0.0850582346 -0.97856307 -0.187561452
vn -0.233725891 -0.696070611 0.678865194
vn -0.242691845 -0.729289055 0.639717162
vn 0.287963629 -0.573915422 0.766614735
vn 0.205168098 -0.559192479 0.803249478
vn 0.0624923445 0.223835841 -0.972621083
vn 0.417354137 0.0191521719 -0.908542037
vn 0.291820496 0.239615217 -0.925972641
vn 0.645589232 0.119062625 -0.754346132
vn 0.000487264537 0.514693737 -0.857374072
vn 0.291820496 0.239615217 -0.925972641
vn 0.457681715 0.78546226 -0.416624665
vn 0.67089349 0.34899649 -0.6542961
vn 0.457681715 0.78546226 -0.416624665
vn 0.0957167149 0.968471169 -0.230004549
vn 0.726395607 0.654169381 0.210740358
vn 0.316349 0.877174556 0.361231387
vn -0.543682873 0.831515789 -0.113975115
vn -0.379480183 0.859225094 0.343113452
vn -0.275697559 0.961222291 -0.00655182498
vn -0.126815945 0.889438927 0.439108253
vn -0.28850314 0.565156579 0.77289331
vn -0.379480183 0.859225094 0.343113452
vn 0.0797315165 0.58141619 0.809690356
vn -0.126815945 0.889438927 0.439108253
vn 0.0957167149 0.968471169 -0.230004549
vn -0.275697559 0.961222291 -0.00655182498
vn 0.316349 0.877174556 0.361231387
vn -0.126815945 0.889438927 0.439108253
vn 0.0797315165 0.58141619 0.809690356
vn -0.154715836 0.701172888 0.696002305
vn 0.572529554 0.662938476 0.482413292
vn -0.811590254 0.581495404 -0.0564292781
vn -0.983183444 -0.0465853773 -0.176577762
vn -0.40495339 -0.0938110277 -0.909512103
vn -0.602294087 0.481467456 -0.636734486
vn -0.369462252 0.226430327 -0.901236355
vn -0.202731401 -0.461509824 -0.863659859
vn -0.40495339 -0.0938110277 -0.909512103
vn -0.589768827 -0.0826884061 -0.803327739
vn -0.475731075 -0.439807445 -0.761740923
vn -0.154715836 0.701172888 0.696002305
vn -0.602294087 0.481467456 -0.636734486
vn -0.811590254 0.581495404 -0.0564292781
vn -0.312525928 0.431632191 -0.84618032
vn -0.242691845 -0.729289055 0.639717162
vn -0.210771263 -0.710652649 0.671228886
vn 0.287963629 -0.573915422 0.766614735
vn 0.284547627 -0.570123553 0.770708501
vn -0.714333057 -0.635974407 0.292001039
vn -0.210771263 -0.710652649 0.671228886
vn -0.467455864 -0.879718184 0.0870681405
vn -0.331380188 -0.83796525 0.433591396
vn -0.515726864 -0.80217123 -0.300910652
vn -0.467455864 -0.879718184 0.0870681405
vn 0.360683203 -0.89788264 -0.252416223
vn 0.0268874764 -0.999631703 -0.00370740076
vn -0.515726864 -0.80217123 -0.300910652
vn 0.0544168651 -0.854461908 -0.516656101
vn 0.360683203 -0.89788264 -0.252416223
vn 0.674181104 -0.722327232 -0.154022932
vn 0.0544168651 -0.854461908 -0.516656101
vn -0.0430358499 -0.289054483 -0.956344783
vn 0.455813766 -0.497170955 -0.738278151
vn 0.413697839 -0.0880149379 -0.906149805
vn -0.414012969 -0.413769335 -0.81079483
vn -0.0430358499 -0.289054483 -0.956344783
vn -0.20686619 -0.00685884571 -0.978345156
vn 0.127277568 0.0261930637 -0.991521358
vn 0.593129098 -0.351736188 -0.724209607
vn -0.20686619 -0.00685884571 -0.978345156
vn 0.869467974 -0.16039148 -0.467225999
vn -0.100322165 0.162652284 -0.981570184
vn 0.900986791 -0.406318456 -0.152077556
vn 0.944185436 -0.159608439 -0.288165331
vn 0.75976932 -0.304185331 -0.574649215
vn 0.840083599 -0.0993222743 -0.533286572
vn 0.944185436 -0.159608439 -0.288165331
vn 0.869467974 -0.16039148 -0.467225999
vn 0.929727256 0.0432550348 -0.365699977
vn 0.854675829 0.0428996012 -0.517386436
vn 0.417354137 0.0191521719 -0.908542037
vn 0.75976932 -0.304185331 -0.574649215
vn 0.645589232 0.119062625 -0.754346132
vn 0.840083599 -0.0993222743 -0.533286572
vn -0.202731401 -0.461509824 -0.863659859
vn 0.0814131126 -0.589571476 -0.803602457
vn -0.475731075 -0.439807445 -0.761740923
vn -0.270540476 -0.716602206 -0.642875254
vn -0.315382779 -0.8565346 -0.408512294
vn 0.0814131126 -0.589571476 -0.803602457
vn 0.0850582346 -0.97856307 -0.187561452
vn 0.209672064 -0.714682102 -0.667283416
vn -0.233725891 -0.696070611 0.678865194
vn 0.0850582346 -0.97856307 -0.187561452
vn 0.205168098 -0.559192479 0.803249478
vn 0.459474593 -0.846436262 0.269126117
vn 0.287963629 -0.573915422 0.766614735
vn 0.205168098 -0.559192479 0.803249478
vn 0.459474593 -0.846436262 0.269126117
vn 0.804524124 -0.407974333 0.431622267
vn 0.291820496 0.239615217 -0.925972641
vn 0.645589232 0.119062625 -0.754346132
vn 0.67089349 0.34899649 -0.6542961
vn 0.854675829 0.0428996012 -0.517386436
vn 0.457681715 0.78546226 -0.416624665
vn 0.67089349 0.34899649 -0.6542961
vn 0.726395607 0.654169381 0.210740358
vn 0.924037933 0.341832608 -0.171185076
vn 0.726395607 0.654169381 0.210740358
vn 0.316349 0.877174556 0.361231387
vn 0.572529554 0.662938476 0.482413292
vn -0.116609529 0.988411129 0.0971881896
vn 0.0797315165 0.58141619 0.809690356
vn 0.316349 0.877174556 0.361231387
vn -0.126815945 0.889438927 0.439108253
vn 0.572529554 0.662938476 0.482413292
vn 0.572529554 0.662938476 0.482413292
vn -0.811590254 0.581495404 -0.0564292781
vn -0.116609529 0.988411129 0.0971881896
vn -0.435671985 0.522771001 -0.732734799
vn -0.602294087 0.481467456 -0.636734486
vn -0.369462252 0.226430327 -0.901236355
vn -0.251087725 0.43592608 -0.864247262
vn -0.243321911 0.26765579 -0.932284713
vn -0.40495339 -0.0938110277 -0.909512103
vn -0.369462252 0.226430327 -0.901236355
vn -0.589768827 -0.0826884061 -0.803327739
vn -0.319515228 0.114809833 -0.940600157
vn -0.589768827 -0.0826884061 -0.803327739
vn -0.475731075 -0.439807445 -0.761740923
vn -0.854534209 -0.336002618 -0.39607209
vn -0.779416203 -0.0993306637 -0.618582249
vn -0.602294087 0.481467456 -0.636734486
vn -0.312525928 0.431632191 -0.84618032
vn -0.251087725 0.43592608 -0.864247262
vn -0.14254348 0.427046388 -0.892923653
vn -0.811590254 0.581495404 -0.0564292781
vn -0.312525928 0.431632191 -0.84618032
vn -0.435671985 0.522771001 -0.732734799
vn -0.196080372 0.539234817 -0.819010556
vn 0.287963629 -0.573915422 0.766614735
vn 0.284547627 -0.570123553 0.770708501
vn 0.804524124 -0.407974333 0.431622267
vn 0.431125492 -0.470853359 0.769693136
vn -0.210771263 -0.710652649 0.671228886
vn 0.284547627 -0.570123553 0.770708501
vn -0.331380188 -0.83796525 0.433591396
vn 0.458070487 -0.71085006 0.533725679
vn -0.467455864 -0.879718184 0.0870681405
vn -0.331380188 -0.83796525 0.433591396
vn 0.0268874764 -0.999631703 -0.00370740076
vn 0.458070487 -0.71085006 0.533725679
vn 0.360683203 -0.89788264 -0.252416223
vn 0.0268874764 -0.999631703 -0.00370740076
vn 0.458070487 -0.71085006 0.533725679
vn 0.769526124 -0.636694789 0.0494880602
vn 0.360683203 -0.89788264 -0.252416223
vn 0.674181104 -0.722327232 -0.154022932
vn 0.769526124 -0.636694789 0.0494880602
vn 0.701687574 -0.703880191 -0.110395201
vn 0.0544168651 -0.854461908 -0.516656101
vn 0.674181104 -0.722327232 -0.154022932
vn 0.455813766 -0.497170955 -0.738278151
vn 0.804968596 -0.462287724 -0.371908426
vn 0.455813766 -0.497170955 -0.738278151
vn 0.413697839 -0.0880149379 -0.906149805
vn 0.804968596 -0.462287724 -0.371908426
vn 0.724996328 -0.187960029 -0.662609518
vn -0.0430358499 -0.289054483 -0.956344783
vn 0.413697839 -0.0880149379 -0.906149805
vn 0.127277568 0.0261930637 -0.991521358
vn 0.313126385 0.0377827063 -0.948959649
vn -0.20686619 -0.00685884571 -0.978345156
vn 0.127277568 0.0261930637 -0.991521358
vn 0.0159307383 0.0288289562 -0.999457121
vn 0.219230682 0.00283470144 -0.975668907
vn -0.20686619 -0.00685884571 -0.978345156
vn -0.100322165 0.162652284 -0.981570184
vn 0.0159307383 0.0288289562 -0.999457121
vn -0.29757452 0.0453127027 -0.95362258
vn 0.869467974 -0.16039148 -0.467225999
vn -0.100322165 0.162652284 -0.981570184
vn 0.929727256 0.0432550348 -0.365699977
vn 0.312816143 0.416632593 -0.853559196
vn 0.944185436 -0.159608439 -0.288165331
vn 0.645589232 0.119062625 -0.754346132
vn 0.840083599 -0.0993222743 -0.533286572
vn 0.854675829 0.0428996012 -0.517386436
vn 0.67089349 0.34899649 -0.6542961
vn 0.929727256 0.0432550348 -0.365699977
vn 0.854675829 0.0428996012 -0.517386436
vn 0.924037933 0.341832608 -0.171185076
vn -0.475731075 -0.439807445 -0.761740923
vn -0.270540476 -0.716602206 -0.642875254
vn -0.854534209 -0.336002618 -0.39607209
vn -0.782284617 -0.565547466 -0.261125505
vn 0.0814131126 -0.589571476 -0.803602457
vn -0.270540476 -0.716602206 -0.642875254
vn 0.209672064 -0.714682102 -0.667283416
vn -0.0316732079 -0.859517753 -0.510123014
vn 0.0850582346 -0.97856307 -0.187561452
vn 0.209672064 -0.714682102 -0.667283416
vn 0.333586961 -0.762914121 -0.553788364
vn 0.16992265 -0.874352336 -0.454570621
vn 0.0850582346 -0.97856307 -0.187561452
vn 0.459474593 -0.846436262 0.269126117
vn 0.333586961 -0.762914121 -0.553788364
vn 0.539213896 -0.662006676 -0.520572186
vn 0.459474593 -0.846436262 0.269126117
vn 0.804524124 -0.407974333 0.431622267
vn 0.539213896 -0.662006676 -0.520572186
vn 0.800715387 -0.553077459 -0.230130672
vn 0.726395607 0.654169381 0.210740358
vn 0.924037933 0.341832608 -0.171185076
vn -0.116609529 0.988411129 0.0971881896
vn -0.709058225 0.704002798 -0.0402043313
vn -0.116609529 0.988411129 0.0971881896
vn -0.435671985 0.522771001 -0.732734799
vn -0.719795048 0.682219923 0.128339455
vn 0.384724379 0.561741352 -0.732416093
vn -0.251087725 0.43592608 -0.864247262
vn -0.243321911 0.26765579 -0.932284713
vn -0.333917767 0.567068458 -0.752949119
vn -0.429291576 0.447124124 -0.78472203
vn -0.369462252 0.226430327 -0.901236355
vn -0.243321911 0.26765579 -0.932284713
vn -0.319515228 0.114809833 -0.940600157
vn -0.483950526 0.108453408 -0.868348598
vn -0.589768827 -0.0826884061 -0.803327739
vn -0.319515228 0.114809833 -0.940600157
vn -0.779416203 -0.0993306637 -0.618582249
vn -0.483950526 0.108453408 -0.868348598
vn -0.854534209 -0.336002618 -0.39607209
vn -0.779416203 -0.0993306637 -0.618582249
vn -0.912897766 0.0308152623 -0.407022983
vn -0.976124763 -0.190551668 -0.10426081
vn -0.312525928 0.431632191 -0.84618032
vn -0.14254348 0.427046388 -0.892923653
vn -0.196080372 0.539234817 -0.819010556
vn -0.328812867 0.541166425 -0.773964465
vn -0.251087725 0.43592608 -0.864247262
vn -0.14254348 0.427046388 -0.892923653
vn -0.333917767 0.567068458 -0.752949119
vn -0.328812867 0.541166425 -0.773964465
vn -0.435671985 0.522771001 -0.732734799
vn -0.196080372 0.539234817 -0.819010556
vn 0.384724379 0.561741352 -0.732416093
vn 0.260033906 0.512886107 -0.818126142
vn 0.804524124 -0.407974333 0.431622267
vn 0.431125492 -0.470853359 0.769693136
vn 0.937663019 -0.092630513 0.334973425
vn 0.415526032 -0.234358206 0.878870785
vn 0.284547627 -0.570123553 0.770708501
vn 0.431125492 -0.470853359 0.769693136
vn 0.574762225 -0.53114152 0.622524917
vn 0.584195971 -0.648439586 0.488099456
vn 0.284547627 -0.570123553 0.770708501
vn 0.458070487 -0.71085006 0.533725679
vn 0.769526124 -0.636694789 0.0494880602
vn 0.584195971 -0.648439586 0.488099456
vn 0.769526124 -0.636694789 0.0494880602
vn 0.701687574 -0.703880191 -0.110395201
vn 0.584195971 -0.648439586 0.488099456
vn 0.506263435 -0.825421453 0.249752373
vn 0.674181104 -0.722327232 -0.154022932
vn 0.701687574 -0.703880191 -0.110395201
vn 0.804968596 -0.462287724 -0.371908426
vn 0.674878955 -0.580384552 -0.455732584
vn 0.804968596 -0.462287724 -0.371908426
vn 0.724996328 -0.187960029 -0.662609518
vn 0.674878955 -0.580384552 -0.455732584
vn 0.556157053 -0.376544505 -0.740880311
vn 0.413697839 -0.0880149379 -0.906149805
vn 0.724996328 -0.187960029 -0.662609518
vn 0.313126385 0.0377827063 -0.948959649
vn 0.34649542 -0.070147492 -0.935425103
vn 0.127277568 0.0261930637 -0.991521358
vn 0.313126385 0.0377827063 -0.948959649
vn 0.219230682 0.00283470144 -0.975668907
vn 0.34649542 -0.070147492 -0.935425103
vn 0.0159307383 0.0288289562 -0.999457121
vn 0.219230682 0.00283470144 -0.975668907
vn 0.424698174 0.144285589 -0.893763304
vn 0.137957424 0.22278066 -0.965057671
vn 0.0159307383 0.0288289562 -0.999457121
vn -0.29757452 0.0453127027 -0.95362258
vn 0.137957424 0.22278066 -0.965057671
vn -0.122562319 0.350115627 -0.928653538
vn -0.100322165 0.162652284 -0.981570184
vn -0.29757452 0.0453127027 -0.95362258
vn 0.312816143 0.416632593 -0.853559196
vn -0.568729043 0.198902309 -0.798113346
vn 0.929727256 0.0432550348 -0.365699977
vn 0.924037933 0.341832608 -0.171185076
vn 0.312816143 0.416632593 -0.853559196
vn -0.709058225 0.704002798 -0.0402043313
vn -0.854534209 -0.336002618 -0.39607209
vn -0.782284617 -0.565547466 -0.261125505
vn -0.976124763 -0.190551668 -0.10426081
vn -0.88871485 -0.388965368 0.242676303
vn -0.270540476 -0.716602206 -0.642875254
vn -0.782284617 -0.565547466 -0.261125505
vn -0.0316732079 -0.859517753 -0.510123014
vn -0.609208405 -0.792768717 -0.0195673462
vn 0.209672064 -0.714682102 -0.667283416
vn -0.0316732079 -0.859517753 -0.510123014
vn 0.16992265 -0.874352336 -0.454570621
vn -0.0639530122 -0.994690478 -0.0806270093
vn 0.333586961 -0.762914121 -0.553788364
vn 0.16992265 -0.874352336 -0.454570621
vn 0.0767131373 -0.984848738 0.15552482
vn 0.467445999 -0.881666899 -0.0644789487
vn 0.333586961 -0.762914121 -0.553788364
vn 0.539213896 -0.662006676 -0.520572186
vn 0.467445999 -0.881666899 -0.0644789487
vn 0.756676435 -0.645652294 -0.102827847
vn 0.804524124 -0.407974333 0.431622267
vn 0.800715387 -0.553077459 -0.230130672
vn 0.937663019 -0.092630513 0.334973425
vn 0.968966544 -0.143715739 -0.201120153
vn 0.539213896 -0.662006676 -0.520572186
vn 0.800715387 -0.553077459 -0.230130672
vn 0.756676435 -0.645652294 -0.102827847
vn 0.897769451 -0.402379155 0.179167882
vn -0.116609529 0.988411129 0.0971881896
vn -0.709058225 0.704002798 -0.0402043313
vn -0.863986135 0.462175459 0.199804768
vn -0.873675525 0.293264449 -0.38818413
vn -0.116609529 0.988411129 0.0971881896
vn -0.719795048 0.682219923 0.128339455
vn -0.805879593 0.591048598 0.0349224247
vn -0.791951776 0.275773287 0.544757724
vn -0.719795048 0.682219923 0.128339455
vn 0.384724379 0.561741352 -0.732416093
vn 0.344759852 0.93233794 -0.109025784
vn 0.599649012 0.520221889 -0.608103752
vn -0.333917767 0.567068458 -0.752949119
vn -0.429291576 0.447124124 -0.78472203
vn -0.570673585 0.68108815 -0.458748817
vn -0.775250077 0.413451821 -0.477540404
vn -0.243321911 0.26765579 -0.932284713
vn -0.429291576 0.447124124 -0.78472203
vn -0.483950526 0.108453408 -0.868348598
vn -0.752775431 0.190325335 -0.630162954
vn -0.779416203 -0.0993306637 -0.618582249
vn -0.483950526 0.108453408 -0.868348598
vn -0.912897766 0.0308152623 -0.407022983
vn -0.752775431 0.190325335 -0.630162954
vn -0.912897766 0.0308152623 -0.407022983
vn -0.976124763 -0.190551668 -0.10426081
vn -0.775250077 0.413451821 -0.477540404
vn -0.962122321 0.239066944 -0.131023899
vn -0.196080372 0.539234817 -0.819010556
vn -0.328812867 0.541166425 -0.773964465
vn -0.532553136 0.608434737 -0.588382304
vn -0.620024085 0.641741931 -0.451372713
vn -0.333917767 0.567068458 -0.752949119
vn -0.328812867 0.541166425 -0.773964465
vn -0.570673585 0.68108815 -0.458748817
vn -0.620024085 0.641741931 -0.451372713
vn -0.196080372 0.539234817 -0.819010556
vn 0.260033906 0.512886107 -0.818126142
vn -0.532553136 0.608434737 -0.588382304
vn 0.0481478423 0.68976301 -0.722432196
vn 0.384724379 0.561741352 -0.732416093
vn 0.260033906 0.512886107 -0.818126142
vn 0.599649012 0.520221889 -0.608103752
vn 0.558455825 0.661064923 -0.501118481
vn 0.937663019 -0.092630513 0.334973425
vn 0.415526032 -0.234358206 0.878870785
vn 0.593769848 0.467639953 0.654790282
vn 0.536324918 0.0181193836 0.843817055
vn 0.431125492 -0.470853359 0.769693136
vn 0.415526032 -0.234358206 0.878870785
vn 0.574762225 -0.53114152 0.622524917
vn 0.749918997 -0.247789741 0.613369226
vn 0.574762225 -0.53114152 0.622524917
vn 0.584195971 -0.648439586 0.488099456
vn 0.506263435 -0.825421453 0.249752373
vn 0.67066437 -0.511299729 0.537384272
vn 0.701687574 -0.703880191 -0.110395201
vn 0.506263435 -0.825421453 0.249752373
vn 0.674878955 -0.580384552 -0.455732584
vn 0.637726426 -0.741899967 -0.207098216
vn 0.674878955 -0.580384552 -0.455732584
vn 0.556157053 -0.376544505 -0.740880311
vn 0.637726426 -0.741899967 -0.207098216
vn 0.744042397 -0.255017817 -0.617549062
vn 0.724996328 -0.187960029 -0.662609518
vn 0.556157053 -0.376544505 -0.740880311
vn 0.34649542 -0.070147492 -0.935425103
vn 0.631663322 -0.108419061 -0.767623842
vn 0.219230682 0.00283470144 -0.975668907
vn 0.34649542 -0.070147492 -0.935425103
vn 0.424698174 0.144285589 -0.893763304
vn 0.631663322 -0.108419061 -0.767623842
vn 0.424698174 0.144285589 -0.893763304
vn 0.137957424 0.22278066 -0.965057671
vn 0.298672289 0.661129177 -0.688260674
vn 0.60513097 0.442025661 -0.662139952
vn 0.137957424 0.22278066 -0.965057671
vn -0.122562319 0.350115627 -0.928653538
vn 0.298672289 0.661129177 -0.688260674
vn -0.121937841 0.778660893 -0.61548233
vn -0.29757452 0.0453127027 -0.95362258
vn -0.122562319 0.350115627 -0.928653538
vn -0.568729043 0.198902309 -0.798113346
vn -0.504662156 0.34001261 -0.793541074
vn 0.312816143 0.416632593 -0.853559196
vn -0.709058225 0.704002798 -0.0402043313
vn -0.568729043 0.198902309 -0.798113346
vn -0.873675525 0.293264449 -0.38818413
vn -0.976124763 -0.190551668 -0.10426081
vn -0.88871485 -0.388965368 0.242676303
vn -0.864817619 -0.117632277 0.488111913
vn -0.77842772 -0.253850341 0.574116945
vn -0.782284617 -0.565547466 -0.261125505
vn -0.88871485 -0.388965368 0.242676303
vn -0.609208405 -0.792768717 -0.0195673462
vn -0.7514503 -0.511337698 0.416960686
vn -0.0316732079 -0.859517753 -0.510123014
vn -0.609208405 -0.792768717 -0.0195673462
vn -0.0639530122 -0.994690478 -0.0806270093
vn -0.329967707 -0.906215429 0.264375925
vn 0.16992265 -0.874352336 -0.454570621
vn -0.0639530122 -0.994690478 -0.0806270093
vn 0.0767131373 -0.984848738 0.15552482
vn -0.279485643 -0.861184716 0.424556643
vn 0.0767131373 -0.984848738 0.15552482
vn 0.467445999 -0.881666899 -0.0644789487
vn 0.425896406 -0.645169199 0.634325624
vn 0.0190491434 -0.63454318 0.772652626
vn 0.467445999 -0.881666899 -0.0644789487
vn 0.756676435 -0.645652294 -0.102827847
vn 0.425896406 -0.645169199 0.634325624
vn 0.767397106 -0.524699271 0.368500024
vn 0.800715387 -0.553077459 -0.230130672
vn 0.968966544 -0.143715739 -0.201120153
vn 0.897769451 -0.402379155 0.179167882
vn 0.933006823 -0.0746417567 0.352032423
vn 0.937663019 -0.092630513 0.334973425
vn 0.968966544 -0.143715739 -0.201120153
vn 0.593769848 0.467639953 0.654790282
vn 0.93994987 0.338477492 -0.0439005308
vn 0.756676435 -0.645652294 -0.102827847
vn 0.897769451 -0.402379155 0.179167882
vn 0.767397106 -0.524699271 0.368500024
vn 0.79739821 -0.256772429 0.54609853
vn -0.116609529 0.988411129 0.0971881896
vn -0.863986135 0.462175459 0.199804768
vn -0.805879593 0.591048598 0.0349224247
vn -0.499092966 0.862659097 0.0820095092
vn -0.863986135 0.462175459 0.199804768
vn -0.873675525 0.293264449 -0.38818413
vn -0.529055357 0.688190401 -0.496481478
vn -0.563542068 0.825504005 -0.0310366247
vn -0.805879593 0.591048598 0.0349224247
vn -0.791951776 0.275773287 0.544757724
vn -0.224330664 0.92675668 0.30132696
vn -0.253199577 0.726760209 0.638521373
vn -0.719795048 0.682219923 0.128339455
vn -0.791951776 0.275773287 0.544757724
vn 0.344759852 0.93233794 -0.109025784
vn -0.253199577 0.726760209 0.638521373
vn 0.344759852 0.93233794 -0.109025784
vn 0.599649012 0.520221889 -0.608103752
vn 0.731892943 0.476931304 -0.486691982
vn 0.652957916 0.655917227 -0.378706664
vn -0.570673585 0.68108815 -0.458748817
vn -0.775250077 0.413451821 -0.477540404
vn -0.962122321 0.239066944 -0.131023899
vn -0.741336405 0.67082417 0.0203653499
vn -0.429291576 0.447124124 -0.78472203
vn -0.912897766 0.0308152623 -0.407022983
vn -0.775250077 0.413451821 -0.477540404
vn -0.752775431 0.190325335 -0.630162954
vn -0.976124763 -0.190551668 -0.10426081
vn -0.962122321 0.239066944 -0.131023899
vn -0.864817619 -0.117632277 0.488111913
vn -0.866389871 0.222901747 0.446859479
vn -0.532553136 0.608434737 -0.588382304
vn -0.620024085 0.641741931 -0.451372713
vn -0.580670953 0.790138602 0.196219578
vn -0.717098892 0.693063319 0.0737046078
vn -0.570673585 0.68108815 -0.458748817
vn -0.620024085 0.641741931 -0.451372713
vn -0.741336405 0.67082417 0.0203653499
vn -0.717098892 0.693063319 0.0737046078
vn 0.260033906 0.512886107 -0.818126142
vn 0.0481478423 0.68976301 -0.722432196
vn 0.558455825 0.661064923 -0.501118481
vn 0.233379677 0.972040892 -0.0258933138
vn -0.532553136 0.608434737 -0.588382304
vn 0.0481478423 0.68976301 -0.722432196
vn -0.580670953 0.790138602 0.196219578
vn 0.233379677 0.972040892 -0.0258933138
vn 0.599649012 0.520221889 -0.608103752
vn 0.558455825 0.661064923 -0.501118481
vn 0.652957916 0.655917227 -0.378706664
vn 0.643095136 0.734748721 -0.215807438
vn 0.593769848 0.467639953 0.654790282
vn 0.536324918 0.0181193836 0.843817055
vn 0.146029547 0.646726191 0.748612583
vn 0.637498736 0.412790656 0.65053767
vn 0.415526032 -0.234358206 0.878870785
vn 0.536324918 0.0181193836 0.843817055
vn 0.749918997 -0.247789741 0.613369226
vn 0.903448224 0.0453634113 0.426290303
vn 0.574762225 -0.53114152 0.622524917
vn 0.749918997 -0.247789741 0.613369226
vn 0.67066437 -0.511299729 0.537384272
vn 0.900180399 -0.097279489 0.424513519
vn 0.506263435 -0.825421453 0.249752373
vn 0.67066437 -0.511299729 0.537384272
vn 0.637726426 -0.741899967 -0.207098216
vn 0.896079004 -0.430086851 0.109852858
vn 0.637726426 -0.741899967 -0.207098216
vn 0.744042397 -0.255017817 -0.617549062
vn 0.896079004 -0.430086851 0.109852858
vn 0.995506108 -0.0822356865 0.0469562598
vn 0.556157053 -0.376544505 -0.740880311
vn 0.744042397 -0.255017817 -0.617549062
vn 0.631663322 -0.108419061 -0.767623842
vn 0.843256712 0.161951452 -0.51253283
vn 0.424698174 0.144285589 -0.893763304
vn 0.631663322 -0.108419061 -0.767623842
vn 0.60513097 0.442025661 -0.662139952
vn 0.779688418 0.283753335 -0.558184206
vn 0.298672289 0.661129177 -0.688260674
vn 0.60513097 0.442025661 -0.662139952
vn 0.541511953 0.759494603 -0.360461533
vn 0.0219233483 0.966217279 -0.256795228
vn 0.298672289 0.661129177 -0.688260674
vn -0.121937841 0.778660893 -0.61548233
vn 0.0219233483 0.966217279 -0.256795228
vn -0.228670061 0.956085324 -0.183332503
vn -0.122562319 0.350115627 -0.928653538
vn -0.121937841 0.778660893 -0.61548233
vn -0.504662156 0.34001261 -0.793541074
vn -0.529055357 0.688190401 -0.496481478
vn -0.568729043 0.198902309 -0.798113346
vn -0.873675525 0.293264449 -0.38818413
vn -0.504662156 0.34001261 -0.793541074
vn -0.529055357 0.688190401 -0.496481478
vn -0.864817619 -0.117632277 0.488111913
vn -0.77842772 -0.253850341 0.574116945
vn -0.746009588 0.174185261 0.642751217
vn -0.757120132 -0.0808162466 0.648257494
vn -0.88871485 -0.388965368 0.242676303
vn -0.77842772 -0.253850341 0.574116945
vn -0.7514503 -0.511337698 0.416960686
vn -0.679736733 -0.318042308 0.660913825
vn -0.609208405 -0.792768717 -0.0195673462
vn -0.7514503 -0.511337698 0.416960686
vn -0.329967707 -0.906215429 0.264375925
vn -0.540344 -0.631955922 0.555572033
vn -0.0639530122 -0.994690478 -0.0806270093
vn -0.329967707 -0.906215429 0.264375925
vn -0.279485643 -0.861184716 0.424556643
vn -0.540344 -0.631955922 0.555572033
vn 0.0767131373 -0.984848738 0.15552482
vn -0.279485643 -0.861184716 0.424556643
vn 0.0190491434 -0.63454318 0.772652626
vn -0.386087984 -0.520367563 0.761678278
vn 0.425896406 -0.645169199 0.634325624
vn 0.0190491434 -0.63454318 0.772652626
vn 0.0892280638 -0.242710605 0.96598655
vn 0.464276105 -0.310250789 0.829573452
vn 0.425896406 -0.645169199 0.634325624
vn 0.767397106 -0.524699271 0.368500024
vn 0.79739821 -0.256772429 0.54609853
vn 0.464276105 -0.310250789 0.829573452
vn 0.897769451 -0.402379155 0.179167882
vn 0.933006823 -0.0746417567 0.352032423
vn 0.79739821 -0.256772429 0.54609853
vn 0.835719109 0.0123238387 0.549018383
vn 0.968966544 -0.143715739 -0.201120153
vn 0.933006823 -0.0746417567 0.352032423
vn 0.93994987 0.338477492 -0.0439005308
vn 0.908034146 0.278995246 0.3124668
vn 0.593769848 0.467639953 0.654790282
vn 0.93994987 0.338477492 -0.0439005308
vn 0.358317167 0.848790646 0.388796926
vn 0.844425797 0.472705662 -0.251980692
vn -0.863986135 0.462175459 0.199804768
vn -0.499092966 0.862659097 0.0820095092
vn -0.563542068 0.825504005 -0.0310366247
vn -0.228670061 0.956085324 -0.183332503
vn -0.805879593 0.591048598 0.0349224247
vn -0.499092966 0.862659097 0.0820095092
vn -0.224330664 0.92675668 0.30132696
vn -0.143703803 0.988127828 0.0543365777
vn -0.121937841 0.778660893 -0.61548233
vn -0.529055357 0.688190401 -0.496481478
vn -0.563542068 0.825504005 -0.0310366247
vn -0.228670061 0.956085324 -0.183332503
vn -0.224330664 0.92675668 0.30132696
vn -0.253199577 0.726760209 0.638521373
vn 0.133092523 0.848613858 0.511996925
vn -0.0683576241 0.710180283 0.700693369
vn 0.344759852 0.93233794 -0.109025784
vn -0.253199577 0.726760209 0.638521373
vn 0.358317167 0.848790646 0.388796926
vn -0.0683576241 0.710180283 0.700693369
vn 0.344759852 0.93233794 -0.109025784
vn 0.731892943 0.476931304 -0.486691982
vn 0.358317167 0.848790646 0.388796926
vn 0.844425797 0.472705662 -0.251980692
vn 0.731892943 0.476931304 -0.486691982
vn 0.652957916 0.655917227 -0.378706664
vn 0.932135761 0.335704446 -0.135740429
vn 0.837428749 0.545189798 -0.0384796448
vn -0.962122321 0.239066944 -0.131023899
vn -0.741336405 0.67082417 0.0203653499
vn -0.866389871 0.222901747 0.446859479
vn -0.673399985 0.48281467 0.559841335
vn -0.864817619 -0.117632277 0.488111913
vn -0.866389871 0.222901747 0.446859479
vn -0.746009588 0.174185261 0.642751217
vn -0.673399985 0.48281467 0.559841335
vn -0.580670953 0.790138602 0.196219578
vn -0.717098892 0.693063319 0.0737046078
vn -0.677266955 0.623865664 0.390001267
vn -0.634383738 0.631603956 0.445682824
vn -0.741336405 0.67082417 0.0203653499
vn -0.717098892 0.693063319 0.0737046078
vn -0.673399985 0.48281467 0.559841335
vn -0.634383738 0.631603956 0.445682824
vn 0.558455825 0.661064923 -0.501118481
vn 0.233379677 0.972040892 -0.0258933138
vn 0.643095136 0.734748721 -0.215807438
vn 0.454350263 0.865585029 0.210543334
vn -0.580670953 0.790138602 0.196219578
vn 0.233379677 0.972040892 -0.0258933138
vn 0.454350263 0.865585029 0.210543334
vn -0.143506631 0.943945587 0.297275007
vn 0.652957916 0.655917227 -0.378706664
vn 0.643095136 0.734748721 -0.215807438
vn 0.837428749 0.545189798 -0.0384796448
vn 0.696973741 0.638578475 0.326258719
vn 0.593769848 0.467639953 0.654790282
vn 0.146029547 0.646726191 0.748612583
vn 0.358317167 0.848790646 0.388796926
vn -0.0683576241 0.710180283 0.700693369
vn 0.146029547 0.646726191 0.748612583
vn 0.637498736 0.412790656 0.65053767
vn 0.482010305 0.805590212 0.344514579
vn 0.879411459 0.410929322 0.240358755
vn 0.536324918 0.0181193836 0.843817055
vn 0.637498736 0.412790656 0.65053767
vn 0.903448224 0.0453634113 0.426290303
vn 0.879411459 0.410929322 0.240358755
vn 0.749918997 -0.247789741 0.613369226
vn 0.903448224 0.0453634113 0.426290303
vn 0.900180399 -0.097279489 0.424513519
vn 0.955249846 0.148006812 0.256108671
vn 0.67066437 -0.511299729 0.537384272
vn 0.900180399 -0.097279489 0.424513519
vn 0.896079004 -0.430086851 0.109852858
vn 0.995506108 -0.0822356865 0.0469562598
vn 0.744042397 -0.255017817 -0.617549062
vn 0.995506108 -0.0822356865 0.0469562598
vn 0.843256712 0.161951452 -0.51253283
vn 0.965316713 0.249269068 -0.0776419044
vn 0.631663322 -0.108419061 -0.767623842
vn 0.843256712 0.161951452 -0.51253283
vn 0.779688418 0.283753335 -0.558184206
vn 0.909909189 0.327821553 -0.254161417
vn 0.60513097 0.442025661 -0.662139952
vn 0.779688418 0.283753335 -0.558184206
vn 0.541511953 0.759494603 -0.360461533
vn 0.875867009 0.437899113 -0.20273371
vn 0.541511953 0.759494603 -0.360461533
vn 0.0219233483 0.966217279 -0.256795228
vn -0.143703803 0.988127828 0.0543365777
vn 0.321612328 0.90602833 0.27509585
vn -0.499092966 0.862659097 0.0820095092
vn 0.0219233483 0.966217279 -0.256795228
vn -0.228670061 0.956085324 -0.183332503
vn -0.143703803 0.988127828 0.0543365777
vn -0.746009588 0.174185261 0.642751217
vn -0.757120132 -0.0808162466 0.648257494
vn -0.781259656 0.375530511 0.498608202
vn -0.753614068 0.0571876541 0.654824793
vn -0.77842772 -0.253850341 0.574116945
vn -0.757120132 -0.0808162466 0.648257494
vn -0.679736733 -0.318042308 0.660913825
vn -0.55705899 -0.191432133 0.808108032
vn -0.7514503 -0.511337698 0.416960686
vn -0.679736733 -0.318042308 0.660913825
vn -0.540344 -0.631955922 0.555572033
vn -0.524856091 -0.350934297 0.775480926
vn -0.279485643 -0.861184716 0.424556643
vn -0.540344 -0.631955922 0.555572033
vn -0.386087984 -0.520367563 0.761678278
vn -0.524856091 -0.350934297 0.775480926
vn 0.0190491434 -0.63454318 0.772652626
vn -0.386087984 -0.520367563 0.761678278
vn 0.0892280638 -0.242710605 0.96598655
vn -0.325167567 -0.201409519 0.923958719
vn 0.0892280638 -0.242710605 0.96598655
vn 0.464276105 -0.310250789 0.829573452
vn 0.45934701 0.118720375 0.88028729
vn 0.00994881801 0.0529375263 0.99854821
vn 0.79739821 -0.256772429 0.54609853
vn 0.464276105 -0.310250789 0.829573452
vn 0.835719109 0.0123238387 0.549018383
vn 0.45934701 0.118720375 0.88028729
vn 0.933006823 -0.0746417567 0.352032423
vn 0.835719109 0.0123238387 0.549018383
vn 0.908034146 0.278995246 0.3124668
vn 0.71686554 0.2714203 0.642211139
vn 0.93994987 0.338477492 -0.0439005308
vn 0.908034146 0.278995246 0.3124668
vn 0.844425797 0.472705662 -0.251980692
vn 0.942139864 0.334894389 0.0147644188
vn -0.224330664 0.92675668 0.30132696
vn -0.143703803 0.988127828 0.0543365777
vn 0.133092523 0.848613858 0.511996925
vn 0.321612328 0.90602833 0.27509585
vn 0.146029547 0.646726191 0.748612583
vn 0.133092523 0.848613858 0.511996925
vn -0.0683576241 0.710180283 0.700693369
vn 0.482010305 0.805590212 0.344514579
vn 0.731892943 0.476931304 -0.486691982
vn 0.844425797 0.472705662 -0.251980692
vn 0.932135761 0.335704446 -0.135740429
vn 0.942139864 0.334894389 0.0147644188
vn 0.932135761 0.335704446 -0.135740429
vn 0.837428749 0.545189798 -0.0384796448
vn 0.942139864 0.334894389 0.0147644188
vn 0.84304291 0.370074093 0.390286416
vn -0.746009588 0.174185261 0.642751217
vn -0.673399985 0.48281467 0.559841335
vn -0.634383738 0.631603956 0.445682824
vn -0.781259656 0.375530511 0.498608202
vn -0.580670953 0.790138602 0.196219578
vn -0.677266955 0.623865664 0.390001267
vn -0.143506631 0.943945587 0.297275007
vn -0.539951205 0.67685914 0.500314236
vn -0.677266955 0.623865664 0.390001267
vn -0.634383738 0.631603956 0.445682824
vn -0.781259656 0.375530511 0.498608202
vn -0.636444211 0.607564092 0.475189239
vn 0.643095136 0.734748721 -0.215807438
vn 0.454350263 0.865585029 0.210543334
vn 0.696973741 0.638578475 0.326258719
vn 0.501833439 0.765364587 0.402964145
vn 0.454350263 0.865585029 0.210543334
vn -0.143506631 0.943945587 0.297275007
vn 0.501833439 0.765364587 0.402964145
vn 0.235294044 0.925670862 0.296260387
vn 0.837428749 0.545189798 -0.0384796448
vn 0.696973741 0.638578475 0.326258719
vn 0.84304291 0.370074093 0.390286416
vn 0.684148431 0.30487442 0.662564933
vn 0.482010305 0.805590212 0.344514579
vn 0.879411459 0.410929322 0.240358755
vn 0.774662375 0.616690457 0.139966145
vn 0.937590957 0.34773773 -0.00108817068
vn 0.903448224 0.0453634113 0.426290303
vn 0.879411459 0.410929322 0.240358755
vn 0.955249846 0.148006812 0.256108671
vn 0.937590957 0.34773773 -0.00108817068
vn 0.900180399 -0.097279489 0.424513519
vn 0.995506108 -0.0822356865 0.0469562598
vn 0.955249846 0.148006812 0.256108671
vn 0.965316713 0.249269068 -0.0776419044
vn 0.843256712 0.161951452 -0.51253283
vn 0.965316713 0.249269068 -0.0776419044
vn 0.909909189 0.327821553 -0.254161417
vn 0.914962292 0.360781342 -0.180777282
vn 0.779688418 0.283753335 -0.558184206
vn 0.909909189 0.327821553 -0.254161417
vn 0.875867009 0.437899113 -0.20273371
vn 0.914962292 0.360781342 -0.180777282
vn 0.541511953 0.759494603 -0.360461533
vn 0.875867009 0.437899113 -0.20273371
vn 0.321612328 0.90602833 0.27509585
vn 0.774662375 0.616690457 0.139966145
vn -0.781259656 0.375530511 0.498608202
vn -0.753614068 0.0571876541 0.654824793
vn -0.636444211 0.607564092 0.475189239
vn -0.622506022 0.290461063 0.72671771
vn -0.757120132 -0.0808162466 0.648257494
vn -0.753614068 0.0571876541 0.654824793
vn -0.55705899 -0.191432133 0.808108032
vn -0.545033455 -0.181624383 0.818505526
vn -0.679736733 -0.318042308 0.660913825
vn -0.55705899 -0.191432133 0.808108032
vn -0.524856091 -0.350934297 0.775480926
vn -0.499410391 -0.199681133 0.843040228
vn -0.386087984 -0.520367563 0.761678278
vn -0.524856091 -0.350934297 0.775480926
vn -0.325167567 -0.201409519 0.923958719
vn -0.499410391 -0.199681133 0.843040228
vn 0.0892280638 -0.242710605 0.96598655
vn -0.325167567 -0.201409519 0.923958719
vn 0.00994881801 0.0529375263 0.99854821
vn -0.148209974 -0.033598531 0.988384843
vn 0.45934701 0.118720375 0.88028729
vn 0.00994881801 0.0529375263 0.99854821
vn 0.377035767 0.20147337 0.904019952
vn 0.489867866 0.347301692 0.799631834
vn 0.835719109 0.0123238387 0.549018383
vn 0.45934701 0.118720375 0.88028729
vn 0.71686554 0.2714203 0.642211139
vn 0.489867866 0.347301692 0.799631834
vn 0.908034146 0.278995246 0.3124668
vn 0.71686554 0.2714203 0.642211139
vn 0.942139864 0.334894389 0.0147644188
vn 0.84304291 0.370074093 0.390286416
vn 0.133092523 0.848613858 0.511996925
vn 0.482010305 0.805590212 0.344514579
vn 0.321612328 0.90602833 0.27509585
vn 0.774662375 0.616690457 0.139966145
vn -0.143506631 0.943945587 0.297275007
vn -0.539951205 0.67685914 0.500314236
vn 0.235294044 0.925670862 0.296260387
vn 0.082530126 0.606540442 0.790757656
vn -0.677266955 0.623865664 0.390001267
vn -0.539951205 0.67685914 0.500314236
vn -0.636444211 0.607564092 0.475189239
vn -0.307075471 0.537560999 0.785323501
vn 0.696973741 0.638578475 0.326258719
vn 0.501833439 0.765364587 0.402964145
vn 0.684148431 0.30487442 0.662564933
vn 0.598208845 0.382968813 0.703903854
vn 0.501833439 0.765364587 0.402964145
vn 0.235294044 0.925670862 0.296260387
vn 0.082530126 0.606540442 0.790757656
vn 0.598208845 0.382968813 0.703903854
vn 0.71686554 0.2714203 0.642211139
vn 0.84304291 0.370074093 0.390286416
vn 0.684148431 0.30487442 0.662564933
vn 0.489867866 0.347301692 0.799631834
vn 0.875867009 0.437899113 -0.20273371
vn 0.774662375 0.616690457 0.139966145
vn 0.937590957 0.34773773 -0.00108817068
vn 0.914962292 0.360781342 -0.180777282
vn 0.955249846 0.148006812 0.256108671
vn 0.965316713 0.249269068 -0.0776419044
vn 0.937590957 0.34773773 -0.00108817068
vn 0.914962292 0.360781342 -0.180777282
vn -0.636444211 0.607564092 0.475189239
vn -0.622506022 0.290461063 0.72671771
vn -0.307075471 0.537560999 0.785323501
vn -0.0607153587 0.282874137 0.957233429
vn -0.753614068 0.0571876541 0.654824793
vn -0.622506022 0.290461063 0.72671771
vn -0.545033455 -0.181624383 0.818505526
vn -0.456285536 -0.0587469935 0.887891769
vn -0.55705899 -0.191432133 0.808108032
vn -0.545033455 -0.181624383 0.818505526
vn -0.499410391 -0.199681133 0.843040228
vn -0.344636083 -0.186270833 0.920070171
vn -0.325167567 -0.201409519 0.923958719
vn -0.499410391 -0.199681133 0.843040228
vn -0.148209974 -0.033598531 0.988384843
vn -0.344636083 -0.186270833 0.920070171
vn 0.00994881801 0.0529375263 0.99854821
vn -0.148209974 -0.033598531 0.988384843
vn 0.377035767 0.20147337 0.904019952
vn 0.161385715 0.0771013126 0.983874857
vn 0.377035767 0.20147337 0.904019952
vn 0.489867866 0.347301692 0.799631834
vn 0.459035188 0.15957661 0.873969078
vn 0.313513011 0.219691232 0.923821032
vn -0.539951205 0.67685914 0.500314236
vn 0.082530126 0.606540442 0.790757656
vn -0.307075471 0.537560999 0.785323501
vn 0.186785057 0.25582695 0.948506236
vn 0.684148431 0.30487442 0.662564933
vn 0.489867866 0.347301692 0.799631834
vn 0.598208845 0.382968813 0.703903854
vn 0.459035188 0.15957661 0.873969078
vn 0.082530126 0.606540442 0.790757656
vn 0.598208845 0.382968813 0.703903854
vn 0.459035188 0.15957661 0.873969078
vn 0.186785057 0.25582695 0.948506236
vn -0.307075471 0.537560999 0.785323501
vn -0.0607153587 0.282874137 0.957233429
vn 0.186785057 0.25582695 0.948506236
vn 0.244146675 0.134775013 0.960327089
vn -0.622506022 0.290461063 0.72671771
vn -0.0607153587 0.282874137 0.957233429
vn -0.456285536 -0.0587469935 0.887891769
vn -0.083824724 -0.0717983246 0.993890524
vn -0.545033455 -0.181624383 0.818505526
vn -0.456285536 -0.0587469935 0.887891769
vn -0.344636083 -0.186270833 0.920070171
vn -0.083824724 -0.0717983246 0.993890524
vn -0.148209974 -0.033598531 0.988384843
vn -0.344636083 -0.186270833 0.920070171
vn 0.161385715 0.0771013126 0.983874857
vn -0.083824724 -0.0717983246 0.993890524
vn 0.377035767 0.20147337 0.904019952
vn 0.161385715 0.0771013126 0.983874857
vn 0.313513011 0.219691232 0.923821032
vn 0.244146675 0.134775013 0.960327089
vn 0.459035188 0.15957661 0.873969078
vn 0.313513011 0.219691232 0.923821032
vn 0.186785057 0.25582695 0.948506236
vn 0.244146675 0.134775013 0.960327089
vn -0.0607153587 0.282874137 0.957233429
vn 0.161385715 0.0771013126 0.983874857
vn 0.244146675 0.134775013 0.960327089
vn -0.083824724 -0.0717983246 0.993890524
vn -0.914719284 -0.0819503143 0.395693183
vn -0.960041761 -0.125993222 0.249890834
vn -0.785282433 -0.0874764621 0.612926781
vn -0.921356738 -0.216897219 0.322579026
vn -0.451874793 0.256777704 0.854326785
vn -0.960041761 -0.125993222 0.249890834
vn -0.921356738 -0.216897219 0.322579026
vn -0.810822308 -0.236008078 0.535599947
vn 0.52144742 0.502882123 0.689348996
vn -0.451874793 0.256777704 0.854326785
vn 0.721997678 0.320668608 0.613099515
vn 0.297523528 0.22583425 0.927619934
vn 0.52144742 0.502882123 0.689348996
vn 0.721997678 0.320668608 0.613099515
vn 0.936402977 0.324173331 0.134390429
vn 0.816578627 0.437533975 0.376514703
vn -0.784102798 -0.439149916 0.438554645
vn -0.555504858 -0.482357413 0.677307785
vn -0.555504858 -0.482357413 0.677307785
vn -0.784102798 -0.439149916 0.438554645
vn 0.887034357 0.435334861 0.15379627
vn 0.753982484 0.355502129 0.552384377
vn 0.844945073 0.0697261393 0.530288279
vn 0.844945073 0.0697261393 0.530288279
vn 0.887034357 0.435334861 0.15379627
vn 0.64371568 0.367919773 -0.671017826
vn 0.64371568 0.367919773 -0.671017826
vn 0.853653193 0.433980644 -0.287988216
vn 0.426206499 -0.157320932 0.890841246
vn -0.121841155 -0.275616944 0.953514516
vn 0.361945093 -0.269605786 0.892361164
vn -0.130326986 -0.232173502 0.963903487
vn 0.97083807 0.170374319 0.168659121
vn 0.426206499 -0.157320932 0.890841246
vn 0.361945093 -0.269605786 0.892361164
vn 0.763327181 -0.240104795 0.599734068
vn 0.70261997 0.354435444 -0.617009401
vn 0.97083807 0.170374319 0.168659121
vn 0.899981618 0.0758510605 -0.429278076
vn 0.899981618 0.0758510605 -0.429278076
vn 0.70261997 0.354435444 -0.617009401
vn -0.214551851 0.236643955 -0.947611213
vn -0.214551851 0.236643955 -0.947611213
vn 0.311053574 0.336696684 -0.88875258
vn 0.853426516 0.17248337 -0.491846114
vn 0.968520582 0.0127170263 0.248608232
vn 0.969988942 -0.071642153 0.232354924
vn 0.969988942 -0.071642153 0.232354924
vn 0.763211191 -0.0920602232 -0.639557481
vn 0.853426516 0.17248337 -0.491846114
vn 0.392399669 -0.110085271 -0.913183272
vn 0.0590279661 -0.00898395386 -0.998215973
vn 0.763211191 -0.0920602232 -0.639557481
vn 0.392399669 -0.110085271 -0.913183272
vn 0.290640146 -0.135938764 -0.947126627
vn 0.870589137 -0.187011078 -0.455083877
vn -0.571333528 0.319665611 -0.755904853
vn -0.112116575 0.200224623 -0.973313868
vn 0.290640146 -0.135938764 -0.947126627
vn -0.158010289 -0.0446060449 -0.986429214
vn -0.636562347 0.218989119 -0.739481032
vn -0.571333528 0.319665611 -0.755904853
vn -0.919477165 0.358678102 0.160971954
vn -0.919477165 0.358678102 0.160971954
vn -0.636562347 0.218989119 -0.739481032
vn -0.325365484 -0.102811679 -0.939982414
vn -0.325365484 -0.102811679 -0.939982414
vn -0.132514939 -0.0287212767 -0.990764797
vn -0.9744367 0.117906161 0.191236123
vn -0.969795763 0.243448481 -0.0151199689
vn -0.721897244 0.0789446682 0.687482417
vn -0.949358523 0.101582952 0.297320127
vn -0.914719284 -0.0819503143 0.395693183
vn -0.9744367 0.117906161 0.191236123
vn -0.785282433 -0.0874764621 0.612926781
vn -0.721897244 0.0789446682 0.687482417
vn -0.785282433 -0.0874764621 0.612926781
vn -0.921356738 -0.216897219 0.322579026
vn -0.854099512 -0.290513605 0.431411743
vn -0.938045323 -0.222494602 0.26564461
vn -0.921356738 -0.216897219 0.322579026
vn -0.810822308 -0.236008078 0.535599947
vn -0.854099512 -0.290513605 0.431411743
vn -0.266095221 -0.301163584 0.915693045
vn 0.721997678 0.320668608 0.613099515
vn -0.266095221 -0.301163584 0.915693045
vn 0.280447721 -0.157450512 0.946867406
vn 0.297523528 0.22583425 0.927619934
vn 0.721997678 0.320668608 0.613099515
vn 0.936402977 0.324173331 0.134390429
vn 0.96585685 0.219230682 -0.138051257
vn 0.96585685 0.219230682 -0.138051257
vn -0.555504858 -0.482357413 0.677307785
vn -0.210348532 -0.364151597 0.907274485
vn -0.210348532 -0.364151597 0.907274485
vn -0.555504858 -0.482357413 0.677307785
vn 0.844945073 0.0697261393 0.530288279
vn 0.866995037 -0.195413813 0.458402395
vn 0.866995037 -0.195413813 0.458402395
vn 0.844945073 0.0697261393 0.530288279
vn 0.64371568 0.367919773 -0.671017826
vn 0.359982044 0.252497494 -0.898141444
vn 0.359982044 0.252497494 -0.898141444
vn 0.64371568 0.367919773 -0.671017826
vn 0.361945093 -0.269605786 0.892361164
vn 0.359092295 -0.251139551 0.898877978
vn -0.143219739 -0.100908205 0.984533191
vn -0.130326986 -0.232173502 0.963903487
vn 0.361945093 -0.269605786 0.892361164
vn 0.763327181 -0.240104795 0.599734068
vn 0.359092295 -0.251139551 0.898877978
vn 0.771199405 -0.331686586 0.543355763
vn 0.899981618 0.0758510605 -0.429278076
vn 0.839909017 -0.164605901 -0.51716274
vn 0.839909017 -0.164605901 -0.51716274
vn 0.899981618 0.0758510605 -0.429278076
vn -0.214551851 0.236643955 -0.947611213
vn -0.602514923 0.246538162 -0.759074926
vn -0.602514923 0.246538162 -0.759074926
vn -0.214551851 0.236643955 -0.947611213
vn 0.969988942 -0.071642153 0.232354924
vn 0.908463418 -0.187654257 0.373470157
vn 0.908463418 -0.187654257 0.373470157
vn 0.969988942 -0.071642153 0.232354924
vn 0.392399669 -0.110085271 -0.913183272
vn 0.153475314 -0.190978155 -0.969521642
vn -0.127673879 -0.10727483 -0.985997498
vn 0.0590279661 -0.00898395386 -0.998215973
vn 0.392399669 -0.110085271 -0.913183272
vn 0.290640146 -0.135938764 -0.947126627
vn 0.153475314 -0.190978155 -0.969521642
vn 0.0914948434 -0.279480726 -0.955781937
vn 0.290640146 -0.135938764 -0.947126627
vn -0.158010289 -0.0446060449 -0.986429214
vn 0.0914948434 -0.279480726 -0.955781937
vn -0.256215811 -0.265928239 -0.929319978
vn -0.919477165 0.358678102 0.160971954
vn -0.799354017 0.260143757 0.541625559
vn -0.799354017 0.260143757 0.541625559
vn -0.919477165 0.358678102 0.160971954
vn -0.325365484 -0.102811679 -0.939982414
vn -0.479423195 -0.224032477 -0.848505974
vn -0.479423195 -0.224032477 -0.848505974
vn -0.325365484 -0.102811679 -0.939982414
vn -0.721897244 0.0789446682 0.687482417
vn -0.898450315 -0.0603158996 0.434912741
vn -0.898450315 -0.0603158996 0.434912741
vn -0.949358523 0.101582952 0.297320127
vn -0.785282433 -0.0874764621 0.612926781
vn -0.721897244 0.0789446682 0.687482417
vn 0.00149990106 -0.0360073708 0.99935025
vn 0.00149990106 -0.0360073708 0.99935025
vn -0.854099512 -0.290513605 0.431411743
vn -0.800003409 -0.253688276 0.543725073
vn -0.895332396 -0.162342682 0.414758444
vn -0.938045323 -0.222494602 0.26564461
vn -0.854099512 -0.290513605 0.431411743
vn -0.266095221 -0.301163584 0.915693045
vn -0.800003409 -0.253688276 0.543725073
vn -0.228619471 -0.427690685 0.874536335
vn -0.266095221 -0.301163584 0.915693045
vn 0.280447721 -0.157450512 0.946867406
vn -0.228619471 -0.427690685 0.874536335
vn 0.287836879 -0.406401694 0.867172122
vn 0.96585685 0.219230682 -0.138051257
vn 0.901677668 0.1457095 -0.407119662
vn 0.901677668 0.1457095 -0.407119662
vn 0.96585685 0.219230682 -0.138051257
vn -0.210348532 -0.364151597 0.907274485
vn 0.529696345 -0.378576368 0.759013593
vn 0.0909524038 -0.29123807 0.952317119
vn -0.210348532 -0.364151597 0.907274485
vn 0.866995037 -0.195413813 0.458402395
vn 0.529696345 -0.378576368 0.759013593
vn 0.846178234 -0.375204623 0.378422767
vn 0.866995037 -0.195413813 0.458402395
vn 0.359982044 0.252497494 -0.898141444
vn 0.163632765 0.104979821 -0.980919778
vn 0.163632765 0.104979821 -0.980919778
vn 0.359982044 0.252497494 -0.898141444
vn 0.359092295 -0.251139551 0.898877978
vn -0.293238699 0.0788532272 0.952781737
vn -0.293238699 0.0788532272 0.952781737
vn -0.143219739 -0.100908205 0.984533191
vn 0.359092295 -0.251139551 0.898877978
vn 0.771199405 -0.331686586 0.543355763
vn 0.789370358 -0.354724348 0.501063824
vn 0.789370358 -0.354724348 0.501063824
vn 0.839909017 -0.164605901 -0.51716274
vn 0.729618967 -0.341583133 -0.592433333
vn 0.729618967 -0.341583133 -0.592433333
vn 0.839909017 -0.164605901 -0.51716274
vn -0.602514923 0.246538162 -0.759074926
vn -0.789749384 0.229180828 -0.569009662
vn -0.789749384 0.229180828 -0.569009662
vn -0.602514923 0.246538162 -0.759074926
vn 0.908463418 -0.187654257 0.373470157
vn 0.818613052 -0.139569506 0.557129204
vn 0.818613052 -0.139569506 0.557129204
vn 0.908463418 -0.187654257 0.373470157
vn 0.153475314 -0.190978155 -0.969521642
vn -0.0360194407 -0.207413316 -0.977589965
vn -0.315329075 -0.126499176 -0.940513313
vn -0.127673879 -0.10727483 -0.985997498
vn 0.153475314 -0.190978155 -0.969521642
vn 0.0914948434 -0.279480726 -0.955781937
vn -0.0360194407 -0.207413316 -0.977589965
vn -0.112368666 -0.340465248 -0.93351841
vn 0.0914948434 -0.279480726 -0.955781937
vn -0.256215811 -0.265928239 -0.929319978
vn -0.112368666 -0.340465248 -0.93351841
vn -0.469131708 -0.362513781 -0.805294514
vn -0.799354017 0.260143757 0.541625559
vn -0.607577443 0.142530188 0.781367242
vn -0.607577443 0.142530188 0.781367242
vn -0.799354017 0.260143757 0.541625559
vn -0.479423195 -0.224032477 -0.848505974
vn -0.630395055 -0.277168453 -0.725106597
vn -0.630395055 -0.277168453 -0.725106597
vn -0.479423195 -0.224032477 -0.848505974
vn -0.898450315 -0.0603158996 0.434912741
vn -0.808216631 -0.20877631 0.550634146
vn -0.808216631 -0.20877631 0.550634146
vn -0.898450315 -0.0603158996 0.434912741
vn 0.00149990106 -0.0360073708 0.99935025
vn 0.259206951 -0.0288268346 0.965391457
vn 0.259206951 -0.0288268346 0.965391457
vn 0.00149990106 -0.0360073708 0.99935025
vn -0.800003409 -0.253688276 0.543725073
vn -0.717614889 -0.243170187 0.652607858
vn -0.83302182 -0.153824449 0.531424701
vn -0.895332396 -0.162342682 0.414758444
vn -0.800003409 -0.253688276 0.543725073
vn -0.228619471 -0.427690685 0.874536335
vn -0.717614889 -0.243170187 0.652607858
vn -0.111487821 -0.489962935 0.864584804
vn -0.228619471 -0.427690685 0.874536335
vn 0.287836879 -0.406401694 0.867172122
vn -0.111487821 -0.489962935 0.864584804
vn 0.405503601 -0.528836787 0.745586038
vn 0.901677668 0.1457095 -0.407119662
vn 0.823527992 -0.021659581 -0.566862047
vn 0.823527992 -0.021659581 -0.566862047
vn 0.901677668 0.1457095 -0.407119662
vn 0.529696345 -0.378576368 0.759013593
vn 0.645936608 -0.413481563 0.641715348
vn 0.389206558 -0.286136746 0.875582159
vn 0.0909524038 -0.29123807 0.952317119
vn 0.529696345 -0.378576368 0.759013593
vn 0.846178234 -0.375204623 0.378422767
vn 0.645936608 -0.413481563 0.641715348
vn 0.818721294 -0.48571226 0.306232899
vn 0.163632765 0.104979821 -0.980919778
vn -0.093744874 0.0948540717 -0.991067171
vn -0.093744874 0.0948540717 -0.991067171
vn 0.163632765 0.104979821 -0.980919778
vn -0.293238699 0.0788532272 0.952781737
vn -0.520589352 0.252326906 0.815670133
vn -0.520589352 0.252326906 0.815670133
vn -0.293238699 0.0788532272 0.952781737
vn 0.789370358 -0.354724348 0.501063824
vn 0.900947154 -0.425279588 -0.0862046927
vn 0.853730083 -0.308530271 0.419469088
vn 0.789370358 -0.354724348 0.501063824
vn 0.729618967 -0.341583133 -0.592433333
vn 0.900947154 -0.425279588 -0.0862046927
vn 0.695130467 -0.424889982 -0.579880834
vn 0.729618967 -0.341583133 -0.592433333
vn -0.789749384 0.229180828 -0.569009662
vn -0.847872257 0.135718644 -0.512536108
vn -0.847872257 0.135718644 -0.512536108
vn -0.789749384 0.229180828 -0.569009662
vn 0.818613052 -0.139569506 0.557129204
vn 0.68073976 0.00776762236 0.732484102
vn 0.68073976 0.00776762236 0.732484102
vn 0.818613052 -0.139569506 0.557129204
vn -0.0360194407 -0.207413316 -0.977589965
vn -0.198789656 -0.204575107 -0.958452761
vn -0.448582083 -0.140413389 -0.882642627
vn -0.315329075 -0.126499176 -0.940513313
vn -0.0360194407 -0.207413316 -0.977589965
vn -0.112368666 -0.340465248 -0.93351841
vn -0.198789656 -0.204575107 -0.958452761
vn -0.259466052 -0.344361931 -0.902270734
vn -0.112368666 -0.340465248 -0.93351841
vn -0.469131708 -0.362513781 -0.805294514
vn -0.259466052 -0.344361931 -0.902270734
vn -0.564661622 -0.393005788 -0.725743771
vn -0.607577443 0.142530188 0.781367242
vn -0.398306608 0.0582894906 0.915398121
vn -0.398306608 0.0582894906 0.915398121
vn -0.607577443 0.142530188 0.781367242
vn -0.630395055 -0.277168453 -0.725106597
vn -0.760381043 -0.29153049 -0.580371141
vn -0.760381043 -0.29153049 -0.580371141
vn -0.630395055 -0.277168453 -0.725106597
vn -0.808216631 -0.20877631 0.550634146
vn -0.684227049 -0.296935618 0.666079998
vn -0.684227049 -0.296935618 0.666079998
vn -0.808216631 -0.20877631 0.550634146
vn 0.259206951 -0.0288268346 0.965391457
vn 0.466890335 -0.0377685688 0.883508205
vn 0.466890335 -0.0377685688 0.883508205
vn 0.259206951 -0.0288268346 0.965391457
vn -0.671085358 -0.25110966 0.697558701
vn -0.717614889 -0.243170187 0.652607858
vn -0.83302182 -0.153824449 0.531424701
vn -0.797552228 -0.185297489 0.574086726
vn -0.671085358 -0.25110966 0.697558701
vn -0.0347800851 -0.49108392 0.870417774
vn -0.717614889 -0.243170187 0.652607858
vn -0.111487821 -0.489962935 0.864584804
vn -0.0347800851 -0.49108392 0.870417774
vn -0.111487821 -0.489962935 0.864584804
vn 0.405503601 -0.528836787 0.745586038
vn 0.487599939 -0.537780344 0.687778056
vn 0.784238219 -0.145739302 -0.603100598
vn 0.823527992 -0.021659581 -0.566862047
vn 0.823527992 -0.021659581 -0.566862047
vn 0.784238219 -0.145739302 -0.603100598
vn 0.526786923 -0.28497526 0.800802469
vn 0.702682257 -0.41146493 0.580459893
vn 0.645936608 -0.413481563 0.641715348
vn 0.389206558 -0.286136746 0.875582159
vn 0.702682257 -0.41146493 0.580459893
vn 0.645936608 -0.413481563 0.641715348
vn 0.818721294 -0.48571226 0.306232899
vn 0.815367401 -0.502218723 0.288014591
vn -0.269228131 0.138664886 -0.953041613
vn -0.093744874 0.0948540717 -0.991067171
vn -0.093744874 0.0948540717 -0.991067171
vn -0.269228131 0.138664886 -0.953041613
vn -0.636869311 0.303251445 0.708827317
vn -0.520589352 0.252326906 0.815670133
vn -0.520589352 0.252326906 0.815670133
vn -0.636869311 0.303251445 0.708827317
vn 0.893676877 -0.296741962 0.336579651
vn 0.905549288 -0.411358327 -0.103752919
vn 0.900947154 -0.425279588 -0.0862046927
vn 0.853730083 -0.308530271 0.419469088
vn 0.905549288 -0.411358327 -0.103752919
vn 0.900947154 -0.425279588 -0.0862046927
vn 0.695130467 -0.424889982 -0.579880834
vn 0.720205903 -0.440076232 -0.536317408
vn -0.846930683 0.0694457293 -0.527148545
vn -0.847872257 0.135718644 -0.512536108
vn -0.847872257 0.135718644 -0.512536108
vn -0.846930683 0.0694457293 -0.527148545
vn 0.579051673 0.109130859 0.807953894
vn 0.68073976 0.00776762236 0.732484102
vn 0.68073976 0.00776762236 0.732484102
vn 0.579051673 0.109130859 0.807953894
vn -0.505651116 -0.147866622 -0.849972248
vn -0.279887557 -0.197472066 -0.939503729
vn -0.198789656 -0.204575107 -0.958452761
vn -0.448582083 -0.140413389 -0.882642627
vn -0.279887557 -0.197472066 -0.939503729
vn -0.312779546 -0.325352848 -0.892364562
vn -0.198789656 -0.204575107 -0.958452761
vn -0.259466052 -0.344361931 -0.902270734
vn -0.312779546 -0.325352848 -0.892364562
vn -0.259466052 -0.344361931 -0.902270734
vn -0.564661622 -0.393005788 -0.725743771
vn -0.569931924 -0.38682428 -0.724944532
vn -0.277368098 0.0495478474 0.959485233
vn -0.398306608 0.0582894906 0.915398121
vn -0.398306608 0.0582894906 0.915398121
vn -0.277368098 0.0495478474 0.959485233
vn -0.827327013 -0.27519092 -0.489693701
vn -0.760381043 -0.29153049 -0.580371141
vn -0.760381043 -0.29153049 -0.580371141
vn -0.827327013 -0.27519092 -0.489693701
vn -0.62025255 -0.325749487 0.713564277
vn -0.684227049 -0.296935618 0.666079998
vn -0.684227049 -0.296935618 0.666079998
vn -0.62025255 -0.325749487 0.713564277
vn 0.547350168 -0.0810691267 0.832967997
vn 0.547350168 -0.0810691267 0.832967997
vn 0.466890335 -0.0377685688 0.883508205
vn 0.466890335 -0.0377685688 0.883508205
vn -0.914719284 -0.0819503143 0.395693183
vn -0.9744367 0.117906161 0.191236123
vn -0.998056352 -0.062307816 -0.00105162361
vn -0.9744367 0.117906161 0.191236123
vn -0.969795763 0.243448481 -0.0151199689
vn -0.824612796 0.141558707 -0.547699273
vn -0.969795763 0.243448481 -0.0151199689
vn -0.824612796 0.141558707 -0.547699273
vn -0.243131444 0.0884398818 -0.965953112
vn -0.243131444 0.0884398818 -0.965953112
vn -0.227862552 0.104365751 -0.968083858
vn -0.132514939 -0.0287212767 -0.990764797
vn -0.636562347 0.218989119 -0.739481032
vn -0.227862552 0.104365751 -0.968083858
vn -0.132514939 -0.0287212767 -0.990764797
vn -0.636562347 0.218989119 -0.739481032
vn -0.571333528 0.319665611 -0.755904853
vn -0.227862552 0.104365751 -0.968083858
vn -0.228501827 0.33445251 -0.914291203
vn -0.571333528 0.319665611 -0.755904853
vn -0.112116575 0.200224623 -0.973313868
vn -0.228501827 0.33445251 -0.914291203
vn 0.673134327 0.134119779 -0.727256536
vn 0.763211191 -0.0920602232 -0.639557481
vn 0.673134327 0.134119779 -0.727256536
vn 0.991163671 -0.119341999 -0.0578954406
vn 0.870589137 -0.187011078 -0.455083877
vn 0.763211191 -0.0920602232 -0.639557481
vn 0.991163671 -0.119341999 -0.0578954406
vn 0.944898188 0.103809267 -0.310468942
vn 0.763211191 -0.0920602232 -0.639557481
vn 0.853426516 0.17248337 -0.491846114
vn 0.944898188 0.103809267 -0.310468942
vn 0.853426516 0.17248337 -0.491846114
vn 0.944898188 0.103809267 -0.310468942
vn 0.986273527 0.148829833 -0.0715108886
vn 0.853426516 0.17248337 -0.491846114
vn 0.968520582 0.0127170263 0.248608232
vn 0.986273527 0.148829833 -0.0715108886
vn 0.889041185 0.0573894419 0.454215556
vn 0.70261997 0.354435444 -0.617009401
vn 0.909535408 0.410067499 0.0677469969
vn 0.775739431 0.374782979 -0.507706583
vn 0.311053574 0.336696684 -0.88875258
vn 0.70261997 0.354435444 -0.617009401
vn 0.97083807 0.170374319 0.168659121
vn 0.909535408 0.410067499 0.0677469969
vn 0.88395983 0.342433125 0.318362206
vn 0.97083807 0.170374319 0.168659121
vn 0.426206499 -0.157320932 0.890841246
vn 0.88395983 0.342433125 0.318362206
vn 0.426206499 -0.157320932 0.890841246
vn -0.121841155 -0.275616944 0.953514516
vn -0.100240603 -0.145258591 0.984302521
vn -0.100240603 -0.145258591 0.984302521
vn 0.887034357 0.435334861 0.15379627
vn 0.794014871 0.457209438 0.400624454
vn 0.902038574 0.416227102 0.11437428
vn 0.853653193 0.433980644 -0.287988216
vn 0.887034357 0.435334861 0.15379627
vn 0.753982484 0.355502129 0.552384377
vn 0.794014871 0.457209438 0.400624454
vn 0.60968399 0.454551518 0.649359882
vn -0.784102798 -0.439149916 0.438554645
vn -0.889583647 -0.273233205 0.366039604
vn -0.889583647 -0.273233205 0.366039604
vn -0.784102798 -0.439149916 0.438554645
vn 0.52144742 0.502882123 0.689348996
vn -0.0639871955 0.469776124 0.880463541
vn 0.526523352 0.418034494 0.740283966
vn 0.816578627 0.437533975 0.376514703
vn 0.52144742 0.502882123 0.689348996
vn -0.451874793 0.256777704 0.854326785
vn -0.0639871955 0.469776124 0.880463541
vn -0.890393734 0.154564559 0.428145766
vn -0.451874793 0.256777704 0.854326785
vn -0.960041761 -0.125993222 0.249890834
vn -0.890393734 0.154564559 0.428145766
vn -0.914719284 -0.0819503143 0.395693183
vn -0.960041761 -0.125993222 0.249890834
vn -0.998056352 -0.062307816 -0.00105162361
vn -0.890393734 0.154564559 0.428145766
vn -0.9744367 0.117906161 0.191236123
vn -0.998056352 -0.062307816 -0.00105162361
vn -0.941069245 0.0455090329 -0.335138083
vn -0.615697205 0.00709368289 -0.787950933
vn -0.9744367 0.117906161 0.191236123
vn -0.824612796 0.141558707 -0.547699273
vn -0.615697205 0.00709368289 -0.787950933
vn -0.824612796 0.141558707 -0.547699273
vn -0.243131444 0.0884398818 -0.965953112
vn -0.235587776 0.0391734727 -0.971063197
vn -0.243131444 0.0884398818 -0.965953112
vn -0.227862552 0.104365751 -0.968083858
vn 0.45134896 0.056941919 -0.890528917
vn -0.227862552 0.104365751 -0.968083858
vn -0.228501827 0.33445251 -0.914291203
vn 0.45134896 0.056941919 -0.890528917
vn 0.808995068 0.292703658 -0.509756625
vn -0.228501827 0.33445251 -0.914291203
vn 0.673134327 0.134119779 -0.727256536
vn 0.964256108 0.142743155 -0.223236501
vn 0.808995068 0.292703658 -0.509756625
vn 0.673134327 0.134119779 -0.727256536
vn 0.991163671 -0.119341999 -0.0578954406
vn 0.964256108 0.142743155 -0.223236501
vn 0.991163671 -0.119341999 -0.0578954406
vn 0.944898188 0.103809267 -0.310468942
vn 0.964256108 0.142743155 -0.223236501
vn 0.951572835 0.10603866 0.288556546
vn 0.944898188 0.103809267 -0.310468942
vn 0.986273527 0.148829833 -0.0715108886
vn 0.951572835 0.10603866 0.288556546
vn 0.986273527 0.148829833 -0.0715108886
vn 0.889041185 0.0573894419 0.454215556
vn 0.951572835 0.10603866 0.288556546
vn 0.909535408 0.410067499 0.0677469969
vn 0.88395983 0.342433125 0.318362206
vn 0.287972361 0.210828274 0.934143066
vn -0.100240603 -0.145258591 0.984302521
vn 0.287972361 0.210828274 0.934143066
vn 0.265455514 0.265129536 0.926951826
vn -0.100240603 -0.145258591 0.984302521
vn 0.794014871 0.457209438 0.400624454
vn 0.265455514 0.265129536 0.926951826
vn 0.902038574 0.416227102 0.11437428
vn 0.794014871 0.457209438 0.400624454
vn 0.60968399 0.454551518 0.649359882
vn 0.265455514 0.265129536 0.926951826
vn -0.659142971 0.202325612 0.724289298
vn -0.889583647 -0.273233205 0.366039604
vn -0.659142971 0.202325612 0.724289298
vn -0.777582347 0.105014719 0.6199494
vn -0.889583647 -0.273233205 0.366039604
vn -0.0639871955 0.469776124 0.880463541
vn -0.777582347 0.105014719 0.6199494
vn 0.526523352 0.418034494 0.740283966
vn -0.0639871955 0.469776124 0.880463541
vn -0.890393734 0.154564559 0.428145766
vn -0.616938472 0.358580142 0.700576365
vn -0.998056352 -0.062307816 -0.00105162361
vn -0.890393734 0.154564559 0.428145766
vn -0.941069245 0.0455090329 -0.335138083
vn -0.89687717 0.0378851257 -0.440654278
vn -0.941069245 0.0455090329 -0.335138083
vn -0.615697205 0.00709368289 -0.787950933
vn -0.781278014 0.0601577275 -0.621277452
vn -0.824612796 0.141558707 -0.547699273
vn -0.615697205 0.00709368289 -0.787950933
vn -0.235587776 0.0391734727 -0.971063197
vn -0.243131444 0.0884398818 -0.965953112
vn -0.235587776 0.0391734727 -0.971063197
vn 0.573158383 -0.0958507583 -0.813819289
vn -0.243131444 0.0884398818 -0.965953112
vn 0.45134896 0.056941919 -0.890528917
vn 0.573158383 -0.0958507583 -0.813819289
vn 0.909928143 -0.0931796432 -0.404163569
vn 0.45134896 0.056941919 -0.890528917
vn 0.909928143 -0.0931796432 -0.404163569
vn 0.993478954 -0.03963558 -0.106904685
vn 0.45134896 0.056941919 -0.890528917
vn 0.567872405 0.0824028477 -0.818981588
vn 0.993478954 -0.03963558 -0.106904685
vn 0.964256108 0.142743155 -0.223236501
vn 0.809291363 0.0273797382 0.586769104
vn 0.808995068 0.292703658 -0.509756625
vn 0.964256108 0.142743155 -0.223236501
vn 0.951572835 0.10603866 0.288556546
vn 0.809291363 0.0273797382 0.586769104
vn 0.951572835 0.10603866 0.288556546
vn 0.809291363 0.0273797382 0.586769104
vn 0.425714821 0.0837575048 0.900972784
vn 0.889041185 0.0573894419 0.454215556
vn 0.951572835 0.10603866 0.288556546
vn 0.425714821 0.0837575048 0.900972784
vn 0.528351784 0.145521477 0.836461484
vn 0.909535408 0.410067499 0.0677469969
vn 0.91883105 0.297135502 -0.259730518
vn 0.775739431 0.374782979 -0.507706583
vn 0.909535408 0.410067499 0.0677469969
vn 0.287972361 0.210828274 0.934143066
vn -0.243146375 0.19124198 0.950950205
vn 0.287972361 0.210828274 0.934143066
vn 0.265455514 0.265129536 0.926951826
vn -0.342938632 0.245976254 0.906580806
vn -0.243146375 0.19124198 0.950950205
vn 0.265455514 0.265129536 0.926951826
vn -0.659142971 0.202325612 0.724289298
vn -0.342938632 0.245976254 0.906580806
vn -0.659142971 0.202325612 0.724289298
vn -0.777582347 0.105014719 0.6199494
vn -0.996628642 0.0819539279 0.00385511061
vn -0.0639871955 0.469776124 0.880463541
vn -0.777582347 0.105014719 0.6199494
vn -0.616938472 0.358580142 0.700576365
vn -0.996628642 0.0819539279 0.00385511061
vn -0.941069245 0.0455090329 -0.335138083
vn -0.781278014 0.0601577275 -0.621277452
vn -0.89687717 0.0378851257 -0.440654278
vn -0.615697205 0.00709368289 -0.787950933
vn -0.781278014 0.0601577275 -0.621277452
vn -0.378825516 0.106531955 -0.919315934
vn 0.077379331 -0.0117587289 -0.996932387
vn -0.615697205 0.00709368289 -0.787950933
vn -0.235587776 0.0391734727 -0.971063197
vn 0.573158383 -0.0958507583 -0.813819289
vn 0.077379331 -0.0117587289 -0.996932387
vn 0.993478954 -0.03963558 -0.106904685
vn 0.809291363 0.0273797382 0.586769104
vn 0.808995068 0.292703658 -0.509756625
vn 0.425714821 0.0837575048 0.900972784
vn 0.528351784 0.145521477 0.836461484
vn -0.341146231 0.118728407 0.932482064
vn -0.341146231 0.118728407 0.932482064
vn -0.842076063 0.250536352 0.477639467
vn -0.243146375 0.19124198 0.950950205
vn -0.342938632 0.245976254 0.906580806
vn -0.842076063 0.250536352 0.477639467
vn -0.243146375 0.19124198 0.950950205
vn -0.342938632 0.245976254 0.906580806
vn -0.842076063 0.250536352 0.477639467
vn -0.962228894 0.238056347 0.132077903
vn -0.659142971 0.202325612 0.724289298
vn -0.342938632 0.245976254 0.906580806
vn -0.962228894 0.238056347 0.132077903
vn -0.659142971 0.202325612 0.724289298
vn -0.996628642 0.0819539279 0.00385511061
vn -0.962228894 0.238056347 0.132077903
vn -0.996628642 0.0819539279 0.00385511061
vn -0.962228894 0.238056347 0.132077903
vn -0.61703819 0.0728804767 -0.783551276
vn -0.996628642 0.0819539279 0.00385511061
vn -0.61703819 0.0728804767 -0.783551276
vn -0.89687717 0.0378851257 -0.440654278
vn -0.781278014 0.0601577275 -0.621277452
vn -0.61703819 0.0728804767 -0.783551276
vn -0.89687717 0.0378851257 -0.440654278
vn -0.781278014 0.0601577275 -0.621277452
vn -0.378825516 0.106531955 -0.919315934
vn -0.61703819 0.0728804767 -0.783551276
vn -0.378825516 0.106531955 -0.919315934
vn 0.077379331 -0.0117587289 -0.996932387
vn 0.144347951 -0.156113356 -0.977134645
vn 0.811962306 -0.200108781 -0.548337162
vn 0.573158383 -0.0958507583 -0.813819289
vn 0.077379331 -0.0117587289 -0.996932387
vn 0.811962306 -0.200108781 -0.548337162
vn 0.573158383 -0.0958507583 -0.813819289
vn 0.811962306 -0.200108781 -0.548337162
vn 0.95877105 -0.0782064572 0.273206383
vn 0.573158383 -0.0958507583 -0.813819289
vn 0.909928143 -0.0931796432 -0.404163569
vn 0.95877105 -0.0782064572 0.273206383
vn 0.909928143 -0.0931796432 -0.404163569
vn 0.95877105 -0.0782064572 0.273206383
vn 0.857989609 -0.00262953131 0.513660192
vn 0.909928143 -0.0931796432 -0.404163569
vn 0.993478954 -0.03963558 -0.106904685
vn 0.857989609 -0.00262953131 0.513660192
vn 0.993478954 -0.03963558 -0.106904685
vn 0.809291363 0.0273797382 0.586769104
vn 0.857989609 -0.00262953131 0.513660192
vn 0.809291363 0.0273797382 0.586769104
vn 0.857989609 -0.00262953131 0.513660192
vn 0.180156827 0.216931641 0.959418595
vn 0.809291363 0.0273797382 0.586769104
vn 0.425714821 0.0837575048 0.900972784
vn 0.180156827 0.216931641 0.959418595
vn -0.247453243 0.226833254 0.941973209
vn 0.425714821 0.0837575048 0.900972784
vn -0.341146231 0.118728407 0.932482064
vn -0.247453243 0.226833254 0.941973209
vn -0.341146231 0.118728407 0.932482064
vn -0.842076063 0.250536352 0.477639467
vn -0.247453243 0.226833254 0.941973209
vn -0.842076063 0.250536352 0.477639467
vn -0.962228894 0.238056347 0.132077903
vn -0.887530267 0.385151148 0.252880037
vn -0.962228894 0.238056347 0.132077903
vn -0.61703819 0.0728804767 -0.783551276
vn -0.574989319 0.0206331816 -0.817900777
vn -0.61703819 0.0728804767 -0.783551276
vn -0.271597415 -0.105421484 -0.95661968
vn -0.574989319 0.0206331816 -0.817900777
vn -0.61703819 0.0728804767 -0.783551276
vn 0.144347951 -0.156113356 -0.977134645
vn -0.271597415 -0.105421484 -0.95661968
vn -0.378825516 0.106531955 -0.919315934
vn -0.61703819 0.0728804767 -0.783551276
vn 0.144347951 -0.156113356 -0.977134645
vn 0.144347951 -0.156113356 -0.977134645
vn 0.811962306 -0.200108781 -0.548337162
vn 0.818856418 -0.305168182 -0.486154526
vn 0.95877105 -0.0782064572 0.273206383
vn 0.857989609 -0.00262953131 0.513660192
vn 0.507774293 0.186517134 0.841056705
vn 0.857989609 -0.00262953131 0.513660192
vn 0.180156827 0.216931641 0.959418595
vn 0.507774293 0.186517134 0.841056705
vn 0.180156827 0.216931641 0.959418595
vn -0.247453243 0.226833254 0.941973209
vn -0.885513723 0.336435258 0.320432067
vn -0.842076063 0.250536352 0.477639467
vn -0.247453243 0.226833254 0.941973209
vn -0.885513723 0.336435258 0.320432067
vn -0.842076063 0.250536352 0.477639467
vn -0.885513723 0.336435258 0.320432067
vn -0.756445944 0.0198732223 -0.653754294
vn -0.842076063 0.250536352 0.477639467
vn -0.887530267 0.385151148 0.252880037
vn -0.756445944 0.0198732223 -0.653754294
vn -0.756445944 0.0198732223 -0.653754294
vn 0.104110241 -0.284497082 -0.953007042
vn -0.574989319 0.0206331816 -0.817900777
vn -0.271597415 -0.105421484 -0.95661968
vn 0.104110241 -0.284497082 -0.953007042
vn -0.574989319 0.0206331816 -0.817900777
vn 0.144347951 -0.156113356 -0.977134645
vn -0.271597415 -0.105421484 -0.95661968
vn 0.104110241 -0.284497082 -0.953007042
vn 0.144347951 -0.156113356 -0.977134645
vn 0.818856418 -0.305168182 -0.486154526
vn 0.104110241 -0.284497082 -0.953007042
vn 0.818856418 -0.305168182 -0.486154526
vn 0.927059829 -0.253766656 -0.275975317
vn 0.953725934 -0.0733988956 0.291580856
vn 0.811962306 -0.200108781 -0.548337162
vn 0.818856418 -0.305168182 -0.486154526
vn 0.953725934 -0.0733988956 0.291580856
vn 0.811962306 -0.200108781 -0.548337162
vn 0.95877105 -0.0782064572 0.273206383
vn 0.953725934 -0.0733988956 0.291580856
vn 0.95877105 -0.0782064572 0.273206383
vn 0.953725934 -0.0733988956 0.291580856
vn 0.274420947 0.255938113 0.926924348
vn 0.95877105 -0.0782064572 0.273206383
vn 0.507774293 0.186517134 0.841056705
vn 0.274420947 0.255938113 0.926924348
vn 0.507774293 0.186517134 0.841056705
vn 0.274420947 0.255938113 0.926924348
vn -0.243259937 0.377364576 0.893543839
vn 0.180156827 0.216931641 0.959418595
vn 0.507774293 0.186517134 0.841056705
vn -0.243259937 0.377364576 0.893543839
vn 0.180156827 0.216931641 0.959418595
vn -0.885513723 0.336435258 0.320432067
vn -0.243259937 0.377364576 0.893543839
vn -0.885513723 0.336435258 0.320432067
vn -0.756445944 0.0198732223 -0.653754294
vn -0.792019427 0.0972507 -0.602699757
vn -0.756445944 0.0198732223 -0.653754294
vn 0.104110241 -0.284497082 -0.953007042
vn -0.0350036696 -0.240455702 -0.970028758
vn -0.197598323 -0.122590259 -0.972587466
vn 0.104110241 -0.284497082 -0.953007042
vn 0.927059829 -0.253766656 -0.275975317
vn 0.937196672 -0.337729961 -0.0871820077
vn 0.818856418 -0.305168182 -0.486154526
vn 0.104110241 -0.284497082 -0.953007042
vn 0.927059829 -0.253766656 -0.275975317
vn 0.927059829 -0.253766656 -0.275975317
vn 0.953725934 -0.0733988956 0.291580856
vn 0.941238225 -0.156035602 0.299538732
vn 0.953725934 -0.0733988956 0.291580856
vn 0.941238225 -0.156035602 0.299538732
vn 0.585050344 0.110253654 0.803467631
vn 0.953725934 -0.0733988956 0.291580856
vn 0.274420947 0.255938113 0.926924348
vn 0.585050344 0.110253654 0.803467631
vn 0.274420947 0.255938113 0.926924348
vn -0.753201306 0.496327966 0.431678504
vn -0.614700973 0.46635738 0.636123717
vn 0.274420947 0.255938113 0.926924348
vn -0.243259937 0.377364576 0.893543839
vn -0.753201306 0.496327966 0.431678504
vn -0.885513723 0.336435258 0.320432067
vn -0.243259937 0.377364576 0.893543839
vn -0.753201306 0.496327966 0.431678504
vn -0.885513723 0.336435258 0.320432067
vn -0.792019427 0.0972507 -0.602699757
vn -0.753201306 0.496327966 0.431678504
vn -0.756445944 0.0198732223 -0.653754294
vn -0.792019427 0.0972507 -0.602699757
vn -0.0592031144 -0.281452417 -0.957747042
vn -0.756445944 0.0198732223 -0.653754294
vn -0.0350036696 -0.240455702 -0.970028758
vn -0.0592031144 -0.281452417 -0.957747042
vn 0.927059829 -0.253766656 -0.275975317
vn 0.941238225 -0.156035602 0.299538732
vn 0.937196672 -0.337729961 -0.0871820077
vn 0.941238225 -0.156035602 0.299538732
vn 0.585050344 0.110253654 0.803467631
vn 0.837962389 -0.185789511 0.513128936
vn -0.753201306 0.496327966 0.431678504
vn -0.79219681 0.486377507 0.368593156
vn -0.614700973 0.46635738 0.636123717
vn -0.792019427 0.0972507 -0.602699757
vn -0.753201306 0.496327966 0.431678504
vn -0.0896852463 -0.130256593 -0.987415671
vn -0.718806863 0.075977385 -0.691045582
vn -0.792019427 0.0972507 -0.602699757
vn -0.0592031144 -0.281452417 -0.957747042
vn -0.0896852463 -0.130256593 -0.987415671
vn -0.0592031144 -0.281452417 -0.957747042
vn -0.0896852463 -0.130256593 -0.987415671
vn 0.28690213 -0.338780582 -0.896055341
vn -0.0350036696 -0.240455702 -0.970028758
vn -0.0592031144 -0.281452417 -0.957747042
vn 0.28690213 -0.338780582 -0.896055341
vn -0.0350036696 -0.240455702 -0.970028758
vn -0.197598323 -0.122590259 -0.972587466
vn 0.28690213 -0.338780582 -0.896055341
vn 0.837962389 -0.185789511 0.513128936
vn 0.928163528 -0.322141767 0.186379105
vn 0.937196672 -0.337729961 -0.0871820077
vn 0.941238225 -0.156035602 0.299538732
vn 0.837962389 -0.185789511 0.513128936
vn 0.937196672 -0.337729961 -0.0871820077
vn 0.585050344 0.110253654 0.803467631
vn 0.837962389 -0.185789511 0.513128936
vn 0.323846936 -0.0858299956 0.94220829
vn -0.72187686 0.343172103 0.600938082
vn -0.79219681 0.486377507 0.368593156
vn -0.72187686 0.343172103 0.600938082
vn -0.614700973 0.46635738 0.636123717
vn -0.79219681 0.486377507 0.368593156
vn -0.72187686 0.343172103 0.600938082
vn -0.755910397 0.289776295 -0.587051272
vn -0.0896852463 -0.130256593 -0.987415671
vn -0.755910397 0.289776295 -0.587051272
vn -0.718806863 0.075977385 -0.691045582
vn -0.0896852463 -0.130256593 -0.987415671
vn 0.28690213 -0.338780582 -0.896055341
vn 0.566937029 -0.29047659 -0.77084744
vn 0.837962389 -0.185789511 0.513128936
vn 0.876931787 -0.277764708 0.392221451
vn 0.928163528 -0.322141767 0.186379105
vn 0.837962389 -0.185789511 0.513128936
vn 0.323846936 -0.0858299956 0.94220829
vn 0.876931787 -0.277764708 0.392221451
vn 0.323846936 -0.0858299956 0.94220829
vn -0.531566441 0.29542923 0.793825328
vn -0.340713441 0.295809776 0.892418623
vn 0.323846936 -0.0858299956 0.94220829
vn -0.72187686 0.343172103 0.600938082
vn -0.531566441 0.29542923 0.793825328
vn -0.72187686 0.343172103 0.600938082
vn -0.531566441 0.29542923 0.793825328
vn -0.936081588 0.298368722 -0.186353102
vn -0.72187686 0.343172103 0.600938082
vn -0.755910397 0.289776295 -0.587051272
vn -0.936081588 0.298368722 -0.186353102
vn -0.755910397 0.289776295 -0.587051272
vn -0.936081588 0.298368722 -0.186353102
vn -0.115547083 -0.0541010015 -0.991827548
vn -0.0896852463 -0.130256593 -0.987415671
vn -0.755910397 0.289776295 -0.587051272
vn -0.115547083 -0.0541010015 -0.991827548
vn -0.0896852463 -0.130256593 -0.987415671
vn 0.566937029 -0.29047659 -0.77084744
vn -0.115547083 -0.0541010015 -0.991827548
vn 0.970226169 -0.188671798 0.151867494
vn 0.842718482 -0.165223315 0.512373686
vn 0.970226169 -0.188671798 0.151867494
vn 0.876931787 -0.277764708 0.392221451
vn 0.323846936 -0.0858299956 0.94220829
vn 0.842718482 -0.165223315 0.512373686
vn 0.876931787 -0.277764708 0.392221451
vn -0.531566441 0.29542923 0.793825328
vn 0.0382934399 0.43815577 0.898083091
vn -0.830196083 0.444120288 0.336944371
vn -0.340713441 0.295809776 0.892418623
vn -0.531566441 0.29542923 0.793825328
vn -0.936081588 0.298368722 -0.186353102
vn -0.830196083 0.444120288 0.336944371
vn -0.936081588 0.298368722 -0.186353102
vn -0.830196083 0.444120288 0.336944371
vn -0.938672245 0.141866624 -0.314274192
vn -0.936081588 0.298368722 -0.186353102
vn -0.938672245 0.141866624 -0.314274192
vn -0.751063704 -0.102729402 -0.652188659
vn -0.936081588 0.298368722 -0.186353102
vn -0.115547083 -0.0541010015 -0.991827548
vn -0.751063704 -0.102729402 -0.652188659
vn -0.115547083 -0.0541010015 -0.991827548
vn 0.970226169 -0.188671798 0.151867494
vn 0.647123456 -0.426759899 -0.631749451
vn 0.842718482 -0.165223315 0.512373686
vn 0.970226169 -0.188671798 0.151867494
vn 0.0382934399 0.43815577 0.898083091
vn 0.0382934399 0.43815577 0.898083091
vn -0.830196083 0.444120288 0.336944371
vn -0.74171567 0.394960523 0.542092323
vn -0.830196083 0.444120288 0.336944371
vn -0.938672245 0.141866624 -0.314274192
vn -0.74171567 0.394960523 0.542092323
vn 0.647123456 -0.426759899 -0.631749451
vn 0.925901294 -0.234794453 -0.295935631
vn 0.380928814 -0.235666335 -0.894066572
vn 0.970226169 -0.188671798 0.151867494
vn 0.647123456 -0.426759899 -0.631749451
vn 0.925901294 -0.234794453 -0.295935631
vn 0.970226169 -0.188671798 0.151867494
vn 0.409934431 0.251694918 0.876700461
vn 0.925901294 -0.234794453 -0.295935631
vn 0.970226169 -0.188671798 0.151867494
vn 0.0382934399 0.43815577 0.898083091
vn 0.409934431 0.251694918 0.876700461
vn 0.0382934399 0.43815577 0.898083091
vn -0.74171567 0.394960523 0.542092323
vn 0.409934431 0.251694918 0.876700461
vn 0.318718374 0.888179123 -0.330993414
vn 0.338478655 0.893438935 -0.295294762
vn 0.318718374 0.888179123 -0.330993414
vn 0.318718374 0.888179123 -0.330993414
vn 0.318718374 0.888179123 -0.330993414
vn 0.298516124 0.881451547 -0.36596632
vn 0.235866159 -0.72502172 0.647078574
vn -0.895638943 -0.40049392 0.193481281
vn -0.583994508 -0.56438148 0.583458602
vn -0.895638943 -0.40049392 0.193481281
vn -0.997274935 -0.0386731774 -0.0628248155
vn -0.987664104 -0.156584993 0.00069613813
vn 0.486036658 0.721963406 -0.49248004
vn 0.876879334 0.435359329 -0.20382455
vn 0.554132462 0.63926208 -0.533180237
vn -0.895638943 -0.40049392 0.193481281
vn -0.583994508 -0.56438148 0.583458602
vn -0.987664104 -0.156584993 0.00069613813
vn 0.876879334 0.435359329 -0.20382455
vn 0.554132462 0.63926208 -0.533180237
vn 0.953406215 0.295793116 -0.0593538396
vn 0.876879334 0.435359329 -0.20382455
vn 0.991108358 0.0447749123 0.125295714
vn 0.953406215 0.295793116 -0.0593538396
vn -0.997274935 -0.0386731774 -0.0628248155
vn -0.987664104 -0.156584993 0.00069613813
vn -0.964043915 0.0911383107 -0.249626622
vn -0.997274935 -0.0386731774 -0.0628248155
vn -0.946997344 0.176454991 -0.26843977
vn -0.964043915 0.0911383107 -0.249626622
vn -0.946997344 0.176454991 -0.26843977
vn -0.562037885 0.49016878 -0.666218817
vn -0.964043915 0.0911383107 -0.249626622
vn 0.991108358 0.0447749123 0.125295714
vn 0.885059118 -0.0977567285 0.455097586
vn 0.953406215 0.295793116 -0.0593538396
vn -0.59056592 -0.733536482 0.336386502
vn -0.59056592 -0.733536482 0.336386502
vn -0.59056592 -0.733536482 0.336386502
vn 0.235866159 -0.72502172 0.647078574
vn 0.497150242 -0.47644794 0.725147545
vn 0.659788847 -0.332962334 0.673657477
vn 0.778183579 -0.39045471 0.491909951
vn 0.486036658 0.721963406 -0.49248004
vn -0.562037885 0.49016878 -0.666218817
vn 0.152587935 0.768668056 -0.621181428
vn 0.235866159 -0.72502172 0.647078574
vn -0.583994508 -0.56438148 0.583458602
vn 0.497150242 -0.47644794 0.725147545
vn 0.486036658 0.721963406 -0.49248004
vn 0.554132462 0.63926208 -0.533180237
vn -0.562037885 0.49016878 -0.666218817
vn 0.885059118 -0.0977567285 0.455097586
vn 0.953406215 0.295793116 -0.0593538396
vn 0.933832228 -0.0664413646 0.351486117
vn 0.885059118 -0.0977567285 0.455097586
vn 0.659788847 -0.332962334 0.673657477
vn 0.933832228 -0.0664413646 0.351486117
vn 0.497150242 -0.47644794 0.725147545
vn 0.659788847 -0.332962334 0.673657477
vn 0.289826125 -0.403021127 0.868086815
vn -0.987664104 -0.156584993 0.00069613813
vn -0.964043915 0.0911383107 -0.249626622
vn -0.992382228 -0.0600801781 0.107554734
vn 0.554132462 0.63926208 -0.533180237
vn -0.562037885 0.49016878 -0.666218817
vn 0.210562587 0.665259123 -0.716305256
vn 0.554132462 0.63926208 -0.533180237
vn 0.953406215 0.295793116 -0.0593538396
vn 0.210562587 0.665259123 -0.716305256
vn 0.953406215 0.295793116 -0.0593538396
vn 0.620736361 0.506581426 -0.598382533
vn 0.210562587 0.665259123 -0.716305256
vn 0.289826125 -0.403021127 0.868086815
vn -0.285933852 -0.498019993 0.818668127
vn -0.82951355 -0.423241317 0.364381671
vn -0.583994508 -0.56438148 0.583458602
vn 0.497150242 -0.47644794 0.725147545
vn -0.285933852 -0.498019993 0.818668127
vn -0.562037885 0.49016878 -0.666218817
vn -0.964043915 0.0911383107 -0.249626622
vn -0.992382228 -0.0600801781 0.107554734
vn 0.953406215 0.295793116 -0.0593538396
vn 0.933832228 -0.0664413646 0.351486117
vn 0.620736361 0.506581426 -0.598382533
vn -0.583994508 -0.56438148 0.583458602
vn -0.987664104 -0.156584993 0.00069613813
vn -0.992382228 -0.0600801781 0.107554734
vn 0.659788847 -0.332962334 0.673657477
vn 0.933832228 -0.0664413646 0.351486117
vn 0.289826125 -0.403021127 0.868086815
vn -0.583994508 -0.56438148 0.583458602
vn -0.992382228 -0.0600801781 0.107554734
vn -0.285933852 -0.498019993 0.818668127
vn -0.562037885 0.49016878 -0.666218817
vn -0.992382228 -0.0600801781 0.107554734
vn -0.700786054 0.465285391 -0.540747941
vn 0.933832228 -0.0664413646 0.351486117
vn 0.289826125 -0.403021127 0.868086815
vn 0.316867322 -0.452098489 0.83378756
vn 0.289826125 -0.403021127 0.868086815
vn -0.285933852 -0.498019993 0.818668127
vn 0.316867322 -0.452098489 0.83378756
vn -0.562037885 0.49016878 -0.666218817
vn 0.210562587 0.665259123 -0.716305256
vn -0.700786054 0.465285391 -0.540747941
vn 0.620736361 0.506581426 -0.598382533
vn 0.210562587 0.665259123 -0.716305256
vn -0.700786054 0.465285391 -0.540747941
vn 0.620736361 0.506581426 -0.598382533
vn -0.700786054 0.465285391 -0.540747941
vn -0.0111348154 0.628876388 -0.777425647
vn -0.285933852 -0.498019993 0.818668127
vn 0.316867322 -0.452098489 0.83378756
vn 0.0850047693 -0.462412328 0.882580876
vn -0.700786054 0.465285391 -0.540747941
vn -0.0111348154 0.628876388 -0.777425647
vn -0.97318846 0.152590886 -0.172103748
vn 0.933832228 -0.0664413646 0.351486117
vn 0.620736361 0.506581426 -0.598382533
vn 0.27171427 0.445124924 -0.853249669
vn -0.992382228 -0.0600801781 0.107554734
vn -0.285933852 -0.498019993 0.818668127
vn -0.597059906 -0.339111477 0.726995766
vn -0.992382228 -0.0600801781 0.107554734
vn -0.700786054 0.465285391 -0.540747941
vn -0.97318846 0.152590886 -0.172103748
vn 0.933832228 -0.0664413646 0.351486117
vn 0.316867322 -0.452098489 0.83378756
vn 0.991580546 0.112150505 -0.0647311732
vn 0.997918308 0.0155518902 -0.0625890046
vn 0.316867322 -0.452098489 0.83378756
vn 0.0850047693 -0.462412328 0.882580876
vn 0.109181657 -0.378553808 0.919117153
vn -0.285933852 -0.498019993 0.818668127
vn 0.0850047693 -0.462412328 0.882580876
vn -0.597059906 -0.339111477 0.726995766
vn -0.992382228 -0.0600801781 0.107554734
vn -0.97318846 0.152590886 -0.172103748
vn -0.597059906 -0.339111477 0.726995766
vn 0.620736361 0.506581426 -0.598382533
vn -0.0111348154 0.628876388 -0.777425647
vn 0.27171427 0.445124924 -0.853249669
vn -0.0111348154 0.628876388 -0.777425647
vn -0.97318846 0.152590886 -0.172103748
vn 0.27171427 0.445124924 -0.853249669
vn -0.97318846 0.152590886 -0.172103748
vn -0.597059906 -0.339111477 0.726995766
vn -0.121670701 -0.384578645 0.915038466
vn -0.97318846 0.152590886 -0.172103748
vn 0.27171427 0.445124924 -0.853249669
vn -0.517119646 0.257826746 -0.816157162
vn 0.991580546 0.112150505 -0.0647311732
vn 0.975279689 0.207237646 -0.0766942948
vn 0.997918308 0.0155518902 -0.0625890046
vn 0.0850047693 -0.462412328 0.882580876
vn -0.597059906 -0.339111477 0.726995766
vn -0.121670701 -0.384578645 0.915038466
vn -0.97318846 0.152590886 -0.172103748
vn -0.121670701 -0.384578645 0.915038466
vn -0.902053952 -0.229344636 0.365649521
vn 0.991580546 0.112150505 -0.0647311732
vn 0.987987757 0.151717395 0.02935775
vn 0.975279689 0.207237646 -0.0766942948
vn 0.0850047693 -0.462412328 0.882580876
vn -0.121670701 -0.384578645 0.915038466
vn 0.109181657 -0.378553808 0.919117153
vn -0.97318846 0.152590886 -0.172103748
vn -0.517119646 0.257826746 -0.816157162
vn -0.902053952 -0.229344636 0.365649521
vn 0.27171427 0.445124924 -0.853249669
vn -0.517119646 0.257826746 -0.816157162
vn 0.0280906539 0.394452572 -0.918486834
vn -0.121670701 -0.384578645 0.915038466
vn 0.464489698 -0.264466316 0.845166802
vn 0.109181657 -0.378553808 0.919117153
vn -0.517119646 0.257826746 -0.816157162
vn -0.902053952 -0.229344636 0.365649521
vn -0.672997177 0.279564917 -0.684776068
vn 0.987987757 0.151717395 0.02935775
vn 0.992382109 0.0145130018 0.122340001
vn 0.975279689 0.207237646 -0.0766942948
vn -0.121670701 -0.384578645 0.915038466
vn -0.902053952 -0.229344636 0.365649521
vn -0.379031122 -0.0824453533 0.921703756
vn -0.121670701 -0.384578645 0.915038466
vn -0.379031122 -0.0824453533 0.921703756
vn 0.464489698 -0.264466316 0.845166802
vn -0.517119646 0.257826746 -0.816157162
vn -0.166200519 0.383097887 -0.908632755
vn -0.672997177 0.279564917 -0.684776068
vn -0.517119646 0.257826746 -0.816157162
vn 0.0280906539 0.394452572 -0.918486834
vn -0.166200519 0.383097887 -0.908632755
vn -0.902053952 -0.229344636 0.365649521
vn -0.841503561 0.205653921 0.499578357
vn -0.379031122 -0.0824453533 0.921703756
vn 0.901702762 0.0518933311 -0.429230809
vn 0.532479346 -0.0348440893 -0.845725179
vn 0.414046228 0.202078924 -0.887541413
vn -0.379031122 -0.0824453533 0.921703756
vn 0.349880964 -0.107479796 0.930608094
vn 0.464489698 -0.264466316 0.845166802
vn -0.841503561 0.205653921 0.499578357
vn -0.379031122 -0.0824453533 0.921703756
vn -0.979389906 0.189636052 0.0695233047
vn 0.901702762 0.0518933311 -0.429230809
vn 0.913434982 -0.108590253 -0.392230242
vn 0.532479346 -0.0348440893 -0.845725179
vn -0.379031122 -0.0824453533 0.921703756
vn -0.00532417744 0.0240620002 0.999696314
vn 0.349880964 -0.107479796 0.930608094
vn -0.379031122 -0.0824453533 0.921703756
vn -0.98750329 0.123026699 0.0984977037
vn -0.979389906 0.189636052 0.0695233047
vn 0.913434982 -0.108590253 -0.392230242
vn 0.323074251 0.0303068496 -0.945888162
vn 0.532479346 -0.0348440893 -0.845725179
vn 0.901702762 0.0518933311 -0.429230809
vn 0.913434982 -0.108590253 -0.392230242
vn 0.777482152 -0.184822246 0.601134062
vn -0.992437959 0.121425427 0.0179655775
vn -0.98750329 0.123026699 0.0984977037
vn -0.979389906 0.189636052 0.0695233047
vn -0.992437959 0.121425427 0.0179655775
vn -0.988921523 0.147724003 -0.0145440986
vn -0.98750329 0.123026699 0.0984977037
vn -0.988921523 0.147724003 -0.0145440986
vn -0.941941023 -0.0313292518 0.334313363
vn -0.98750329 0.123026699 0.0984977037
vn 0.913434982 -0.108590253 -0.392230242
vn 0.477977604 0.193503469 -0.856792688
vn 0.323074251 0.0303068496 -0.945888162
vn 0.913434982 -0.108590253 -0.392230242
vn 0.777482152 -0.184822246 0.601134062
vn 0.642943561 -0.287398487 0.709947705
vn 0.777482152 -0.184822246 0.601134062
vn 0.750471473 -0.295771271 0.591026068
vn 0.642943561 -0.287398487 0.709947705
vn 0.477977604 0.193503469 -0.856792688
vn 0.73231554 0.19814992 -0.651498854
vn 0.323074251 0.0303068496 -0.945888162
vn -0.257276118 -0.279372334 0.925072968
vn -0.435587794 -0.312981755 0.843982041
vn -0.293703169 -0.254623592 0.921360552
vn -0.988921523 0.147724003 -0.0145440986
vn -0.944462657 0.0707849264 -0.320903808
vn -0.941941023 -0.0313292518 0.334313363
vn 0.477977604 0.193503469 -0.856792688
vn 0.844657302 0.216195732 -0.489707321
vn 0.73231554 0.19814992 -0.651498854
vn 0.750471473 -0.295771271 0.591026068
vn 0.733316481 -0.200020179 0.649799049
vn 0.642943561 -0.287398487 0.709947705
vn -0.988921523 0.147724003 -0.0145440986
vn -0.715843201 0.357075691 -0.600054681
vn -0.944462657 0.0707849264 -0.320903808
vn 0.867108464 0.234465554 -0.439486504
vn 0.844657302 0.216195732 -0.489707321
vn 0.73231554 0.19814992 -0.651498854
vn 0.867108464 0.234465554 -0.439486504
vn 0.493750602 0.435981095 -0.752416611
vn 0.73231554 0.19814992 -0.651498854
vn -0.257276118 -0.279372334 0.925072968
vn -0.506068289 -0.340356618 0.792497456
vn -0.435587794 -0.312981755 0.843982041
vn -0.506068289 -0.340356618 0.792497456
vn -0.574882269 -0.463285774 0.67444551
vn -0.287521154 -0.541484237 0.790016711
vn -0.435587794 -0.312981755 0.843982041
vn 0.217190176 -0.419946969 0.881176829
vn 0.471281856 -0.293006718 0.831889808
vn -0.287521154 -0.541484237 0.790016711
vn -0.574882269 -0.463285774 0.67444551
vn 0.217190176 -0.419946969 0.881176829
vn -0.287521154 -0.541484237 0.790016711
vn 0.840119481 0.418660343 -0.344851494
vn -0.242150918 0.518565238 -0.820032358
vn 0.493750602 0.435981095 -0.752416611
vn 0.867108464 0.234465554 -0.439486504
vn 0.840119481 0.418660343 -0.344851494
vn 0.493750602 0.435981095 -0.752416611
vn -0.986249328 -0.143824562 -0.0814024806
vn -0.988105834 -0.131738618 -0.079320468
vn -0.994308233 0.0260297358 0.103313521
vn 0.867108464 0.234465554 -0.439486504
vn 0.934902728 0.309315354 -0.174014628
vn 0.840119481 0.418660343 -0.344851494
vn 0.217190176 -0.419946969 0.881176829
vn 0.533751965 -0.0643486977 0.84318918
vn 0.471281856 -0.293006718 0.831889808
vn 0.934902728 0.309315354 -0.174014628
vn 0.844942093 0.209022701 0.492323518
vn 0.840119481 0.418660343 -0.344851494
vn -0.983331919 -0.168123037 -0.0692305639
vn -0.971538901 -0.231865779 0.0484799966
vn -0.988105834 -0.131738618 -0.079320468
vn -0.986249328 -0.143824562 -0.0814024806
vn -0.983331919 -0.168123037 -0.0692305639
vn -0.988105834 -0.131738618 -0.079320468
vn -0.986249328 -0.143824562 -0.0814024806
vn -0.991717219 -0.124087557 0.0331561752
vn -0.983331919 -0.168123037 -0.0692305639
vn 0.691883922 0.109861374 -0.713601351
vn 0.691883922 0.109861374 -0.713601351
vn 0.49466148 0.181262225 -0.849973202
vn 0.844942093 0.209022701 0.492323518
vn 0.687696993 0.0385160372 0.724975348
vn 0.840119481 0.418660343 -0.344851494
vn 0.844942093 0.209022701 0.492323518
vn 0.547440648 0.0243632793 0.836489737
vn 0.687696993 0.0385160372 0.724975348
vn 0.547440648 0.0243632793 0.836489737
vn 0.636163652 0.0920008793 0.766049504
vn 0.687696993 0.0385160372 0.724975348
vn -0.991717219 -0.124087557 0.0331561752
vn -0.999575794 0.018528536 0.0224771518
vn -0.983331919 -0.168123037 -0.0692305639
vn 0.691883922 0.109861374 -0.713601351
vn 0.844378293 0.0324663334 -0.534762681
vn 0.691883922 0.109861374 -0.713601351
vn 0.636163652 0.0920008793 0.766049504
vn 0.573481798 0.151522636 0.805083692
vn 0.687696993 0.0385160372 0.724975348
vn -0.864136457 -0.0145224929 0.503048301
vn -0.864136457 -0.0145224929 0.503048301
vn -0.864136457 -0.0145224929 0.503048301
vn 0.790332437 -0.00171985861 -0.612675846
vn 0.790332437 -0.00171985861 -0.612675846
vn 0.790332437 -0.00171985861 -0.612675846
vn 0.636163652 0.0920008793 0.766049504
vn 0.520747483 0.34119305 0.782565832
vn 0.573481798 0.151522636 0.805083692
vn -0.599606991 -0.346398741 -0.721442521
vn -0.599606991 -0.346398741 -0.721442521
vn -0.599606991 -0.346398741 -0.721442521
vn -0.670982301 -0.146829367 0.726790309
vn -0.670982301 -0.146829367 0.726790309
vn -0.849789262 -0.114873923 0.514453292
vn -0.141649842 -0.068055518 -0.987574697
vn -0.141649842 -0.068055518 -0.987574697
vn 0.32264787 -0.0243817307 -0.94620496
vn 0.932419598 0.281526744 0.226576239
vn 0.953708172 0.296706945 0.0490514822
vn 0.907444656 0.306297868 0.287619889
vn 0.932419598 0.281526744 0.226576239
vn 0.907444656 0.306297868 0.287619889
vn 0.883697212 0.305676609 0.354458988
vn -0.670982301 -0.146829367 0.726790309
vn -0.771563292 -0.340007573 0.537665725
vn -0.776758432 -0.313086629 0.546463966
vn -0.670982301 -0.146829367 0.726790309
vn -0.141649842 -0.068055518 -0.987574697
vn -0.57615757 -0.0968737528 -0.81157738
vn -0.141649842 -0.068055518 -0.987574697
vn 0.932419598 0.281526744 0.226576239
vn 0.934206486 0.303666532 0.187202483
vn 0.617967248 0.300589323 -0.726472676
vn 0.953708172 0.296706945 0.0490514822
vn 0.932419598 0.281526744 0.226576239
vn 0.862060189 0.249573454 0.441095531
vn 0.934206486 0.303666532 0.187202483
vn -0.771563292 -0.340007573 0.537665725
vn -0.867833614 -0.369575977 0.332082212
vn -0.776758432 -0.313086629 0.546463966
vn -0.771563292 -0.340007573 0.537665725
vn -0.860063672 -0.392280072 0.326200664
vn -0.867833614 -0.369575977 0.332082212
vn 0.258341938 0.204623252 -0.944133818
vn 0.00973575283 0.0885957181 -0.996020138
vn 0.617967248 0.300589323 -0.726472676
vn 0.934206486 0.303666532 0.187202483
vn 0.258341938 0.204623252 -0.944133818
vn 0.617967248 0.300589323 -0.726472676
vn 0.934206486 0.303666532 0.187202483
vn 0.871891856 0.312885702 0.376705587
vn 0.812528729 0.27965036 0.511461258
vn 0.862060189 0.249573454 0.441095531
vn 0.934206486 0.303666532 0.187202483
vn 0.871891856 0.312885702 0.376705587
vn -0.860063672 -0.392280072 0.326200664
vn -0.864926815 -0.341862828 0.367466122
vn -0.867833614 -0.369575977 0.332082212
vn -0.0523090847 0.0097613642 -0.998583198
vn -0.135044545 -0.0361428857 -0.990180254
vn 0.00973575283 0.0885957181 -0.996020138
vn 0.258341938 0.204623252 -0.944133818
vn -0.0523090847 0.0097613642 -0.998583198
vn 0.00973575283 0.0885957181 -0.996020138
vn 0.871891856 0.312885702 0.376705587
vn 0.921521604 0.373388052 0.106673129
vn 0.812528729 0.27965036 0.511461258
vn -0.864926815 -0.341862828 0.367466122
vn -0.756308854 -0.283454448 0.589618862
vn -0.867833614 -0.369575977 0.332082212
vn -0.0523090847 0.0097613642 -0.998583198
vn -0.114244007 -0.067051284 -0.991187334
vn -0.135044545 -0.0361428857 -0.990180254
vn 0.871891856 0.312885702 0.376705587
vn 0.928920865 0.370247602 0.00473077223
vn 0.921521604 0.373388052 0.106673129
vn 0.0617104061 -0.894846857 -0.442087024
vn 0.934221327 -0.0268614907 -0.355680913
vn 0.88730824 -0.181959748 -0.4237625
vn -0.653918028 0.484630376 0.580968618
vn -0.936010301 -0.123371199 0.329642504
vn -0.890463769 0.150351167 0.429498434
vn 0.934221327 -0.0268614907 -0.355680913
vn 0.884241223 0.418486893 -0.207330868
vn 0.906630099 0.320261538 -0.274689496
vn -0.653918028 0.484630376 0.580968618
vn -0.890463769 0.150351167 0.429498434
vn -0.746423006 0.477973342 0.463027537
vn 0.0617104061 -0.894846857 -0.442087024
vn 0.88730824 -0.181959748 -0.4237625
vn 0.339179605 -0.595240831 -0.728453875
vn 0.934221327 -0.0268614907 -0.355680913
vn 0.88730824 -0.181959748 -0.4237625
vn 0.906630099 0.320261538 -0.274689496
vn 0.884241223 0.418486893 -0.207330868
vn 0.906630099 0.320261538 -0.274689496
vn 0.0930907801 0.894011855 0.4382658
vn -0.653918028 0.484630376 0.580968618
vn 0.0930907801 0.894011855 0.4382658
vn -0.216760829 0.817653835 0.533345044
vn -0.282214642 -0.778928041 -0.560023367
vn 0.030190099 -0.795939744 -0.604622662
vn 0.565668344 -0.703897953 -0.429589421
vn 0.0617104061 -0.894846857 -0.442087024
vn -0.170320451 -0.744724274 -0.645272195
vn -0.7371943 -0.651119411 -0.180522099
vn 0.0617104061 -0.894846857 -0.442087024
vn 0.339179605 -0.595240831 -0.728453875
vn -0.170320451 -0.744724274 -0.645272195
vn -0.653918028 0.484630376 0.580968618
vn -0.746423006 0.477973342 0.463027537
vn 0.0930907801 0.894011855 0.4382658
vn 0.88730824 -0.181959748 -0.4237625
vn 0.339179605 -0.595240831 -0.728453875
vn 0.959381104 0.217586726 -0.179564908
vn 0.88730824 -0.181959748 -0.4237625
vn 0.906630099 0.320261538 -0.274689496
vn 0.959381104 0.217586726 -0.179564908
vn -0.936010301 -0.123371199 0.329642504
vn -0.890463769 0.150351167 0.429498434
vn -0.969576538 -0.199609682 0.141694397
vn -0.936010301 -0.123371199 0.329642504
vn -0.947820365 0.0464156717 0.315407604
vn -0.969576538 -0.199609682 0.141694397
vn -0.282214642 -0.778928041 -0.560023367
vn -0.609038532 -0.654955804 -0.447331041
vn 0.030190099 -0.795939744 -0.604622662
vn 0.339179605 -0.595240831 -0.728453875
vn 0.34080866 -0.60568583 -0.719022989
vn -0.170320451 -0.744724274 -0.645272195
vn -0.890463769 0.150351167 0.429498434
vn -0.746423006 0.477973342 0.463027537
vn -0.764453351 0.453331679 0.458368152
vn 0.906630099 0.320261538 -0.274689496
vn 0.0930907801 0.894011855 0.4382658
vn 0.959381104 0.217586726 -0.179564908
vn -0.746423006 0.477973342 0.463027537
vn 0.0930907801 0.894011855 0.4382658
vn -0.764453351 0.453331679 0.458368152
vn 0.0930907801 0.894011855 0.4382658
vn -0.764453351 0.453331679 0.458368152
vn -0.50457263 0.572734058 0.646051347
vn -0.282214642 -0.778928041 -0.560023367
vn -0.0888462365 -0.774583757 -0.626200259
vn -0.609038532 -0.654955804 -0.447331041
vn 0.34080866 -0.60568583 -0.719022989
vn -0.0888462365 -0.774583757 -0.626200259
vn -0.170320451 -0.744724274 -0.645272195
vn 0.822240949 0.527061582 0.214768171
vn 0.904443264 0.12124908 -0.408999979
vn 0.959381104 0.217586726 -0.179564908
vn 0.0930907801 0.894011855 0.4382658
vn 0.822240949 0.527061582 0.214768171
vn 0.959381104 0.217586726 -0.179564908
vn 0.34080866 -0.60568583 -0.719022989
vn -0.0888462365 -0.774583757 -0.626200259
vn 0.197738871 -0.74040693 -0.642415047
vn 0.0930907801 0.894011855 0.4382658
vn 0.822240949 0.527061582 0.214768171
vn -0.50457263 0.572734058 0.646051347
vn -0.0888462365 -0.774583757 -0.626200259
vn 0.197738871 -0.74040693 -0.642415047
vn -0.284074396 -0.622220755 -0.729481339
vn -0.764453351 0.453331679 0.458368152
vn -0.50457263 0.572734058 0.646051347
vn -0.789912701 0.225308388 0.570327759
vn -0.0888462365 -0.774583757 -0.626200259
vn -0.478369266 -0.625749588 -0.61611706
vn -0.609038532 -0.654955804 -0.447331041
vn 0.822240949 0.527061582 0.214768171
vn 0.764163613 0.132256821 -0.631317735
vn 0.904443264 0.12124908 -0.408999979
vn -0.0888462365 -0.774583757 -0.626200259
vn -0.284074396 -0.622220755 -0.729481339
vn -0.478369266 -0.625749588 -0.61611706
vn 0.764163613 0.132256821 -0.631317735
vn 0.64780277 0.0150336288 -0.761659682
vn 0.904443264 0.12124908 -0.408999979
vn 0.822240949 0.527061582 0.214768171
vn -0.50457263 0.572734058 0.646051347
vn 0.0890512094 0.451109111 0.888014853
vn 0.293452889 0.514943898 0.805430412
vn 0.764163613 0.132256821 -0.631317735
vn 0.511652946 0.0153286876 -0.8590554
vn 0.64780277 0.0150336288 -0.761659682
vn -0.50457263 0.572734058 0.646051347
vn -0.789912701 0.225308388 0.570327759
vn -0.818566203 0.0905984044 0.567222059
vn -0.284074396 -0.622220755 -0.729481339
vn -0.537055135 -0.376271278 -0.754977822
vn -0.478369266 -0.625749588 -0.61611706
vn -0.789912701 0.225308388 0.570327759
vn -0.842507005 0.0841613039 0.532070339
vn -0.818566203 0.0905984044 0.567222059
vn 0.764163613 0.132256821 -0.631317735
vn 0.444521755 -0.0688914359 -0.893114984
vn 0.511652946 0.0153286876 -0.8590554
vn 0.0890512094 0.451109111 0.888014853
vn 0.393496424 0.437182307 0.808722436
vn 0.293452889 0.514943898 0.805430412
vn -0.920144081 -0.339040071 0.195925117
vn -0.863490582 -0.502534389 -0.0429324284
vn -0.837499678 -0.475230962 -0.269722193
vn -0.877379119 -0.237769052 0.416739315
vn -0.920144081 -0.339040071 0.195925117
vn -0.863490582 -0.502534389 -0.0429324284
vn 0.444521755 -0.0688914359 -0.893114984
vn 0.250329942 -0.212432221 -0.944567263
vn 0.511652946 0.0153286876 -0.8590554
vn 0.393496424 0.437182307 0.808722436
vn 0.654729307 0.55882436 0.508964241
vn 0.293452889 0.514943898 0.805430412
vn 0.837223053 -0.0315365829 -0.545951068
vn 0.871458948 -0.0447836556 -0.488419354
vn 0.843767464 -0.0671093389 -0.532496631
vn -0.877379119 -0.237769052 0.416739315
vn -0.812401474 0.0332834832 0.582148194
vn -0.920144081 -0.339040071 0.195925117
vn 0.444521755 -0.0688914359 -0.893114984
vn 0.451193213 -0.218257815 -0.865325451
vn 0.250329942 -0.212432221 -0.944567263
vn -0.00302663725 0.384707928 0.923033416
vn -0.00302663725 0.384707928 0.923033416
vn 0.0299437009 0.431284934 0.901718795
vn 0.837223053 -0.0315365829 -0.545951068
vn 0.818585634 -0.0248376317 -0.573847532
vn 0.843767464 -0.0671093389 -0.532496631
vn -0.817883432 -0.36275515 -0.446626693
vn -0.817883432 -0.36275515 -0.446626693
vn -0.820909023 -0.397277802 -0.410217732
vn -0.817883432 -0.36275515 -0.446626693
vn -0.812887728 -0.327882379 -0.481359214
vn -0.817883432 -0.36275515 -0.446626693
vn 0.837223053 -0.0315365829 -0.545951068
vn 0.820444942 0.0395513922 -0.570355833
vn 0.818585634 -0.0248376317 -0.573847532
vn -0.00302663725 0.384707928 0.923033416
vn -0.035253074 0.337786317 0.940562487
vn -0.00302663725 0.384707928 0.923033416
g 
f 1//1 2//2 3//3 4//4
f 7//7 6//6 5//5 8//8
f 10//10 9//9 11//11 12//12
f 13//13 15//15 16//16 14//14
f 19//19 20//20 17//17 18//18
f 23//23 21//21 22//22 24//24
f 25//25 27//27 28//28 26//26
f 31//31 32//32 29//29 30//30
f 33//33 35//35 36//36 34//34
f 40//40 39//39 37//37 38//38
f 42//42 41//41 43//43 44//44
f 48//48 46//46 45//45 47//47
f 49//49 51//51 52//52 50//50
f 56//56 55//55 53//53 54//54
f 58//58 57//57 59//59 60//60
f 62//62 64//64 63//63 61//61
f 67//67 66//66 65//65 68//68
f 70//70 69//69 71//71 72//72
f 74//74 76//76 75//75 73//73
f 79//79 77//77 78//78 80//80
f 81//81 83//83 84//84 82//82
f 87//87 88//88 86//86 85//85
f 90//90 92//92 91//91 89//89
f 95//95 93//93 94//94 96//96
f 97//97 99//99 100//100 98//98
f 104//104 103//103 101//101 102//102
f 105//105 106//106 108//108 107//107
f 112//112 111//111 109//109 110//110
f 113//113 115//115 116//116 114//114
f 120//120 119//119 117//117 118//118
f 121//121 122//122 124//124 123//123
f 128//128 127//127 125//125 126//126
f 130//130 129//129 131//131 132//132
f 136//136 134//134 133//133 135//135
f 137//137 138//138 140//140 139//139
f 144//144 143//143 141//141 142//142
f 146//146 145//145 147//147 148//148
f 150//150 151//151 152//152 149//149
f 155//155 153//153 154//154 156//156
f 159//159 160//160 158//158 157//157
f 162//162 164//164 163//163 161//161
f 167//167 165//165 166//166 168//168
f 170//170 169//169 171//171 172//172
f 174//174 176//176 175//175 173//173
f 179//179 177//177 178//178 180//180
f 182//182 184//184 183//183 181//181
f 185//185 187//187 188//188 186//186
f 191//191 192//192 190//190 189//189
f 194//194 196//196 195//195 193//193
f 199//199 197//197 198//198 200//200
f 201//201 203//203 204//204 202//202
f 208//208 207//207 205//205 206//206
f 210//210 209//209 211//211 212//212
f 213//213 215//215 216//216 214//214
f 220//220 219//219 217//217 218//218
f 224//224 222//222 221//221 223//223
f 225//225 226//226 228//228 227//227
f 232//232 231//231 229//229 230//230
f 234//234 233//233 235//235 236//236
f 237//237 239//239 240//240 238//238
f 244//244 243//243 241//241 242//242
f 245//245 246//246 248//248 247//247
f 252//252 251//251 249//249 250//250
f 254//254 253//253 255//255 256//256
f 259//259 258//258 257//257 260//260
f 261//261 262//262 264//264 263//263
f 267//267 268//268 265//265 266//266
f 270//270 272//272 271//271 269//269
f 275//275 273//273 274//274 276//276
f 277//277 279//279 280//280 278//278
f 282//282 281//281 283//283 284//284
f 287//287 285//285 286//286 288//288
f 291//291 292//292 290//290 289//289
f 294//294 295//295 296//296 293//293
f 299//299 297//297 298//298 300//300
f 303//303 304//304 302//302 301//301
f 305//305 307//307 308//308 306//306
f 312//312 311//311 309//309 310//310
f 314//314 313//313 315//315 316//316
f 318//318 320//320 319//319 317//317
f 323//323 321//321 322//322 324//324
f 326//326 325//325 328//328 327//327
f 332//332 331//331 329//329 330//330
f 334//334 333//333 335//335 336//336
f 338//338 340//340 339//339 337//337
f 343//343 342//342 341//341 344//344
f 345//345 346//346 348//348 347//347
f 352//352 351//351 349//349 350//350
f 354//354 353//353 355//355 356//356
f 357//357 359//359 360//360 358//358
f 364//364 363//363 361//361 362//362
f 368//368 366//366 365//365 367//367
f 370//370 369//369 371//371 372//372
f 373//373 375//375 376//376 374//374
f 379//379 380//380 377//377 378//378
f 384//384 382//382 381//381 383//383
f 386//386 385//385 387//387 388//388
f 390//390 392//392 391//391 389//389
f 395//395 393//393 394//394 396//396
f 398//398 397//397 399//399 400//400
f 401//401 403//403 404//404 402//402
f 408//408 407//407 405//405 406//406
f 409//409 410//410 412//412 411//411
f 415//415 413//413 414//414 416//416
f 419//419 420//420 417//417 418//418
f 423//423 421//421 422//422 424//424
f 425//425 427//427 428//428 426//426
f 432//432 431//431 429//429 430//430
f 433//433 434//434 436//436 435//435
f 439//439 440//440 437//437 438//438
f 442//442 444//444 443//443 441//441
f 447//447 445//445 446//446 448//448
f 449//449 452//452 451//451 450//450
f 456//456 453//453 455//455 454//454
f 457//457 459//459 460//460 458//458
f 462//462 461//461 463//463 464//464
f 466//466 468//468 467//467 465//465
f 471//471 470//470 469//469 472//472
f 475//475 473//473 474//474 476//476
f 479//479 480//480 478//478 477//477
f 481//481 483//483 484//484 482//482
f 488//488 487//487 485//485 486//486
f 489//489 490//490 492//492 491//491
f 495//495 496//496 493//493 494//494
f 497//497 499//499 500//500 498//498
f 504//504 503//503 501//501 502//502
f 506//506 505//505 507//507 508//508
f 510//510 512//512 511//511 509//509
f 515//515 513//513 514//514 516//516
f 518//518 517//517 519//519 520//520
f 522//522 524//524 523//523 521//521
f 525//525 528//528 526//526 527//527
f 529//529 531//531 530//530 532//532
f 534//534 533//533 535//535 536//536
f 538//538 540//540 539//539 537//537
f 543//543 541//541 542//542 544//544
f 546//546 545//545 547//547 548//548
f 552//552 550//550 549//549 551//551
f 556//556 555//555 553//553 554//554
f 558//558 557//557 559//559 560//560
f 561//561 563//563 564//564 562//562
f 568//568 567//567 565//565 566//566
f 569//569 570//570 572//572 571//571
f 575//575 576//576 573//573 574//574
f 577//577 579//579 580//580 578//578
f 584//584 583//583 581//581 582//582
f 588//588 586//586 585//585 587//587
f 590//590 589//589 591//591 592//592
f 594//594 595//595 596//596 593//593
f 600//600 599//599 598//598 597//597
f 602//602 601//601 603//603 604//604
f 606//606 608//608 607//607 605//605
f 609//609 611//611 612//612 610//610
f 616//616 615//615 613//613 614//614
f 617//617 618//618 620//620 619//619
f 623//623 624//624 621//621 622//622
f 625//625 627//627 628//628 626//626
f 632//632 631//631 629//629 630//630
f 633//633 635//635 636//636 634//634
f 637//637 639//639 640//640 638//638
f 644//644 643//643 641//641 642//642
f 645//645 646//646 648//648 647//647
f 651//651 652//652 649//649 650//650
f 653//653 655//655 656//656 654//654
f 659//659 657//657 658//658 660//660
f 663//663 664//664 662//662 661//661
f 667//667 665//665 666//666 668//668
f 670//670 669//669 671//671 672//672
f 673//673 675//675 676//676 674//674
f 678//678 677//677 679//679 680//680
f 682//682 684//684 683//683 681//681
f 686//686 688//688 687//687 685//685
f 692//692 690//690 689//689 691//691
f 694//694 693//693 695//695 696//696
f 699//699 697//697 698//698 700//700
f 703//703 701//701 702//702 704//704
f 707//707 708//708 706//706 705//705
f 709//709 711//711 712//712 710//710
f 716//716 715//715 713//713 714//714
f 718//718 717//717 720//720 719//719
f 724//724 723//723 721//721 722//722
f 726//726 725//725 727//727 728//728
f 730//730 732//732 731//731 729//729
f 734//734 736//736 735//735 733//733
f 739//739 738//738 737//737 740//740
f 742//742 741//741 743//743 744//744
f 746//746 748//748 747//747 745//745
f 750//750 749//749 751//751 752//752
f 754//754 753//753 755//755 756//756
f 758//758 760//760 759//759 757//757
f 763//763 761//761 762//762 764//764
f 766//766 768//768 767//767 765//765
f 771//771 770//770 769//769 772//772
f 774//774 773//773 775//775 776//776
f 777//777 779//779 780//780 778//778
f 784//784 783//783 781//781 782//782
f 788//788 786//786 785//785 787//787
f 791//791 789//789 790//790 792//792
f 795//795 796//796 793//793 794//794
f 797//797 799//799 800//800 798//798
f 804//804 803//803 801//801 802//802
f 806//806 805//805 807//807 808//808
f 809//809 812//812 811//811 810//810
f 814//814 816//816 813//813 815//815
f 819//819 817//817 818//818 820//820
f 821//821 823//823 824//824 822//822
f 828//828 827//827 825//825 826//826
f 829//829 831//831 832//832 830//830
f 836//836 835//835 833//833 834//834
f 840//840 838//838 837//837 839//839
f 842//842 841//841 843//843 844//844
f 846//846 848//848 847//847 845//845
f 851//851 849//849 850//850 852//852
f 854//854 856//856 855//855 853//853
f 857//857 859//859 860//860 858//858
f 864//864 863//863 861//861 862//862
f 865//865 866//866 868//868 867//867
f 871//871 872//872 869//869 870//870
f 873//873 875//875 876//876 874//874
f 880//880 879//879 877//877 878//878
f 881//881 883//883 884//884 882//882
f 885//885 887//887 888//888 886//886
f 892//892 891//891 889//889 890//890
f 893//893 894//894 896//896 895//895
f 900//900 899//899 897//897 898//898
f 901//901 902//902 904//904 903//903
f 907//907 908//908 905//905 906//906
f 909//909 912//912 911//911 910//910
f 914//914 913//913 915//915 916//916
f 918//918 920//920 919//919 917//917
f 923//923 921//921 922//922 924//924
f 925//925 927//927 928//928 926//926
f 932//932 931//931 929//929 930//930
f 936//936 935//935 934//934 933//933
f 938//938 937//937 939//939 940//940
f 943//943 941//941 942//942 944//944
f 946//946 945//945 947//947 948//948
f 949//949 951//951 952//952 950//950
f 953//953 954//954 956//956 955//955
f 960//960 959//959 957//957 958//958
f 962//962 961//961 963//963 964//964
f 967//967 965//965 966//966 968//968
f 970//970 969//969 971//971 972//972
f 976//976 973//973 974//974 975//975
f 979//979 980//980 978//978 977//977
f 982//982 981//981 983//983 984//984
f 985//985 987//987 988//988 986//986
f 992//992 991//991 989//989 990//990
f 993//993 994//994 996//996 995//995
f 1000//1000 999//999 997//997 998//998
f 1002//1002 1004//1004 1003//1003 1001//1001
f 1007//1007 1005//1005 1006//1006 1008//1008
f 1010//1010 1012//1012 1011//1011 1009//1009
f 1015//1015 1014//1014 1013//1013 1016//1016
f 1019//1019 1018//1018 1020//1020 1017//1017
f 1022//1022 1021//1021 1023//1023 1024//1024
f 1026//1026 1028//1028 1027//1027 1025//1025
f 1031//1031 1029//1029 1030//1030 1032//1032
f 1035//1035 1033//1033 1034//1034 1036//1036
f 1038//1038 1040//1040 1039//1039 1037//1037
f 1043//1043 1042//1042 1041//1041 1044//1044
f 1045//1045 1046//1046 1048//1048 1047//1047
f 1052//1052 1051//1051 1049//1049 1050//1050
f 1053//1053 1054//1054 1056//1056 1055//1055
f 1059//1059 1057//1057 1058//1058 1060//1060
f 1062//1062 1064//1064 1061//1061 1063//1063
f 1068//1068 1067//1067 1065//1065 1066//1066
f 1070//1070 1069//1069 1071//1071 1072//1072
f 1076//1076 1073//1073 1074//1074 1075//1075
f 1078//1078 1077//1077 1079//1079 1080//1080
f 1081//1081 1084//1084 1083//1083 1082//1082
f 1085//1085 1087//1087 1088//1088 1086//1086
f 1091//1091 1092//1092 1090//1090 1089//1089
f 1096//1096 1094//1094 1093//1093 1095//1095
f 1098//1098 1097//1097 1099//1099 1100//1100
f 1103//1103 1101//1101 1102//1102 1104//1104
f 1107//1107 1108//1108 1106//1106 1105//1105
f 1109//1109 1110//1110 1112//1112 1111//1111
f 1116//1116 1115//1115 1113//1113 1114//1114
f 1117//1117 1118//1118 1120//1120 1119//1119
f 1121//1121 1123//1123 1124//1124 1122//1122
f 1128//1128 1127//1127 1125//1125 1126//1126
f 1129//1129 1130//1130 1132//1132 1131//1131
f 1136//1136 1135//1135 1133//1133 1134//1134
f 1137//1137 1138//1138 1140//1140 1139//1139
f 1143//1143 1144//1144 1141//1141 1142//1142
f 1146//1146 1148//1148 1147//1147 1145//1145
f 1151//1151 1149//1149 1150//1150 1152//1152
f 1156//1156 1154//1154 1153//1153 1155//1155
f 1157//1157 1159//1159 1160//1160 1158//1158
f 1164//1164 1163//1163 1161//1161 1162//1162
f 1166//1166 1165//1165 1167//1167 1168//1168
f 1171//1171 1170//1170 1169//1169 1172//1172
f 1173//1173 1176//1176 1175//1175 1174//1174
f 1178//1178 1177//1177 1180//1180 1179//1179
f 1184//1184 1182//1182 1181//1181 1183//1183
f 1186//1186 1185//1185 1187//1187 1188//1188
f 1190//1190 1192//1192 1191//1191 1189//1189
f 1195//1195 1193//1193 1194//1194 1196//1196
f 1199//1199 1197//1197 1198//1198 1200//1200
f 1202//1202 1204//1204 1203//1203 1201//1201
f 1207//1207 1206//1206 1205//1205 1208//1208
f 1210//1210 1212//1212 1211//1211 1209//1209
f 1213//1213 1214//1214 1216//1216 1215//1215
f 1219//1219 1220//1220 1217//1217 1218//1218
f 1221//1221 1223//1223 1224//1224 1222//1222
f 1228//1228 1227//1227 1225//1225 1226//1226
f 1229//1229 1230//1230 1232//1232 1231//1231
f 1236//1236 1235//1235 1233//1233 1234//1234
f 1237//1237 1238//1238 1240//1240 1239//1239
f 1244//1244 1243//1243 1241//1241 1242//1242
f 1247//1247 1246//1246 1248//1248 1245//1245
f 1249//1249 1252//1252 1250//1250
f 1254//1254 1256//1256 1253//1253
f 1258//1258 1259//1259 1257//1257
f 1261//1261 1263//1263 1264//1264
f 1265//1265 1266//1266 1268//1268
f 1270//1270 1271//1271 1269//1269
f 1273//1273 1274//1274 1276//1276
f 1278//1278 1279//1279 1277//1277
f 1282//1282 1284//1284 1281//1281
f 1286//1286 1287//1287 1285//1285
f 1289//1289 1290//1290 1292//1292
f 1294//1294 1295//1295 1293//1293
f 1298//1298 1299//1299 1297//1297
f 1301//1301 1303//1303 1304//1304
f 1306//1306 1308//1308 1305//1305
f 1310//1310 1311//1311 1309//1309
f 1313//1313 1314//1314 1316//1316
f 1318//1318 1319//1319 1317//1317
f 1322//1322 1323//1323 1321//1321
f 1325//1325 1327//1327 1326//1326
f 1329//1329 1332//1332 1330//1330
f 1336//1336 1335//1335 1333//1333
f 1337//1337 1339//1339 1338//1338
f 1344//1344 1342//1342 1341//1341
f 1348//1348 1346//1346 1345//1345
f 1352//1352 1350//1350 1349//1349
f 1356//1356 1354//1354 1353//1353
f 1357//1357 1360//1360 1358//1358
f 1364//1364 1362//1362 1361//1361
f 1368//1368 1366//1366 1365//1365
f 1372//1372 1370//1370 1369//1369
f 1376//1376 1374//1374 1373//1373
f 1377//1377 1380//1380 1378//1378
f 1381//1381 1384//1384 1382//1382
f 1388//1388 1386//1386 1385//1385
f 1392//1392 1390//1390 1389//1389
f 1396//1396 1394//1394 1393//1393
f 1398//1398 1399//1399 1397//1397
f 1404//1404 1402//1402 1401//1401
f 1405//1405 1408//1408 1406//1406
f 1409//1409 1412//1412 1410//1410
f 1416//1416 1414//1414 1413//1413
f 1420//1420 1418//1418 1417//1417
f 1424//1424 1423//1423 1421//1421
f 1428//1428 1426//1426 1425//1425
f 1432//1432 1430//1430 1429//1429
f 1433//1433 1435//1435 1434//1434
f 1440//1440 1438//1438 1437//1437
f 1444//1444 1442//1442 1441//1441
f 1448//1448 1446//1446 1445//1445
f 1452//1452 1450//1450 1449//1449
f 1453//1453 1456//1456 1454//1454
f 1457//1457 1460//1460 1458//1458
f 1464//1464 1462//1462 1461//1461
f 1468//1468 1466//1466 1465//1465
f 1472//1472 1470//1470 1469//1469
f 1476//1476 1474//1474 1473//1473
f 1480//1480 1478//1478 1477//1477
f 1481//1481 1484//1484 1482//1482
f 1485//1485 1488//1488 1486//1486
f 1492//1492 1490//1490 1489//1489
f 1496//1496 1494//1494 1493//1493
f 1497//1497 1500//1500 1498//1498
f 1504//1504 1502//1502 1501//1501
f 1508//1508 1506//1506 1505//1505
f 1512//1512 1510//1510 1509//1509
f 1516//1516 1515//1515 1513//1513
f 1520//1520 1518//1518 1517//1517
f 1524//1524 1522//1522 1521//1521
f 1528//1528 1526//1526 1525//1525
f 1529//1529 1532//1532 1530//1530
f 1533//1533 1536//1536 1534//1534
f 1540//1540 1538//1538 1537//1537
f 1544//1544 1542//1542 1541//1541
f 1548//1548 1546//1546 1545//1545
f 1552//1552 1550//1550 1549//1549
f 1555//1555 1553//1553 1554//1554
f 1559//1559 1558//1558 1560//1560
f 1562//1562 1564//1564 1563//1563
f 1567//1567 1565//1565 1566//1566
f 1572//1572 1570//1570 1571//1571
f 1574//1574 1576//1576 1575//1575
f 1579//1579 1580//1580 1578//1578
f 1583//1583 1584//1584 1582//1582
f 1588//1588 1586//1586 1587//1587
f 1590//1590 1592//1592 1591//1591
f 1595//1595 1596//1596 1594//1594
f 1599//1599 1600//1600 1598//1598
f 1604//1604 1602//1602 1603//1603
f 1607//1607 1606//1606 1608//1608
f 1610//1610 1612//1612 1611//1611
f 1615//1615 1616//1616 1614//1614
f 1619//1619 1620//1620 1618//1618
f 1623//1623 1624//1624 1622//1622
f 1628//1628 1625//1625 1627//1627
f 1629//1629 1631//1631 1630//1630
f 1632//1632 1634//1634 1633//1633
f 1635//1635 1636//1636 1637//1637
f 1640//1640 1638//1638 1639//1639
f 1643//1643 1642//1642 1641//1641
f 1644//1644 1647//1647 1645//1645
f 1648//1648 1651//1651 1649//1649
f 1655//1655 1654//1654 1652//1652
f 1656//1656 1657//1657 1658//1658
f 1659//1659 1661//1661 1660//1660
f 1662//1662 1663//1663 1664//1664
f 1665//1665 1668//1668 1666//1666
f 1672//1672 1670//1670 1669//1669
f 1673//1673 1676//1676 1674//1674
f 1677//1677 1679//1679 1678//1678
f 1680//1680 1682//1682 1681//1681
f 1687//1687 1685//1685 1684//1684
f 1688//1688 1691//1691 1689//1689
f 1695//1695 1693//1693 1692//1692
f 1699//1699 1697//1697 1696//1696
f 1700//1700 1703//1703 1701//1701
f 1704//1704 1706//1706 1705//1705
f 1708//1708 1709//1709 1707//1707
f 1712//1712 1714//1714 1711//1711
f 1715//1715 1717//1717 1716//1716
f 1718//1718 1720//1720 1719//1719
f 1721//1721 1723//1723 1722//1722
f 1724//1724 1726//1726 1725//1725
f 1728//1728 1730//1730 1729//1729
f 1732//1732 1734//1734 1733//1733
f 1735//1735 1738//1738 1736//1736
f 1739//1739 1741//1741 1740//1740
f 1742//1742 1744//1744 1743//1743
f 1745//1745 1747//1747 1746//1746
f 1751//1751 1750//1750 1748//1748
f 1754//1754 1753//1753 1752//1752
f 1755//1755 1758//1758 1756//1756
f 1762//1762 1761//1761 1759//1759
f 1765//1765 1764//1764 1763//1763
f 1766//1766 1768//1768 1767//1767
f 1770//1770 1771//1771 1769//1769
f 1773//1773 1775//1775 1774//1774
f 1777//1777 1778//1778 1776//1776
f 1780//1780 1781//1781 1779//1779
f 1782//1782 1785//1785 1783//1783
f 1786//1786 1787//1787 1788//1788
f 1789//1789 1791//1791 1790//1790
f 1792//1792 1794//1794 1793//1793
f 1795//1795 1797//1797 1796//1796
f 1798//1798 1799//1799 1800//1800
f 1802//1802 1804//1804 1801//1801
f 1807//1807 1806//1806 1805//1805
f 1808//1808 1810//1810 1809//1809
f 1811//1811 1813//1813 1812//1812
f 1815//1815 1817//1817 1816//1816
f 1818//1818 1820//1820 1819//1819
f 1822//1822 1823//1823 1821//1821
f 1827//1827 1826//1826 1825//1825
f 1829//1829 1831//1831 1828//1828
f 1832//1832 1834//1834 1833//1833
f 1838//1838 1836//1836 1837//1837
f 1839//1839 1841//1841 1840//1840
f 1844//1844 1842//1842 1843//1843
f 1847//1847 1846//1846 1845//1845
f 1848//1848 1849//1849 1850//1850
f 1852//1852 1853//1853 1851//1851
f 1854//1854 1856//1856 1855//1855
f 1857//1857 1858//1858 1859//1859
f 1860//1860 1861//1861 1862//1862
f 1865//1865 1864//1864 1863//1863
f 1866//1866 1868//1868 1867//1867
f 1869//1869 1872//1872 1870//1870
f 1874//1874 1875//1875 1873//1873
f 1876//1876 1877//1877 1878//1878
f 1879//1879 1881//1881 1880//1880
f 1882//1882 1883//1883 1884//1884
f 1885//1885 1887//1887 1886//1886
f 1888//1888 1890//1890 1889//1889
f 1891//1891 1892//1892 1893//1893
f 1894//1894 1897//1897 1895//1895
f 1898//1898 1900//1900 1899//1899
f 1901//1901 1903//1903 1902//1902
f 1904//1904 1906//1906 1905//1905
f 1907//1907 1909//1909 1908//1908
f 1910//1910 1912//1912 1911//1911
f 1913//1913 1915//1915 1914//1914
f 1917//1917 1918//1918 1916//1916
f 1919//1919 1921//1921 1920//1920
f 1922//1922 1924//1924 1923//1923
f 1925//1925 1927//1927 1926//1926
f 1929//1929 1928//1928 1930//1930
f 1932//1932 1933//1933 1931//1931
f 1934//1934 1935//1935 1936//1936
f 1937//1937 1939//1939 1938//1938
f 1942//1942 1940//1940 1941//1941
f 1945//1945 1944//1944 1943//1943
f 1947//1947 1948//1948 1946//1946
f 1949//1949 1951//1951 1950//1950
f 1952//1952 1953//1953 1954//1954
f 1956//1956 1957//1957 1955//1955
f 1958//1958 1960//1960 1959//1959
f 1961//1961 1962//1962 1963//1963
f 1964//1964 1966//1966 1965//1965
f 1967//1967 1968//1968 1969//1969
f 1971//1971 1972//1972 1970//1970
f 1973//1973 1975//1975 1974//1974
f 1976//1976 1978//1978 1977//1977
f 1979//1979 1982//1982 1980//1980
f 1983//1983 1985//1985 1984//1984
f 1987//1987 1988//1988 1986//1986
f 1989//1989 1991//1991 1990//1990
f 1992//1992 1993//1993 1994//1994
f 1995//1995 1997//1997 1996//1996
f 1998//1998 2000//2000 1999//1999
f 2001//2001 2003//2003 2002//2002
f 2005//2005 2006//2006 2004//2004
f 2007//2007 2009//2009 2008//2008
f 2011//2011 2012//2012 2010//2010
f 2013//2013 2015//2015 2014//2014
f 2018//2018 2017//2017 2016//2016
f 2019//2019 2021//2021 2020//2020
f 2024//2024 2023//2023 2022//2022
f 2026//2026 2027//2027 2025//2025
f 2029//2029 2031//2031 2030//2030
f 2032//2032 2033//2033 2034//2034
f 2036//2036 2037//2037 2035//2035
f 2038//2038 2040//2040 2039//2039
f 2043//2043 2042//2042 2041//2041
f 2046//2046 2045//2045 2044//2044
f 2048//2048 2050//2050 2047//2047
f 2053//2053 2052//2052 2051//2051
f 2054//2054 2055//2055 2056//2056
f 2059//2059 2058//2058 2057//2057
f 2060//2060 2062//2062 2061//2061
f 2065//2065 2064//2064 2063//2063
f 2066//2066 2068//2068 2067//2067
f 2069//2069 2071//2071 2070//2070
f 2072//2072 2074//2074 2073//2073
f 2075//2075 2076//2076 2077//2077
f 2078//2078 2080//2080 2079//2079
f 2081//2081 2082//2082 2083//2083
f 2085//2085 2086//2086 2084//2084
f 2087//2087 2090//2090 2088//2088
f 2093//2093 2092//2092 2091//2091
f 2096//2096 2095//2095 2094//2094
f 2100//2100 2099//2099 2097//2097
f 2101//2101 2103//2103 2102//2102
f 2104//2104 2105//2105 2106//2106
f 2107//2107 2108//2108 2109//2109
f 2110//2110 2112//2112 2111//2111
f 2113//2113 2115//2115 2114//2114
f 2117//2117 2118//2118 2116//2116
f 2119//2119 2121//2121 2120//2120
f 2122//2122 2124//2124 2123//2123
f 2125//2125 2127//2127 2126//2126
f 2129//2129 2130//2130 2128//2128
f 2131//2131 2133//2133 2132//2132
f 2134//2134 2136//2136 2135//2135
f 2137//2137 2139//2139 2138//2138
f 2141//2141 2140//2140 2142//2142
f 2144//2144 2143//2143 2145//2145
f 2146//2146 2148//2148 2147//2147
f 2149//2149 2151//2151 2150//2150
f 2152//2152 2154//2154 2153//2153
f 2156//2156 2157//2157 2155//2155
f 2158//2158 2159//2159 2160//2160
f 2161//2161 2163//2163 2162//2162
f 2164//2164 2165//2165 2166//2166
f 2167//2167 2169//2169 2168//2168
f 2170//2170 2172//2172 2171//2171
f 2173//2173 2175//2175 2174//2174
f 2177//2177 2176//2176 2178//2178
f 2182//2182 2180//2180 2179//2179
f 2185//2185 2184//2184 2183//2183
f 2186//2186 2188//2188 2187//2187
f 2191//2191 2190//2190 2189//2189
f 2193//2193 2194//2194 2192//2192
f 2195//2195 2197//2197 2196//2196
f 2199//2199 2200//2200 2198//2198
f 2201//2201 2203//2203 2202//2202
f 2205//2205 2206//2206 2204//2204
f 2207//2207 2209//2209 2208//2208
f 2210//2210 2212//2212 2211//2211
f 2215//2215 2213//2213 2214//2214
f 2217//2217 2218//2218 2216//2216
f 2220//2220 2221//2221 2219//2219
f 2222//2222 2224//2224 2223//2223
f 2225//2225 2227//2227 2226//2226
f 2229//2229 2230//2230 2228//2228
f 2231//2231 2233//2233 2232//2232
f 2234//2234 2235//2235 2236//2236
f 2237//2237 2239//2239 2238//2238
f 2242//2242 2241//2241 2240//2240
f 2243//2243 2245//2245 2244//2244
f 2247//2247 2248//2248 2246//2246
f 2250//2250 2251//2251 2249//2249
f 2253//2253 2254//2254 2252//2252
f 2255//2255 2257//2257 2256//2256
f 2259//2259 2260//2260 2258//2258
f 2262//2262 2263//2263 2261//2261
f 2264//2264 2266//2266 2265//2265
f 2267//2267 2270//2270 2268//2268
f 2271//2271 2273//2273 2272//2272
f 2274//2274 2275//2275 2276//2276
f 2279//2279 2278//2278 2277//2277
f 2281//2281 2282//2282 2280//2280
f 2284//2284 2285//2285 2283//2283
f 2287//2287 2288//2288 2286//2286
f 2289//2289 2291//2291 2290//2290
f 2294//2294 2293//2293 2292//2292
f 2295//2295 2297//2297 2296//2296
f 2298//2298 2299//2299 2300//2300
f 2303//2303 2302//2302 2301//2301
f 2306//2306 2305//2305 2304//2304
f 2307//2307 2309//2309 2308//2308
f 2310//2310 2311//2311 2312//2312
f 2315//2315 2314//2314 2313//2313
f 2317//2317 2318//2318 2316//2316
f 2321//2321 2320//2320 2319//2319
f 2322//2322 2324//2324 2323//2323
f 2325//2325 2327//2327 2326//2326
f 2328//2328 2330//2330 2329//2329
f 2331//2331 2333//2333 2332//2332
f 2334//2334 2336//2336 2335//2335
f 2338//2338 2337//2337 2339//2339
f 2342//2342 2341//2341 2340//2340
f 2343//2343 2344//2344 2345//2345
f 2348//2348 2347//2347 2346//2346
f 2351//2351 2350//2350 2349//2349
f 2352//2352 2353//2353 2354//2354
f 2357//2357 2356//2356 2355//2355
f 2358//2358 2359//2359 2360//2360
f 2363//2363 2362//2362 2361//2361
f 2366//2366 2365//2365 2364//2364
f 2369//2369 2368//2368 2367//2367
f 2370//2370 2372//2372 2371//2371
f 2373//2373 2375//2375 2374//2374
f 2376//2376 2378//2378 2377//2377
f 2381//2381 2380//2380 2379//2379
f 2384//2384 2383//2383 2382//2382
f 2387//2387 2386//2386 2385//2385
f 2388//2388 2390//2390 2389//2389
f 2393//2393 2392//2392 2391//2391
f 2396//2396 2395//2395 2394//2394
f 2399//2399 2397//2397 2398//2398
f 2402//2402 2401//2401 2400//2400
f 2405//2405 2404//2404 2403//2403
f 2409//2409 2408//2408 2406//2406
f 2412//2412 2411//2411 2410//2410
f 2415//2415 2414//2414 2413//2413
f 2417//2417 2416//2416 2418//2418
f 2421//2421 2420//2420 2419//2419
f 2423//2423 2422//2422 2424//2424
f 2425//2425 2427//2427 2426//2426
f 2430//2430 2429//2429 2428//2428
f 2431//2431 2433//2433 2432//2432
f 2435//2435 2434//2434 2436//2436
f 2439//2439 2438//2438 2437//2437
f 2440//2440 2442//2442 2441//2441
f 2445//2445 2444//2444 2443//2443
f 2448//2448 2447//2447 2446//2446
f 2449//2449 2451//2451 2450//2450
f 2452//2452 2454//2454 2453//2453
f 2457//2457 2456//2456 2455//2455
f 2458//2458 2460//2460 2459//2459
f 2462//2462 2461//2461 2463//2463
f 2465//2465 2464//2464 2466//2466
f 2469//2469 2468//2468 2467//2467
f 2472//2472 2471//2471 2470//2470
f 2475//2475 2474//2474 2473//2473
f 2478//2478 2477//2477 2476//2476
f 2481//2481 2480//2480 2479//2479
f 2484//2484 2483//2483 2482//2482
f 2486//2486 2485//2485 2487//2487
f 2491//2491 2489//2489 2488//2488
f 2494//2494 2493//2493 2492//2492
f 2498//2498 2496//2496 2495//2495
f 2499//2499 2501//2501 2500//2500
f 2504//2504 2503//2503 2502//2502
f 2505//2505 2507//2507 2506//2506
f 2510//2510 2509//2509 2508//2508
f 2513//2513 2512//2512 2511//2511
f 2514//2514 2516//2516 2515//2515
f 2518//2518 2519//2519 2517//2517
f 2522//2522 2521//2521 2520//2520
f 2525//2525 2524//2524 2523//2523
f 2528//2528 2527//2527 2526//2526
f 2531//2531 2530//2530 2529//2529
f 2534//2534 2533//2533 2532//2532
f 2537//2537 2536//2536 2535//2535
f 2540//2540 2539//2539 2538//2538
f 2542//2542 2541//2541 2543//2543
f 2544//2544 2546//2546 2545//2545
f 2547//2547 2549//2549 2548//2548
f 2550//2550 2552//2552 2551//2551
f 2553//2553 2555//2555 2554//2554
f 2557//2557 2558//2558 2556//2556
f 2559//2559 2560//2560 2561//2561
f 2564//2564 2563//2563 2562//2562
f 2567//2567 2566//2566 2565//2565
f 2570//2570 2569//2569 2568//2568
f 2571//2571 2573//2573 2572//2572
f 2576//2576 2575//2575 2574//2574
f 2577//2577 2578//2578 2579//2579
f 2580//2580 2582//2582 2581//2581
f 2584//2584 2585//2585 2583//2583
f 2586//2586 2588//2588 2587//2587
f 2591//2591 2590//2590 2589//2589
f 2592//2592 2594//2594 2593//2593
f 2596//2596 2597//2597 2595//2595
f 2598//2598 2600//2600 2599//2599
f 2601//2601 2602//2602 2603//2603
f 2604//2604 2606//2606 2605//2605
f 2609//2609 2608//2608 2607//2607
f 2612//2612 2611//2611 2610//2610
f 2615//2615 2614//2614 2613//2613
f 2618//2618 2617//2617 2616//2616
f 2620//2620 2621//2621 2619//2619
f 2623//2623 2624//2624 2622//2622
f 2625//2625 2627//2627 2626//2626
f 2629//2629 2630//2630 2628//2628
f 2633//2633 2632//2632 2631//2631
f 2636//2636 2635//2635 2634//2634
f 2637//2637 2639//2639 2638//2638
f 2642//2642 2641//2641 2640//2640
f 2643//2643 2645//2645 2644//2644
f 2649//2649 2648//2648 2647//2647
f 2650//2650 2652//2652 2651//2651
f 2655//2655 2654//2654 2653//2653
f 2656//2656 2658//2658 2657//2657
f 2661//2661 2660//2660 2659//2659
f 2662//2662 2664//2664 2663//2663
f 2667//2667 2665//2665 2666//2666
f 2670//2670 2669//2669 2668//2668
f 2672//2672 2671//2671 2673//2673
f 2675//2675 2674//2674 2676//2676
f 2679//2679 2677//2677 2678//2678
f 2682//2682 2681//2681 2680//2680
f 2685//2685 2684//2684 2683//2683
f 2688//2688 2687//2687 2686//2686
f 2691//2691 2690//2690 2689//2689
f 2693//2693 2692//2692 2694//2694
f 2697//2697 2696//2696 2695//2695
f 2700//2700 2699//2699 2698//2698
f 2703//2703 2702//2702 2701//2701
f 2645//2645 2643//2643 2646//2646
f 2496//2496 2498//2498 2497//2497
f 2489//2489 2491//2491 2490//2490
f 2406//2406 2408//2408 2407//2407
f 2268//2268 2270//2270 2269//2269
f 2180//2180 2182//2182 2181//2181
f 2099//2099 2100//2100 2098//2098
f 2090//2090 2087//2087 2089//2089
f 2050//2050 2048//2048 2049//2049
f 2027//2027 2026//2026 2028//2028
f 1982//1982 1979//1979 1981//1981
f 1897//1897 1894//1894 1896//1896
f 1872//1872 1869//1869 1871//1871
f 1834//1834 1832//1832 1835//1835
f 1831//1831 1829//1829 1830//1830
f 1823//1823 1822//1822 1824//1824
f 1813//1813 1811//1811 1814//1814
f 1804//1804 1802//1802 1803//1803
f 1785//1785 1782//1782 1784//1784
f 1771//1771 1770//1770 1772//1772
f 1761//1761 1762//1762 1760//1760
f 1758//1758 1755//1755 1757//1757
f 1750//1750 1751//1751 1749//1749
f 1738//1738 1735//1735 1737//1737
f 1730//1730 1728//1728 1731//1731
f 1725//1725 1726//1726 1727//1727
f 1714//1714 1712//1712 1713//1713
f 1709//1709 1708//1708 1710//1710
f 1703//1703 1700//1700 1702//1702
f 1697//1697 1699//1699 1698//1698
f 1693//1693 1695//1695 1694//1694
f 1691//1691 1688//1688 1690//1690
f 1685//1685 1687//1687 1686//1686
f 1682//1682 1680//1680 1683//1683
f 1676//1676 1673//1673 1675//1675
f 1670//1670 1672//1672 1671//1671
f 1668//1668 1665//1665 1667//1667
f 1654//1654 1655//1655 1653//1653
f 1651//1651 1648//1648 1650//1650
f 1647//1647 1644//1644 1646//1646
f 1625//1625 1628//1628 1626//1626
f 1624//1624 1623//1623 1621//1621
f 1620//1620 1619//1619 1617//1617
f 1616//1616 1615//1615 1613//1613
f 1612//1612 1610//1610 1609//1609
f 1606//1606 1607//1607 1605//1605
f 1602//1602 1604//1604 1601//1601
f 1600//1600 1599//1599 1597//1597
f 1596//1596 1595//1595 1593//1593
f 1592//1592 1590//1590 1589//1589
f 1586//1586 1588//1588 1585//1585
f 1584//1584 1583//1583 1581//1581
f 1580//1580 1579//1579 1577//1577
f 1576//1576 1574//1574 1573//1573
f 1570//1570 1572//1572 1569//1569
f 1566//1566 1565//1565 1568//1568
f 1564//1564 1562//1562 1561//1561
f 1558//1558 1559//1559 1557//1557
f 1553//1553 1555//1555 1556//1556
f 1550//1550 1552//1552 1551//1551
f 1546//1546 1548//1548 1547//1547
f 1542//1542 1544//1544 1543//1543
f 1538//1538 1540//1540 1539//1539
f 1536//1536 1533//1533 1535//1535
f 1532//1532 1529//1529 1531//1531
f 1526//1526 1528//1528 1527//1527
f 1522//1522 1524//1524 1523//1523
f 1518//1518 1520//1520 1519//1519
f 1515//1515 1516//1516 1514//1514
f 1510//1510 1512//1512 1511//1511
f 1506//1506 1508//1508 1507//1507
f 1502//1502 1504//1504 1503//1503
f 1500//1500 1497//1497 1499//1499
f 1494//1494 1496//1496 1495//1495
f 1490//1490 1492//1492 1491//1491
f 1488//1488 1485//1485 1487//1487
f 1484//1484 1481//1481 1483//1483
f 1478//1478 1480//1480 1479//1479
f 1474//1474 1476//1476 1475//1475
f 1470//1470 1472//1472 1471//1471
f 1466//1466 1468//1468 1467//1467
f 1462//1462 1464//1464 1463//1463
f 1460//1460 1457//1457 1459//1459
f 1456//1456 1453//1453 1455//1455
f 1450//1450 1452//1452 1451//1451
f 1446//1446 1448//1448 1447//1447
f 1442//1442 1444//1444 1443//1443
f 1438//1438 1440//1440 1439//1439
f 1435//1435 1433//1433 1436//1436
f 1430//1430 1432//1432 1431//1431
f 1426//1426 1428//1428 1427//1427
f 1423//1423 1424//1424 1422//1422
f 1418//1418 1420//1420 1419//1419
f 1414//1414 1416//1416 1415//1415
f 1412//1412 1409//1409 1411//1411
f 1408//1408 1405//1405 1407//1407
f 1402//1402 1404//1404 1403//1403
f 1399//1399 1398//1398 1400//1400
f 1394//1394 1396//1396 1395//1395
f 1390//1390 1392//1392 1391//1391
f 1386//1386 1388//1388 1387//1387
f 1384//1384 1381//1381 1383//1383
f 1380//1380 1377//1377 1379//1379
f 1374//1374 1376//1376 1375//1375
f 1370//1370 1372//1372 1371//1371
f 1366//1366 1368//1368 1367//1367
f 1362//1362 1364//1364 1363//1363
f 1360//1360 1357//1357 1359//1359
f 1354//1354 1356//1356 1355//1355
f 1350//1350 1352//1352 1351//1351
f 1346//1346 1348//1348 1347//1347
f 1342//1342 1344//1344 1343//1343
f 1339//1339 1337//1337 1340//1340
f 1335//1335 1336//1336 1334//1334
f 1332//1332 1329//1329 1331//1331
f 1327//1327 1325//1325 1328//1328
f 1323//1323 1322//1322 1324//1324
f 1319//1319 1318//1318 1320//1320
f 1314//1314 1313//1313 1315//1315
f 1311//1311 1310//1310 1312//1312
f 1308//1308 1306//1306 1307//1307
f 1303//1303 1301//1301 1302//1302
f 1299//1299 1298//1298 1300//1300
f 1295//1295 1294//1294 1296//1296
f 1290//1290 1289//1289 1291//1291
f 1287//1287 1286//1286 1288//1288
f 1284//1284 1282//1282 1283//1283
f 1279//1279 1278//1278 1280//1280
f 1274//1274 1273//1273 1275//1275
f 1271//1271 1270//1270 1272//1272
f 1266//1266 1265//1265 1267//1267
f 1263//1263 1261//1261 1262//1262
f 1259//1259 1258//1258 1260//1260
f 1256//1256 1254//1254 1255//1255
f 1252//1252 1249//1249 1251//1251
