# File exported by Houdini 20.5.370 (www.sidefx.com)
# 1722 points
# 3654 vertices
# 1043 primitives
# Bounds: [-4.62975025, -0.114932001, -5.84132004] to [5.71599388, 17.9429874, 5.97616053]
g 
v 0.180116341 1.58745456 -0.138093084 0.321755081 1.58745456 1
v 0.613898277 1.51482487 0.167748109 0.321348965 1.51482487 1
v 0.458180964 1.48922336 0.679133534 0.690665543 1.48922336 1
v -0.0748214424 1.54621661 0.691007257 0.37620908 1.54621661 1
v -0.245150208 1.60664117 0.187374607 0.873422086 1.60664117 1
v 0.325752199 3.08005548 -0.145654529 0.802851439 3.08005548 1
v 0.720571399 3.0621779 0.126168936 0.334970802 3.0621779 1
v 0.585840344 3.09345245 0.585510075 0.421750993 3.09345245 1
v 0.107751042 3.13065386 0.597462654 0.88550365 3.13065386 1
v -0.0530578494 3.12238026 0.145600349 0.833040953 3.12238026 1
v 0.41321829 4.62462616 -0.184955999 0.753383636 4.62462616 1
v 0.764750123 4.62894869 0.0549499616 0.663267672 4.62894869 1
v 0.645415425 4.65769148 0.462523997 0.88291651 4.65769148 1
v 0.220179886 4.6711235 0.474383652 0.488706648 4.6711235 1
v 0.0765888393 4.65069008 0.0742145628 0.52587688 4.65069008 1
v 0.420343757 6.17293739 -0.244597882 0.80846411 6.17293739 1
v 0.727360845 6.19463444 -0.0364928097 0.554984987 6.19463444 1
v 0.623294652 6.21751451 0.319466054 0.881225765 6.21751451 1
v 0.252032936 6.20995331 0.331262261 0.738051176 6.20995331 1
v 0.126533806 6.18239975 -0.0173725933 0.405695856 6.18239975 1
v 0.345224917 7.73424959 -0.313244045 0.322450042 7.73424959 1
v 0.607810497 7.74721098 -0.135192364 0.386492819 7.74721098 1
v 0.519644141 7.75623608 0.169756293 0.397221863 7.75623608 1
v 0.202317715 7.74884176 0.180051565 0.672035694 7.74884176 1
v 0.0944970846 7.73525906 -0.118288368 0.841404796 7.73525906 1
v 0.620746911 10.5328646 -0.00224818662 0.832658708 10.5328646 1
v 0.498719871 10.5646143 0.184491307 0.628082395 10.5646143 1
v 0.503902972 10.5673294 -0.267880112 0.665286839 10.5673294 1
v 0.212281972 10.5510206 -0.273263097 0.563394248 10.5510206 1
v 0.08862409 10.5820894 -0.0936756432 0.712567985 10.5820894 1
v 0.196901917 10.5234833 0.176279932 0.603740752 10.5234833 1
v 0.529944897 10.6993885 -0.289699405 0.623454273 10.6993885 1
v 0.362731844 11.1431026 0.00999427214 0.908831 11.1431026 1
v 0.568005443 11.0885353 -0.297354043 0.490860283 11.0885353 1
v 0.509160101 10.6671257 0.20864442 0.745900512 10.6671257 1
v 0.50887543 10.9559755 0.229337573 0.461990654 10.9559755 1
v 0.0738860667 10.6835747 -0.0865479857 0.790950418 10.6835747 1
v 0.0838381648 10.968832 -0.057227239 0.360501856 10.968832 1
v 1.2954998 12.5360413 -0.0440053567 0.861279428 12.5360413 1
v 1.38577521 12.5162487 -0.162273243 0.621688068 12.5162487 1
v 1.36463761 12.5205841 0.135939121 0.621360183 12.5205841 1
v 1.53121543 12.4174175 0.147765413 0.761744499 12.4174175 1
v 1.61831617 12.3985653 0.0345755816 0.797922969 12.3985653 1
v 1.54895449 12.3966455 -0.143144846 0.636002898 12.3966455 1
v 1.38801062 12.6129274 0.154020831 0.897281349 12.6129274 1
v 1.62177944 12.8051453 -0.0270402431 0.322110921 12.8051453 1
v 1.48165679 12.8520813 0.161728457 0.324264556 12.8520813 1
v 1.41170239 12.584506 -0.177318722 0.401974082 12.584506 1
v 1.65824771 12.4559011 0.0329168141 0.733219385 12.4559011 1
v 1.73319268 12.6251564 0.0203677937 0.789326668 12.6251564 1
v 1.34885824 14.0570335 -0.142644048 0.698303342 14.0570335 1
v 1.28467882 14.0578117 0.0836865231 0.708031535 14.0578117 1
v 1.43277407 14.03936 -0.0595014468 0.388394684 14.03936 1
v 1.39938164 14.0398312 0.0567349643 0.446825445 14.0398312 1
v 1.20714557 14.0159664 0.00275027566 0.742707729 14.0159664 1
v 1.23995483 14.0153723 -0.114577234 0.329722404 14.0153723 1
v 1.32113874 14.2056255 -0.118675642 0.654763639 14.2056255 1
v 1.27499413 14.2025194 0.045879215 0.341832519 14.2025194 1
v 1.7922368 15.079792 0.00399249792 0.393593311 15.079792 1
v 1.78626466 15.0781059 0.159525856 0.516116977 15.0781059 1
v 1.84707654 15.0407324 0.0440899841 0.713302612 15.0407324 1
v 1.8434763 15.040287 0.122484528 0.538572669 15.040287 1
v 1.71875262 15.0855875 0.1192073 0.504827797 15.0855875 1
v 1.72030294 15.0866241 0.0382064506 0.423163831 15.0866241 1
v 1.82088971 15.1864271 0.0201600902 0.450553417 15.1864271 1
v 1.81271386 15.1720638 0.139821172 0.606049716 15.1720638 1
v 0.592436671 14.9784203 -0.338405699 0.4644472 14.9784203 1
v 0.525174975 14.9747486 -0.198052913 0.681872904 14.9747486 1
v 0.636205256 15.0029306 -0.275996864 0.753775477 15.0029306 1
v 0.599744976 15.0004253 -0.203498811 0.540648758 15.0004253 1
v 0.504704595 14.9222736 -0.252134204 0.507293165 14.9222736 1
v 0.538278639 14.9234247 -0.323475599 0.433512926 14.9234247 1
v 0.532973409 15.0682993 -0.34665221 0.748584032 15.0682993 1
v 0.48881492 15.0551138 -0.239195481 0.792640567 15.0551138 1
v 2.04056549 13.5318928 0.722517073 0.370822072 13.5318928 1
v 2.17104864 13.5485973 0.526755512 0.551223874 13.5485973 1
v 1.98952794 13.5738716 0.622925043 0.583766341 13.5738716 1
v 2.05542231 13.5833673 0.520213485 0.511737108 13.5833673 1
v 2.19358397 13.4586611 0.602803946 0.330455959 13.4586611 1
v 2.12584662 13.4515762 0.702551842 0.569068849 13.4515762 1
v 2.12551475 13.6468315 0.743991733 0.730277896 13.6468315 1
v 2.2274096 13.6720085 0.608483613 0.828120649 13.6720085 1
v 2.14451718 14.5783844 0.573234737 0.697253644 14.5783844 1
v 2.15398932 14.5724964 0.728089631 0.798643827 14.5724964 1
v 2.21233964 14.5557127 0.606087983 0.806305051 14.5557127 1
v 2.21737599 14.5526323 0.685694814 0.828324497 14.5526323 1
v 2.08439612 14.5588951 0.69396317 0.623561144 14.5588951 1
v 2.07969999 14.5619507 0.614536881 0.900725365 14.5619507 1
v 2.15124369 14.6775122 0.596483052 0.335768521 14.6775122 1
v 2.15845275 14.6748323 0.71282649 0.866265237 14.6748323 1
v 2.89797091 13.9016962 1.18569195 0.470744491 13.9016962 1
v 2.98220801 13.9036512 1.05515921 0.742740154 13.9036512 1
v 2.87774611 13.955471 1.12993121 0.437699914 13.955471 1
v 2.92257595 13.9557886 1.06162465 0.732991576 13.9557886 1
v 2.97464204 13.8374643 1.09536445 0.390756518 13.8374643 1
v 2.93235207 13.8361979 1.16101873 0.431837797 13.8361979 1
v 2.98072958 13.9625788 1.2215718 0.341255039 13.9625788 1
v 3.04076791 13.9599352 1.11730039 0.400611103 13.9599352 1
v 2.49356365 13.4009647 -0.636317372 0.687868178 13.4009647 1
v 2.33311129 13.4408112 -0.803685784 0.884802639 13.4408112 1
v 2.39367795 13.4618921 -0.603495181 0.73681891 13.4618921 1
v 2.30901265 13.4826994 -0.69263792 0.640059114 13.4826994 1
v 2.39354944 13.3386288 -0.804803848 0.826148808 13.3386288 1
v 2.47545743 13.317996 -0.719580173 0.587047815 13.317996 1
v 2.55305743 13.5125933 -0.714595735 0.862261593 13.5125933 1
v 2.43843865 13.5382385 -0.831025124 0.59009403 13.5382385 1
v 2.6047008 14.3384781 -0.744744062 0.51607126 14.3384781 1
v 2.60766721 14.3181839 -0.590498567 0.884396851 14.3181839 1
v 2.66598868 14.3015499 -0.712298512 0.838935852 14.3015499 1
v 2.66855979 14.2905645 -0.633095384 0.881532907 14.2905645 1
v 2.53750491 14.3195314 -0.626955271 0.393518269 14.3195314 1
v 2.53707528 14.329978 -0.705943465 0.623925388 14.329978 1
v 2.62688923 14.4273252 -0.710379779 0.896664858 14.4273252 1
v 2.63167787 14.4230156 -0.593720198 0.812982202 14.4230156 1
v 3.2033937 13.6287737 -1.29888964 0.805757523 13.6287737 1
v 3.09671617 13.6190252 -1.41161942 0.558413744 13.6190252 1
v 3.14724088 13.6849928 -1.30189002 0.397043973 13.6849928 1
v 3.09033275 13.6810808 -1.36084342 0.786930919 13.6810808 1
v 3.12977529 13.5538807 -1.38407636 0.74398309 13.5538807 1
v 3.18333197 13.5592146 -1.32743359 0.340905696 13.5592146 1
v 3.25070691 13.6703739 -1.3766439 0.810838223 13.6703739 1
v 3.1757555 13.6675463 -1.46962678 0.818735719 13.6675463 1
v 0.31987673 12.5385132 -0.85023582 0.915267646 12.5385132 1
v 0.200970143 12.5976477 -0.731150687 0.772240639 12.5976477 1
v 0.25783512 12.4967632 -1.01929498 0.869736969 12.4967632 1
v 0.0900031701 12.4513111 -1.03658175 0.693605065 12.4513111 1
v -0.0283548981 12.5039091 -0.924619079 0.592431664 12.5039091 1
v 0.025587216 12.5445957 -0.75025177 0.484953582 12.5445957 1
v 0.263817877 12.568944 -1.05421448 0.75011462 12.568944 1
v 0.111608565 12.8936787 -0.989745557 0.894392788 12.8936787 1
v 0.25339222 12.7728138 -1.11904466 0.889274478 12.7728138 1
v 0.19897002 12.6759834 -0.739127159 0.389911234 12.6759834 1
v -0.0515935421 12.5756264 -0.948297858 0.886126161 12.5756264 1
v -0.0746942163 12.7743702 -1.004058 0.627336144 12.7743702 1
v 0.818726182 13.8774109 -1.03382337 0.814382493 13.8774109 1
v 0.731278777 13.8636532 -1.25216973 0.3927764 13.8636532 1
v 0.700561523 13.8894939 -1.04879797 0.484160781 13.8894939 1
v 0.653343379 13.8826056 -1.16176701 0.711212516 13.8826056 1
v 0.829834104 13.8029423 -1.22534168 0.475458026 13.8029423 1
v 0.873362124 13.8105125 -1.11457729 0.741744161 13.8105125 1
v 0.848575771 14.0141907 -1.08982956 0.491259634 14.0141907 1
v 0.786591828 14.0181255 -1.25812209 0.591716528 14.0181255 1
v 0.578881085 14.7921572 -1.25667977 0.650022089 14.7921572 1
v 0.569114387 14.8011236 -1.10192156 0.408051044 14.8011236 1
v 0.645253599 14.7927914 -1.21451402 0.912776172 14.7927914 1
v 0.639805615 14.7973795 -1.13552487 0.622873485 14.7973795 1
v 0.509508729 14.7706871 -1.14236283 0.900767386 14.7706871 1
v 0.514103651 14.7659607 -1.22104287 0.37496233 14.7659607 1
v 0.557595134 14.9016323 -1.25065172 0.805929661 14.9016323 1
v 0.551034033 14.9021854 -1.1265384 0.502588689 14.9021854 1
v 1.56062293 14.6079044 -1.49028754 0.813213587 14.6079044 1
v 1.48702693 14.5979404 -1.62671351 0.845368028 14.5979404 1
v 1.48864663 14.6404085 -1.49634075 0.721813321 14.6404085 1
v 1.44966984 14.6355677 -1.56727636 0.334655166 14.6355677 1
v 1.53896487 14.5431719 -1.60692906 0.910279334 14.5431719 1
v 1.57589221 14.5484238 -1.53816485 0.327239662 14.5484238 1
v 1.60459852 14.6864729 -1.54129839 0.362190425 14.6864729 1
v 1.55051732 14.6837177 -1.64988589 0.502840042 14.6837177 1
v -0.104804605 13.6460094 -2.04805994 0.891254306 13.6460094 1
v -0.317374676 13.6555538 -1.94642031 0.442517519 13.6555538 1
v -0.114824273 13.6973457 -1.9406383 0.405665517 13.6973457 1
v -0.22415711 13.7033138 -1.88622463 0.630460739 13.7033138 1
v -0.292759776 13.5660954 -2.02088475 0.844208241 13.5660954 1
v -0.184897333 13.562295 -2.07171917 0.819211125 13.562295 1
v -0.170246065 13.7615261 -2.11864471 0.791160703 13.7615261 1
v -0.337751091 13.7840185 -2.05210161 0.346826732 13.7840185 1
v -0.303440154 14.6360321 -2.21342874 0.41307056 14.6360321 1
v -0.320280612 14.6461315 -2.05912232 0.820788205 14.6461315 1
v -0.240256459 14.6274147 -2.16754675 0.701571286 14.6274147 1
v -0.247848004 14.6324301 -2.08811092 0.496195167 14.6324301 1
v -0.380924523 14.6202993 -2.10226011 0.882361531 14.6202993 1
v -0.371519387 14.6154528 -2.18078828 0.868401825 14.6154528 1
v -0.311697841 14.734417 -2.19906545 0.521413922 14.734417 1
v -0.325276881 14.7534504 -2.08178735 0.489798725 14.7534504 1
v -0.659658074 14.0591908 -2.96065736 0.816435456 14.0591908 1
v -0.77903533 14.0973921 -2.86882806 0.716821909 14.0973921 1
v -0.649088621 14.117486 -2.90801382 0.469825685 14.117486 1
v -0.7110039 14.1381264 -2.8595705 0.670397282 14.1381264 1
v -0.770459592 14.0222225 -2.89047074 0.56618911 14.0222225 1
v -0.709346592 14.0032978 -2.93734956 0.627714336 14.0032978 1
v -0.718190312 14.1104422 -3.0185945 0.63137722 14.1104422 1
v -0.806980312 14.1409321 -2.95686984 0.456444114 14.1409321 1
v -0.583206296 14.0435028 -0.783344388 0.646524906 14.0435028 1
v -0.516701818 14.0278645 -0.557996154 0.587585926 14.0278645 1
v -0.46589455 14.0505772 -0.7584005 0.685637355 14.0505772 1
v -0.429493427 14.042552 -0.640801251 0.802952528 14.042552 1
v -0.613700509 13.9696264 -0.593926609 0.600926995 13.9696264 1
v -0.646750391 13.9780159 -0.708144963 0.527812243 13.9780159 1
v -0.611251533 14.1812687 -0.730782092 0.490646929 14.1812687 1
v -0.564595461 14.1807194 -0.560962677 0.407046914 14.1807194 1
v -0.201335952 15.2384319 -0.703270257 0.661765635 15.2384319 1
v -0.220474258 15.2472534 -0.549209416 0.672083974 15.2472534 1
v -0.146151647 15.2078447 -0.656319857 0.731244564 15.2078447 1
v -0.156541884 15.2126904 -0.578072846 0.723482072 15.2126904 1
v -0.284777582 15.2410164 -0.594782054 0.323081166 15.2410164 1
v -0.276022226 15.2363482 -0.675202727 0.776549816 15.2363482 1
v -0.18628417 15.341897 -0.689436197 0.897981584 15.341897 1
v -0.201910913 15.3395557 -0.575313866 0.639547586 15.3395557 1
v -1.43211591 14.8592491 -0.371764958 0.408251882 14.8592491 1
v -1.35780489 14.869915 -0.235835254 0.607007682 14.869915 1
v -1.3618114 14.8955727 -0.370373726 0.791653752 14.8955727 1
v -1.32279396 14.9013414 -0.29982093 0.733748078 14.9013414 1
v -1.40767455 14.8111839 -0.247917861 0.599267602 14.8111839 1
v -1.44502676 14.8059607 -0.31645292 0.560678363 14.8059607 1
v -1.48130727 14.9428215 -0.331090778 0.583129048 14.9428215 1
v -1.42523956 14.9546175 -0.223127246 0.886694014 14.9546175 1
v -0.130423099 12.3463697 0.810960531 0.650256813 12.3463697 1
v -0.00395783782 12.3192844 0.964887381 0.518421054 12.3192844 1
v -0.27647227 12.3308287 0.834204614 0.68403542 12.3308287 1
v -0.339360178 12.198823 0.968726039 0.890800297 12.198823 1
v -0.219595343 12.190073 1.12276685 0.393237889 12.190073 1
v -0.0790835097 12.2052689 1.10375512 0.410845131 12.2052689 1
v -0.302517653 12.4077253 0.858549058 0.373661757 12.4077253 1
v -0.254602462 12.5661688 1.11159492 0.592256367 12.5661688 1
v 0.00890994072 12.4309788 1.01045406 0.391942352 12.4309788 1
v -0.242325336 12.2549133 1.17028117 0.700428843 12.2549133 1
v -0.279775649 12.4187098 1.2311722 0.611884773 12.4187098 1
v -0.00212879083 13.6279545 0.762774825 0.715483725 13.6279545 1
v -0.00182326604 13.6247406 0.998989105 0.399670124 13.6247406 1
v 0.0946571007 13.5925016 0.820978403 0.522544146 13.5925016 1
v 0.0964603201 13.5902843 0.940593243 0.864194989 13.5902843 1
v -0.107500449 13.6063375 0.942718983 0.657179594 13.6063375 1
v -0.104856335 13.60851 0.820444107 0.512405872 13.60851 1
v 0.00173888612 13.770133 0.800421476 0.635535777 13.770133 1
v 0.00262525864 13.7921495 0.9796682 0.477128148 13.7921495 1
v 0.459418327 14.419651 1.05091858 0.467796206 14.419651 1
v 0.502968788 14.4048538 0.902550161 0.495201468 14.4048538 1
v 0.406869888 14.4347858 0.994360149 0.907023549 14.4347858 1
v 0.428753674 14.4273272 0.917792737 0.473495364 14.4273272 1
v 0.539978623 14.3636322 0.957677007 0.637513399 14.3636322 1
v 0.517754793 14.3713217 1.03250957 0.822331548 14.3713217 1
v 0.509630084 14.5116835 1.03812015 0.572991133 14.5116835 1
v 0.547640741 14.5063038 0.919555783 0.321159363 14.5063038 1
v -0.473497152 14.4751577 0.905906022 0.670504689 14.4751577 1
v -0.453726679 14.4780264 1.06014502 0.584283113 14.4780264 1
v -0.400145948 14.489027 0.933629751 0.848590255 14.489027 1
v -0.391081095 14.4902868 1.01379144 0.330477059 14.4902868 1
v -0.511559129 14.4359617 1.02926576 0.517317057 14.4359617 1
v -0.521943033 14.4341841 0.951636493 0.678709507 14.4341841 1
v -0.509266317 14.5811071 0.921628416 0.422338068 14.5811071 1
v -0.489644885 14.5719376 1.04283237 0.614488721 14.5719376 1
v -1.21326828 12.9873686 1.35759127 0.399574399 12.9873686 1
v -1.09075642 13.011178 1.55707467 0.794108212 13.011178 1
v -1.11360204 13.0549774 1.35448635 0.847925544 13.0549774 1
v -1.04856968 13.0680571 1.45886624 0.416817576 13.0680571 1
v -1.147102 12.9086475 1.53595424 0.43296656 12.9086475 1
v -1.20932043 12.8970308 1.43427885 0.376611769 12.8970308 1
v -1.29237902 13.0864496 1.43477547 0.532471418 13.0864496 1
v -1.20775199 13.1075983 1.58103478 0.414320827 13.1075983 1
v -1.38962281 13.9176016 1.44925594 0.698022187 13.9176016 1
v -1.39660037 13.9018526 1.60355973 0.398055702 13.9018526 1
v -1.32150412 13.907753 1.48872149 0.613168716 13.907753 1
v -1.32484758 13.899498 1.56935 0.890074193 13.899498 1
v -1.45472538 13.8716021 1.55988622 0.697143912 13.8716021 1
v -1.45095038 13.8797951 1.48071158 0.464555383 13.8797951 1
v -1.40772355 14.0081167 1.48071933 0.916445851 14.0081167 1
v -1.41303086 13.9987478 1.59075713 0.684281051 13.9987478 1
v -1.99810433 13.116477 1.90345359 0.454104364 13.116477 1
v -1.90780711 13.1607924 2.02189207 0.526331663 13.1607924 1
v -1.95739055 13.1845312 1.89535618 0.70643723 13.1845312 1
v -1.90929711 13.2088928 1.95746839 0.507747352 13.2088928 1
v -1.91287208 13.0839386 2.00502396 0.851731956 13.0839386 1
v -1.95927024 13.0618858 1.94426453 0.570221841 13.0618858 1
v -2.05675554 13.1494408 1.96917474 0.744450212 13.1494408 1
v -1.99847662 13.1816063 2.0538497 0.886668026 13.1816063 1
v 0.0942047164 13.2507744 2.06716752 0.341589421 13.2507744 1
v 0.316354454 13.2534428 1.98966098 0.890441656 13.2534428 1
v 0.11602401 13.3048382 1.96160805 0.842551172 13.3048382 1
v 0.232248932 13.3058128 1.92182505 0.64805764 13.3058128 1
v 0.278526247 13.161026 2.05369925 0.899758756 13.161026 1
v 0.165423989 13.1592045 2.09341574 0.496202409 13.1592045 1
v 0.15521419 13.3626757 2.15578556 0.761634886 13.3626757 1
v 0.31685099 13.3603315 2.09515548 0.695901811 13.3603315 1
v 0.214815602 14.2925434 2.14729404 0.749507904 14.2925434 1
v 0.250466406 14.261879 2.29525995 0.646043122 14.261879 1
v 0.288104415 14.2719097 2.16542602 0.653512299 14.2719097 1
v 0.306386083 14.2562809 2.24065423 0.391085267 14.2562809 1
v 0.176551268 14.2478085 2.27091169 0.382552028 14.2478085 1
v 0.158318847 14.2637444 2.1943171 0.596443832 14.2637444 1
v 0.213582486 14.387352 2.18742061 0.753467917 14.387352 1
v 0.240562543 14.3661013 2.30034328 0.61594367 14.3661013 1
v 0.437425733 13.5131483 3.017555 0.634637296 13.5131483 1
v 0.582726598 13.5198832 2.96294236 0.851718605 13.5198832 1
v 0.452999443 13.569684 2.96264982 0.906850636 13.569684 1
v 0.530724525 13.5742369 2.93260169 0.751331687 13.5742369 1
v 0.552646339 13.4511623 2.98416519 0.640456676 13.4511623 1
v 0.479613423 13.44806 3.01157355 0.675352156 13.44806 1
v 0.484472752 13.5662403 3.08599925 0.411530197 13.5662403 1
v 0.593301535 13.5746279 3.05074978 0.918182313 13.5746279 1
v -0.472256035 0.0855771452 -0.140181363 0.776065826 0.0855771452 1
v -0.291870356 -0.047497157 0.40318203 0.740865111 -0.047497157 1
v 0.291870266 -0.114932001 0.38936156 0.901126981 -0.114932001 1
v 0.472256064 -0.0235347152 -0.162543401 0.698093653 -0.0235347152 1
v -9.31322575e-10 0.100386746 -0.489818871 0.610753536 0.100386746 1
v 2.2772789 15.6575022 0.0438479446 0.359539628 15.6575022 1
v 2.29754615 15.6408234 0.0980539918 0.839753091 15.6408234 1
v 2.3402822 15.5991707 0.0899370164 0.435800314 15.5991707 1
v 2.3464272 15.590106 0.0307143964 0.803056359 15.590106 1
v 2.30748892 15.6261578 0.00222978741 0.354634166 15.6261578 1
v 1.55234253 15.8701267 0.0188231282 0.475957513 15.8701267 1
v 1.58168423 15.8807182 0.070341289 0.571127892 15.8807182 1
v 1.63906038 15.8931179 0.0568708479 0.819742084 15.8931179 1
v 1.64517915 15.8901901 -0.00297250785 0.868258715 15.8901901 1
v 1.59158456 15.8759804 -0.0264872853 0.810812473 15.8759804 1
v 0.508675575 15.7590942 -0.316948324 0.456082702 15.7590942 1
v 0.539351404 15.7619638 -0.265198886 0.846699536 15.7619638 1
v 0.598122954 15.7611618 -0.278332978 0.769730151 15.7611618 1
v 0.603769898 15.7577963 -0.338199735 0.370365441 15.7577963 1
v 0.548488438 15.7565184 -0.362065315 0.693197131 15.7565184 1
v -0.0617296696 15.276186 -0.604222119 0.781804681 15.276186 1
v -0.0603756681 15.3196583 -0.562561512 0.787612259 15.3196583 1
v -0.0238683838 15.3632765 -0.582357764 0.345351517 15.3632765 1
v -0.00265964493 15.3467627 -0.636253178 0.765004277 15.3467627 1
v -0.0260592103 15.2929373 -0.649766028 0.835346997 15.2929373 1
v 2.51019859 15.2067766 0.642933011 0.764201939 15.2067766 1
v 2.52761984 15.1946335 0.699291646 0.763312936 15.1946335 1
v 2.5777123 15.1613131 0.696516514 0.785987258 15.1613131 1
v 2.59124994 15.1528616 0.638442814 0.423214197 15.1528616 1
v 2.54952407 15.1809597 0.605326355 0.362230986 15.1809597 1
v 1.79006612 15.1643381 0.684428632 0.912811756 15.1643381 1
v 1.80846345 15.1692028 0.741569757 0.673856258 15.1692028 1
v 1.86196828 15.1968527 0.741605043 0.817121625 15.1968527 1
v 1.87663865 15.209075 0.684485734 0.608280122 15.209075 1
v 1.83220065 15.1889801 0.649148762 0.343582481 15.1889801 1
v 3.13790226 14.5265303 1.31324565 0.391207337 14.5265303 1
v 3.15974236 14.5012159 1.36333954 0.455065191 14.5012159 1
v 3.21574736 14.4823341 1.35175586 0.785773873 14.4823341 1
v 3.22851992 14.4959793 1.29450297 0.915097177 14.4959793 1
v 3.18040919 14.5232944 1.27070236 0.893142164 14.5232944 1
v 3.55256772 14.0310144 1.57081306 0.342811078 14.0310144 1
v 3.53614926 13.9827433 1.60286868 0.514683902 13.9827433 1
v 3.56052947 13.9340925 1.57706177 0.422617584 13.9340925 1
v 3.59201574 13.9522963 1.52905679 0.712842822 13.9522963 1
v 3.58709502 14.0121975 1.52519488 0.841035306 14.0121975 1
v 3.02381229 14.8177309 -0.59032023 0.348805904 14.8177309 1
v 3.02921939 14.8003435 -0.532912314 0.498579264 14.8003435 1
v 3.07167482 14.7577057 -0.530300438 0.687014043 14.7577057 1
v 3.09250617 14.7487411 -0.586094141 0.742836714 14.7487411 1
v 3.06292558 14.7858391 -0.623188436 0.820982218 14.7858391 1
v 2.3857193 14.8674402 -0.578763068 0.403184891 14.8674402 1
v 2.39342141 14.8575172 -0.519860983 0.768485188 14.8575172 1
v 2.44990611 14.8728294 -0.505638182 0.746559978 14.8728294 1
v 2.47711325 14.8922148 -0.555750012 0.435100377 14.8922148 1
v 2.43744349 14.8888845 -0.600943685 0.717963457 14.8888845 1
v 3.36267447 14.2620106 -1.73236537 0.55828017 14.2620106 1
v 3.3889668 14.2805071 -1.68143547 0.508485854 14.2805071 1
v 3.44484115 14.2580662 -1.68012273 0.598306358 14.2580662 1
v 3.45308113 14.2257013 -1.7302413 0.67042762 14.2257013 1
v 3.40229917 14.2281399 -1.76252913 0.679094851 14.2281399 1
v 3.57110405 13.6171017 -1.85993624 0.387391955 13.6171017 1
v 3.61343026 13.6355772 -1.82127917 0.760775566 13.6355772 1
v 3.63717389 13.5868654 -1.7949996 0.919293046 13.5868654 1
v 3.60952187 13.5382843 -1.817415 0.802633703 13.5382843 1
v 3.56868839 13.5569706 -1.857548 0.537812948 13.5569706 1
v 0.698416591 15.4353991 -1.24269021 0.627035677 15.4353991 1
v 0.715812325 15.4348927 -1.18503273 0.367879003 15.4348927 1
v 0.773919642 15.4191561 -1.18326199 0.360689968 15.4191561 1
v 0.792436242 15.4099369 -1.23982501 0.848498404 15.4099369 1
v 0.745772779 15.4199753 -1.27655363 0.376882136 15.4199753 1
v 0.100850314 15.3533506 -1.2768631 0.648594141 15.3533506 1
v 0.114664346 15.3715963 -1.22115397 0.328803778 15.3715963 1
v 0.16325514 15.4070044 -1.22467959 0.813869298 15.4070044 1
v 0.17947185 15.4106426 -1.28256762 0.792728305 15.4106426 1
v 0.140903547 15.3774824 -1.31481886 0.886357844 15.3774824 1
v 1.57499135 15.4396811 -1.72254837 0.523818433 15.4396811 1
v 1.59184396 15.4477091 -1.66528773 0.806983471 15.4477091 1
v 1.65163815 15.4411144 -1.66238642 0.448416889 15.4411144 1
v 1.67174017 15.4290104 -1.71785402 0.754577279 15.4290104 1
v 1.62436986 15.4281244 -1.75503612 0.520281196 15.4281244 1
v 2.17095852 14.98985 -2.00936055 0.703077078 14.98985 1
v 2.1972537 15.0025587 -1.956689 0.621474802 15.0025587 1
v 2.23159719 14.9555664 -1.94121504 0.8983742 14.9555664 1
v 2.22652769 14.9138136 -1.98432314 0.570277095 14.9138136 1
v 2.18905091 14.9350023 -2.02643943 0.728798747 14.9350023 1
v -0.0780658871 15.2622128 -2.10968566 0.711744547 15.2622128 1
v -0.0528405271 15.2475433 -2.05700064 0.369544029 15.2475433 1
v 0.00099735707 15.2230387 -2.068326 0.744957268 15.2230387 1
v 0.00904563442 15.2225647 -2.12801051 0.372110248 15.2225647 1
v -0.0398181453 15.2467756 -2.15357208 0.525616705 15.2467756 1
v -0.731592715 15.1970778 -2.17840552 0.897990465 15.1970778 1
v -0.708790779 15.2150288 -2.12563157 0.722570777 15.2150288 1
v -0.658769488 15.2466688 -2.13676715 0.420024574 15.2466688 1
v -0.650656581 15.2482729 -2.19642329 0.877527058 15.2482729 1
v -0.69566381 15.2176247 -2.22215724 0.854325652 15.2176247 1
v -0.864157736 14.7103729 -3.254282 0.459643722 14.7103729 1
v -0.834107816 14.7381315 -3.21008134 0.775605321 14.7381315 1
v -0.775736094 14.738905 -3.22489285 0.710649729 14.738905 1
v -0.769710243 14.7116251 -3.27824736 0.666128635 14.7116251 1
v -0.824357867 14.6939907 -3.2964108 0.339113206 14.6939907 1
v -1.23823607 14.0113325 -3.45101786 0.713279486 14.0113325 1
v -1.2381053 14.0714092 -3.45526361 0.668855548 14.0714092 1
v -1.19463885 14.0872469 -3.49382639 0.389077038 14.0872469 1
v -1.16790593 14.0369577 -3.51341367 0.473118782 14.0369577 1
v -1.19485044 13.9900408 -3.4869566 0.755140007 13.9900408 1
v 0.281216115 15.8734646 -0.653257847 0.797673404 15.8734646 1
v 0.298186332 15.8597507 -0.597122431 0.723675251 15.8597507 1
v 0.343170643 15.8198481 -0.600502491 0.783271313 15.8198481 1
v 0.354002237 15.8089008 -0.658726871 0.568864584 15.8089008 1
v 0.315712243 15.8420372 -0.691331446 0.815181732 15.8420372 1
v -0.561302006 15.9801607 -0.76064384 0.455115885 15.9801607 1
v -0.537403464 15.9985609 -0.708513916 0.644899189 15.9985609 1
v -0.48184374 16.0189495 -0.719679594 0.876497447 16.0189495 1
v -0.471404493 16.0131512 -0.778710365 0.910122037 16.0131512 1
v -0.520512402 15.9891777 -0.804027677 0.808266878 15.9891777 1
v -1.58501017 15.6463852 -0.287247509 0.429587126 15.6463852 1
v -1.57031572 15.6464014 -0.228841037 0.453591317 15.6464014 1
v -1.51117384 15.6569328 -0.224532336 0.756140232 15.6569328 1
v -1.4893167 15.6634264 -0.280275851 0.679946005 15.6634264 1
v -1.53495002 15.656908 -0.319035947 0.79247421 15.656908 1
v -2.07167673 15.1856346 0.0180192906 0.843927503 15.1856346 1
v -2.04635191 15.178998 0.0722579807 0.763233542 15.178998 1
v -2.01335788 15.2281065 0.0835273862 0.786679029 15.2281065 1
v -2.01829147 15.2650938 0.0362535864 0.492028087 15.2650938 1
v -2.05433464 15.2388449 -0.00423264503 0.657099962 15.2388449 1
v 0.453373015 15.0359964 0.879642189 0.404947549 15.0359964 1
v 0.468663275 15.0427771 0.937499523 0.442525744 15.0427771 1
v 0.52876091 15.0413227 0.941160798 0.658268929 15.0413227 1
v 0.550612986 15.0336437 0.885566235 0.340347081 15.0336437 1
v 0.504020691 15.0303516 0.847545624 0.546329856 15.0303516 1
v 0.938215435 14.8427525 1.03853226 0.6452775 14.8427525 1
v 0.941177249 14.8270597 1.09660292 0.666918874 14.8270597 1
v 0.978459597 14.7799921 1.10128379 0.654033959 14.7799921 1
v 0.998539507 14.7665958 1.0461061 0.353186131 14.7665958 1
v 0.973667264 14.8053837 1.0073235 0.916757703 14.8053837 1
v -0.429967076 15.0962429 0.892606437 0.894593477 15.0962429 1
v -0.431809276 15.1021576 0.952513576 0.624505997 15.1021576 1
v -0.375528008 15.0974169 0.973422587 0.820278406 15.0974169 1
v -0.338902086 15.0885725 0.926437974 0.564210832 15.0885725 1
v -0.372547269 15.0878468 0.876490831 0.346376985 15.0878468 1
v -1.0348413 14.9571609 0.969488084 0.908946753 14.9571609 1
v -1.03232205 14.9580765 1.02965498 0.475125015 14.9580765 1
v -0.99229151 15.0000114 1.04597032 0.459778845 15.0000114 1
v -0.970070422 15.0250139 0.995886922 0.327973723 15.0250139 1
v -0.996367633 14.9985304 0.948618293 0.723014474 14.9985304 1
v -1.18096626 14.4685163 1.56687081 0.579078019 14.4685163 1
v -1.18952334 14.4642134 1.62633097 0.409825534 14.4642134 1
v -1.14058292 14.4386406 1.65037465 0.359761417 14.4386406 1
v -1.10177898 14.4271383 1.60577428 0.331125021 14.4271383 1
v -1.12673724 14.4456024 1.55416608 0.860625803 14.4456024 1
v -1.93038261 14.3940401 1.5280751 0.908885896 14.3940401 1
v -1.93571281 14.3841791 1.58724928 0.815550566 14.3841791 1
v -1.89723265 14.4207096 1.61574531 0.477530211 14.4207096 1
v -1.86812043 14.4531479 1.57418275 0.454603851 14.4531479 1
v -1.88860822 14.4366655 1.5199995 0.626177728 14.4366655 1
v -2.39029193 13.6755657 2.06688118 0.327872515 13.6755657 1
v -2.39331961 13.6585264 2.12456775 0.918703675 13.6585264 1
v -2.34768772 13.6845036 2.15406632 0.640696287 13.6845036 1
v -2.31645823 13.717598 2.11461115 0.599451065 13.717598 1
v -2.34278893 13.7120743 2.0607276 0.511279225 13.7120743 1
v -2.41758609 12.9118233 2.37187147 0.680172324 12.9118233 1
v -2.37329841 12.8857565 2.40327811 0.784163117 12.8857565 1
v -2.35208607 12.926157 2.44258595 0.672624707 12.926157 1
v -2.38326359 12.9771919 2.43547273 0.859077871 12.9771919 1
v -2.42374492 12.9683332 2.39176893 0.371536165 12.9683332 1
v 0.51342243 14.9748669 2.29272938 0.445815623 14.9748669 1
v 0.544059157 14.9550304 2.34063697 0.734728336 14.9550304 1
v 0.596124351 14.9318666 2.32114697 0.622323036 14.9318666 1
v 0.597665668 14.9373865 2.26119351 0.634113133 14.9373865 1
v 0.546553075 14.9639626 2.24363065 0.848911822 14.9639626 1
v -0.214769125 14.863019 2.44463658 0.904605567 14.863019 1
v -0.185062081 14.8626366 2.49702549 0.711555958 14.8626366 1
v -0.13617374 14.8972816 2.49095154 0.729769349 14.8972816 1
v -0.135666117 14.919075 2.43480897 0.91663301 14.919075 1
v -0.184240744 14.8978996 2.40618467 0.815223992 14.8978996 1
v 0.558601379 14.1237717 3.25100207 0.692599237 14.1237717 1
v 0.588877439 14.0987597 3.29666352 0.462072968 14.0987597 1
v 0.646999717 14.0959501 3.28113437 0.637470484 14.0959501 1
v 0.652645171 14.1192274 3.22587538 0.410358042 14.1192274 1
v 0.59801203 14.1364222 3.20725274 0.774202287 14.1364222 1
v 0.756556809 13.5503922 3.6964941 0.47885114 13.5503922 1
v 0.769021213 13.4916124 3.69239569 0.842107832 13.4916124 1
v 0.824313521 13.4858837 3.6692183 0.47792089 13.4858837 1
v 0.846021593 13.5411234 3.65899229 0.758231282 13.5411234 1
v 0.804145634 13.5809917 3.67584991 0.615898073 13.5809917 1
v 2.98238015 13.7262421 -3.10062122 0 0 0
v 2.39467931 14.0183115 -3.20453787 1 0 0
v 3.30663443 14.5847931 -3.01769829 0 1 0
v 2.61935782 14.8751717 -3.20406556 1 1 0
v 0.775478303 12.4078388 2.60205698 0 0 0
v 0.682691336 11.9305029 1.31186306 1 0 0
v 1.94216037 12.7950449 2.48122478 0 1 0
v 1.89955378 12.4180069 1.16738737 1 1 0
v -2.68667579 16.3486862 -1.96919858 0 0 0
v -2.5876348 16.8674393 -1.39938939 1 0 0
v -1.88980389 16.4755135 -2.19322228 0 1 0
v -1.7900306 17.0387783 -1.55413342 1 1 0
v 4.439466 14.224122 0.0689923018 0 0 0
v 4.60554552 14.6462984 -0.640731692 1 0 0
v 4.99747467 14.7128143 0.600093007 0 1 0
v 5.15702105 15.0573702 -0.144154504 1 1 0
v -2.53487206 11.9831839 2.6256032 0 0 0
v -2.54610038 12.3729839 1.77093041 1 0 0
v -2.47770333 11.282939 2.14970136 0 1 0
v -2.48742938 11.6300383 1.53485477 1 1 0
v -0.675764322 12.2498608 3.15025377 0 0 0
v -1.35019779 12.2321634 3.77224064 1 0 0
v -1.2199378 12.6088848 2.56274486 0 1 0
v -1.98128593 12.3678465 3.02124476 1 1 0
v 0.125450164 14.2173195 4.72815895 0 0 0
v 0.528736472 15.1624355 4.77300739 1 0 0
v -0.567952514 14.5582609 4.18460274 0 1 0
v -0.163960889 15.3991661 4.26002073 1 1 0
v 4.97338772 13.1668606 2.94679022 0 0 0
v 4.85589552 13.6672287 2.17003703 1 0 0
v 4.18076515 13.3489113 3.31862402 0 1 0
v 3.86514401 13.9915771 2.62363172 1 1 0
v 1.2243495 13.5429039 -3.7119596 0 0 0
v 0.27973792 13.8310318 -3.48304033 1 0 0
v 1.44668996 14.5295601 -3.90547299 0 1 0
v 0.574538887 14.8272266 -3.63042378 1 1 0
v -3.16186738 15.6893034 -0.626788557 0 0 0
v -2.93143678 16.0680046 -1.22383773 1 0 0
v -3.12724304 14.9010029 -1.03536499 0 1 0
v -2.8215251 15.3813343 -1.67171347 1 1 0
v 0.494126886 16.4742012 -2.59648013 0 0 0
v 0.11878258 17.0863152 -2.14009738 1 0 0
v 1.15861559 16.7264996 -2.28479266 0 1 0
v 0.681554198 17.2017078 -1.83444691 1 1 0
v -0.183801726 16.036211 -3.81336713 0 0 0
v -1.33460438 16.541008 -4.29321861 1 0 0
v -0.570924699 16.3950787 -2.82243776 0 1 0
v -1.64433765 16.7741146 -3.1875701 1 1 0
v -1.64536405 16.5278568 -1.59906268 0 0 0
v -1.07761025 16.9465637 -2.15372181 1 0 0
v -2.3673203 16.4515877 -2.50285983 0 1 0
v -1.5988853 16.9332886 -2.94553089 1 1 0
v 2.74395752 12.5324812 1.66997409 0 0 0
v 3.74128628 13.1084757 1.62614655 1 0 0
v 3.16600084 11.9010334 2.6819768 0 1 0
v 4.24143839 12.498312 2.62916708 1 1 0
v 2.46162796 12.1069527 -0.568021059 0 0 0
v 2.31103253 12.2890997 -1.72827947 1 0 0
v 3.59280705 12.4005384 -0.56774956 0 1 0
v 3.54384685 12.5618601 -1.79426229 1 1 0
v 2.41988754 12.4079552 2.94439149 0 0 0
v 3.15735626 12.1578703 2.79117513 1 0 0
v 2.81615353 13.3272448 3.11577773 0 1 0
v 3.67276287 12.875699 3.0588553 1 1 0
v 4.24565601 12.7754946 -0.407564908 0 0 0
v 3.71818304 11.878933 -0.498655885 1 0 0
v 3.65056849 13.2726192 -1.01980209 0 1 0
v 3.18551064 12.3918009 -1.07409787 1 1 0
v -2.29216671 13.4407101 4.05349398 0 0 0
v -3.11159158 13.2000933 3.90061879 1 0 0
v -2.06391835 12.5433722 3.74425721 0 1 0
v -2.98002362 12.5470228 3.50690246 1 1 0
v -0.869658172 12.6537781 0.280965 0 0 0
v -1.93761504 12.6753407 -0.509751081 1 0 0
v -0.305048913 13.4709072 -0.577480674 0 1 0
v -1.42751002 13.3490715 -1.42029941 1 1 0
v 4.50933027 15.1314888 -0.409675717 0 0 0
v 3.91545343 15.8738298 0.12703687 1 0 0
v 5.15427303 15.1549263 0.336246461 0 1 0
v 4.62397003 15.8383455 0.802491784 1 1 0
v 5.38447809 12.957262 -1.62762964 0 0 0
v 5.14646721 13.5146065 -0.889248908 1 0 0
v 4.50178719 12.9993153 -1.95005977 0 1 0
v 4.18113947 13.5400286 -1.21645546 1 1 0
v 0.358312547 16.4818306 -0.911438346 0 0 0
v 1.54196751 16.8366623 -0.693638027 1 0 0
v 0.159145281 17.3764095 -1.59588158 0 1 0
v 1.18809628 17.7792549 -1.43482959 1 1 0
v 0.803785324 12.5486794 5.97616053 0 0 0
v 0.455382466 13.6805725 5.48030901 1 0 0
v 0.859452724 12.0744143 4.79571867 0 1 0
v 0.30919522 13.1758022 4.29906082 1 1 0
v 2.59010434 14.0548773 4.3292861 0 0 0
v 1.22259498 13.7620258 3.98529029 1 0 0
v 2.26695895 13.8959961 5.73699284 0 1 0
v 1.03105628 13.7072287 5.35677862 1 1 0
v 5.55366373 13.1988163 -0.294675887 0 0 0
v 4.98901081 12.9935846 0.558117151 1 0 0
v 4.74911213 13.414422 -0.865381956 0 1 0
v 4.06223917 13.041461 -0.0644874573 1 1 0
v -0.500039399 12.162014 3.42694068 0 0 0
v -0.482677072 12.4575434 4.26202726 1 0 0
v -0.809306383 13.0421257 3.03620577 0 1 0
v -0.791534781 13.2787495 3.98669338 1 1 0
v -1.97064638 14.9277945 3.5039866 0 0 0
v -3.02980733 15.0189629 2.83565521 1 0 0
v -2.26047587 13.8795071 3.92123771 0 1 0
v -3.36069608 13.8626022 3.30256605 1 1 0
v 0.617501497 15.706871 2.78674126 0 0 0
v 1.49400461 15.6262293 2.90469885 1 0 0
v 0.709434271 16.6183643 3.17435145 0 1 0
v 1.66897011 16.4442348 3.39476991 1 1 0
v 5.17190027 14.930892 -2.09097052 0 0 0
v 5.09762001 15.486784 -1.3543725 1 0 0
v 5.09797859 14.3933563 -1.51817203 0 1 0
v 5.01663113 14.8023052 -0.922007203 1 1 0
v -0.464611501 12.2333298 3.50978565 0 0 0
v -0.23171705 12.0426111 2.19971514 1 0 0
v 0.905026376 12.0914288 3.56256437 0 1 0
v 1.03057075 11.8701506 2.37354016 1 1 0
v -2.29934669 13.0244579 0.259818494 0 0 0
v -3.1276443 12.6405268 -0.0632312223 1 0 0
v -2.63568091 13.8477268 0.12373998 0 1 0
v -3.51795959 13.4397535 -0.147689149 1 1 0
v -2.82452583 13.9733162 -2.36777425 0 0 0
v -2.0864656 13.9106913 -1.7338866 1 0 0
v -3.498245 14.0999117 -1.68226898 0 1 0
v -2.69713044 14.2198477 -1.00717318 1 1 0
v 3.12342644 15.724431 -1.01198816 0 0 0
v 3.70573759 16.7789898 -1.28371835 1 0 0
v 3.21895576 16.1098576 0.0558063388 0 1 0
v 3.65838075 16.9849339 -0.304626107 1 1 0
v -2.64419103 16.4619675 -1.57740867 0 0 0
v -2.96914697 16.7316494 -0.818032146 1 0 0
v -1.8307699 17.0776482 -1.44564807 0 1 0
v -2.26414704 17.373642 -0.649343252 1 1 0
v 3.44145131 16.471056 1.00783813 0 0 0
v 3.22635078 17.3920307 1.08811498 1 0 0
v 2.58665919 16.335125 1.38545501 0 1 0
v 2.34666085 17.1829205 1.52639985 1 1 0
v -2.58563614 12.0898199 3.67260432 0 0 0
v -1.31346846 12.1927299 3.24593139 1 0 0
v -2.48161244 13.3287554 4.3136816 0 1 0
v -1.22348773 13.3847847 3.91215563 1 1 0
v -1.73827136 16.4168282 -2.67493963 0 0 0
v -0.563582778 16.1183548 -2.26866198 1 0 0
v -1.19480729 17.47369 -3.24671984 0 1 0
v -0.0472780392 17.1926575 -2.81797504 1 1 0
v 3.75915384 15.4640236 2.3562088 0 0 0
v 3.48484421 15.3685226 3.32697392 1 0 0
v 4.5949769 14.901926 2.57129598 0 1 0
v 4.236835 14.7904768 3.47948337 1 1 0
v -2.89423561 14.7001066 -3.9995451 0 0 0
v -2.96080041 14.4959717 -5.04154253 1 0 0
v -2.14099193 14.003684 -4.00581884 0 1 0
v -2.08451819 13.8997869 -4.88733101 1 1 0
v -3.43811536 13.8296843 2.90412378 0 0 0
v -3.68903542 14.6776886 2.07933164 1 0 0
v -4.2941165 13.264061 2.48888421 0 1 0
v -4.59458399 14.138855 1.79117203 1 1 0
v -1.06167245 15.695961 -3.77173257 0 0 0
v -1.63051951 14.7773237 -4.56949425 1 0 0
v -2.06139636 16.4830647 -3.87291145 0 1 0
v -2.60040069 15.4492235 -4.52163792 1 1 0
v 1.10437524 16.3888073 -2.96584654 0 0 0
v 1.60041738 15.6419573 -3.1079495 1 0 0
v 0.456934392 15.9709387 -3.43847728 0 1 0
v 1.06804097 15.3297634 -3.76083851 1 1 0
v 3.52401233 12.1591787 -2.29201603 0 0 0
v 4.46993017 12.0862617 -1.61493325 1 0 0
v 2.88680434 12.3365068 -1.50590944 0 1 0
v 3.85852861 12.3807869 -0.714119017 1 1 0
v -0.228606999 12.0360518 1.50267792 0 0 0
v -1.43446004 11.7363501 1.7350421 1 0 0
v -0.509231031 13.1428089 1.36597192 0 1 0
v -1.71305835 12.9112139 1.48450971 1 1 0
v -0.504181743 15.5286732 3.83465362 0 0 0
v -1.21712434 15.0543957 3.24985361 1 0 0
v -0.33594802 14.631917 4.49764061 0 1 0
v -1.22543955 14.073431 3.90404224 1 1 0
v 4.4594512 15.3212214 -0.0142297447 0 0 0
v 5.36649323 14.9995489 -0.420375913 1 0 0
v 3.95811152 15.3728476 -0.905418098 0 1 0
v 4.87735653 15.0071487 -1.40406775 1 1 0
v 5.10733509 13.5209284 0.649160504 0 0 0
v 5.36024237 13.2279282 1.7411871 1 0 0
v 4.22063017 12.9929152 0.976595938 0 1 0
v 4.50561666 12.6619215 1.88506377 1 1 0
v -3.01406455 16.1536961 0.763859749 0 0 0
v -3.78962803 15.8272781 0.304654092 1 0 0
v -2.45343113 15.4325657 0.617055535 0 1 0
v -3.1830492 15.089922 -0.103547446 1 1 0
v 4.08741617 13.310256 -2.77301788 0 0 0
v 4.37502384 13.4671364 -1.48183084 1 0 0
v 4.58243847 12.0180292 -2.80642724 0 1 0
v 4.82882357 12.1989222 -1.41522861 1 1 0
v 2.8959074 16.818409 1.18556523 0 0 0
v 1.77970397 16.1202374 1.07273507 1 0 0
v 2.53393435 17.4407463 2.19302034 0 1 0
v 1.2408514 16.8422241 2.05561018 1 1 0
v -0.887952507 16.3700523 2.38739252 0 0 0
v -1.96593821 16.4892883 2.45235348 1 0 0
v -0.74044472 15.5666418 3.20329762 0 1 0
v -1.87638175 15.7189388 3.24784088 1 1 0
v 0.655184627 15.0644627 -3.76892257 0 0 0
v 1.41205955 15.3753214 -4.07274008 1 0 0
v 1.22879696 14.5694714 -3.30875182 0 1 0
v 1.84807324 14.9462919 -3.644835 1 1 0
v -1.64100826 15.9494972 2.34866452 0 0 0
v -1.00016654 17.0867825 2.39321351 1 0 0
v -1.83014679 16.1863556 0.971576214 0 1 0
v -1.06222081 17.3632736 1.08548582 1 1 0
v 4.88351107 14.7552252 2.47296619 0 0 0
v 4.76674271 14.2274933 3.06961346 1 0 0
v 4.88492823 14.1191549 2.04613853 0 1 0
v 4.99126101 13.682662 2.5328033 1 1 0
v 3.62739682 15.4042673 -3.11949444 0 0 0
v 3.39503026 14.4025812 -3.51842022 1 0 0
v 2.7437768 15.6503315 -3.21602297 0 1 0
v 2.30657601 14.8422365 -3.54953289 1 1 0
v -0.963962853 16.4263592 3.78561234 0 0 0
v 0.115761429 16.7171764 3.28894401 1 0 0
v -0.991140425 15.4403162 3.05409765 0 1 0
v 0.101798385 15.630517 2.40280461 1 1 0
v -3.52020526 16.5943546 0.153921649 0 0 0
v -2.98511028 15.7734938 0.456967473 1 0 0
v -2.81861401 17.026659 -0.398750484 0 1 0
v -2.24477935 16.1931477 -0.0534000322 1 1 0
v -1.82752466 12.8779135 0.76736486 0 0 0
v -2.04189944 13.2503767 -0.0967283323 1 0 0
v -0.752921224 12.5139666 0.505457103 0 1 0
v -1.00260305 12.9038677 -0.394463003 1 1 0
v 2.12430382 12.7198143 -0.164713189 0 0 0
v 1.43131101 13.3542547 -0.375390202 1 0 0
v 1.82912874 12.0301027 -0.810448229 0 1 0
v 1.09895885 12.5993404 -0.879594982 1 1 0
v -1.24182081 12.4588633 0.353748798 0 0 0
v -0.984774411 12.5624924 1.41243517 1 0 0
v -2.33851361 12.5491524 0.52357018 0 1 0
v -2.01161551 12.7078629 1.54755294 1 1 0
v 0.618181109 16.7562733 2.10068536 0 0 0
v 1.25172544 16.1119442 1.79686844 1 0 0
v 1.14062357 17.423399 1.62692976 0 1 0
v 1.79283237 16.8233204 1.36726809 1 1 0
v 1.32337987 12.8261786 -3.54947162 0 0 0
v 1.04027605 13.3706455 -2.37766862 1 0 0
v 0.381115824 13.473073 -3.95187831 0 1 0
v 0.16186744 13.9584885 -2.95038342 1 1 0
v -1.14123607 11.378768 1.70962954 0 0 0
v -2.31800103 11.3848801 1.20730019 1 0 0
v -1.31003129 12.560854 1.9257406 0 1 0
v -2.42751455 12.398262 1.45379949 1 1 0
v -0.195537552 16.6332283 2.44163704 0 0 0
v -0.282280922 16.0937099 2.9718287 1 0 0
v 0.745692074 16.4555225 2.61610413 0 1 0
v 0.373569548 16.0877132 3.15835524 1 1 0
v -3.20076513 11.7908974 2.54698253 0 0 0
v -1.99715531 11.7951984 2.04154491 1 0 0
v -2.72952557 11.6707726 3.50101876 0 1 0
v -1.71999264 11.6074772 3.18051314 1 1 0
v 3.61110973 13.2819004 2.69252372 0 0 0
v 3.62149191 12.6313419 3.17858028 1 0 0
v 4.12520123 12.9894381 2.16970849 0 1 0
v 4.26478386 12.2609673 2.61671829 1 1 0
v 1.44457996 16.1539001 -2.75953555 0 0 0
v 2.0459733 16.7560844 -1.66609657 1 0 0
v 2.63157988 15.6399937 -3.12370825 0 1 0
v 3.29063439 16.2536106 -2.00888443 1 1 0
v 0.997526884 14.7197132 4.04935646 0 0 0
v 1.20841432 15.5842438 4.48510599 1 0 0
v 0.148608565 14.9768867 4.14391756 0 1 0
v 0.221806243 15.6418066 4.59832382 1 1 0
v -1.29515386 12.3885059 3.4497695 0 0 0
v -0.504568398 13.2037725 3.66032791 1 0 0
v -2.23941517 13.1424809 3.87596869 0 1 0
v -1.19879448 14.0877657 4.04267025 1 1 0
v 0.109290525 13.2274628 -1.09275055 0 0 0
v 0.936782837 12.5997725 -0.654320538 1 0 0
v -0.465696007 13.1332674 -0.313089609 0 1 0
v 0.117922924 12.630681 0.230700776 1 1 0
v 3.22304726 12.7949123 3.3624177 0 0 0
v 4.15000963 12.949091 2.85661793 1 0 0
v 3.07076764 13.9067135 3.6019001 0 1 0
v 4.1151967 13.9740181 3.14256096 1 1 0
v -0.499540389 16.2289543 -4.04407167 0 0 0
v 0.320382118 16.0150127 -4.50835896 1 0 0
v -0.556856751 15.2247953 -4.01903868 0 1 0
v 0.123858906 15.0829124 -4.47018194 1 1 0
v -0.323686838 15.7885294 2.004915 0 0 0
v -0.706368864 16.9442215 1.75927806 1 0 0
v -0.777476549 16.0742149 3.12288666 0 1 0
v -1.00753677 17.1829281 2.82522273 1 1 0
v -3.51260686 13.0043421 2.11856627 0 0 0
v -3.21945667 14.1649284 2.02911496 1 0 0
v -4.10998106 13.149169 0.92801851 0 1 0
v -3.89581275 14.2437658 0.895428956 1 1 0
v -2.44852591 13.9532738 -3.09862351 0 0 0
v -2.59411359 14.9774857 -3.5590744 1 0 0
v -2.74199271 13.6350708 -4.09160662 0 1 0
v -2.84139538 14.713912 -4.39744091 1 1 0
v 1.27253437 13.5339775 4.31938934 0 0 0
v 1.18339849 13.4832716 5.47379684 1 0 0
v 1.95707691 12.4993925 4.44621134 0 1 0
v 1.73888397 12.5100527 5.63285875 1 1 0
v 2.68354654 12.7733583 -1.76066005 0 0 0
v 2.49516582 12.4673119 -0.567056596 1 0 0
v 1.31125939 13.0112791 -1.99102879 0 1 0
v 1.25106144 12.6514463 -0.767559469 1 1 0
v -2.62252712 14.0468578 0.429106057 0 0 0
v -2.86967278 13.4254265 1.30395901 1 0 0
v -3.62237573 14.4781113 0.334610909 0 1 0
v -3.84378409 13.880599 1.29533684 1 1 0
v 3.55710435 12.2838755 -3.06858349 0 0 0
v 4.35279036 13.0195751 -2.67306542 1 0 0
v 3.37321091 11.8841114 -2.08240509 0 1 0
v 4.16876316 12.6182013 -1.60481226 1 1 0
v 1.58748889 16.3104877 2.97644663 0 0 0
v 2.45517731 16.0157413 3.2355566 1 0 0
v 2.07054496 15.8624277 2.10300875 0 1 0
v 2.86852336 15.6706591 2.38060093 1 1 0
v 1.77522135 11.8538532 3.22116303 0 0 0
v 0.657679617 11.476614 2.88496399 1 0 0
v 1.60086966 13.0668879 2.77266431 0 1 0
v 0.501403034 12.5904608 2.28102326 1 1 0
v 2.07985044 14.8719063 3.8657968 0 0 0
v 2.14229703 14.7191029 4.71328259 1 0 0
v 2.01282954 13.917057 3.80948877 0 1 0
v 2.08653331 13.8959389 4.63751268 1 1 0
v 2.07091737 13.4277239 4.79120541 0 0 0
v 2.4862988 12.9247265 4.08515549 1 0 0
v 2.15553713 14.2452478 4.2031889 0 1 0
v 2.57480907 13.6504898 3.52413654 1 1 0
v 0.746073067 11.9319687 3.6458931 0 0 0
v 1.23974478 12.8461685 3.05889702 1 0 0
v 1.80433166 11.8943176 4.15908337 0 1 0
v 2.09942317 12.6937952 3.6683619 1 1 0
v 3.66604614 15.3003979 1.56511939 0 0 0
v 4.31671572 16.5073643 1.96925688 1 0 0
v 2.61268353 16.0179634 1.52644384 0 1 0
v 3.1765306 17.2144432 1.98383307 1 1 0
v 3.01738858 12.9145203 2.90103459 0 0 0
v 2.57182956 11.8269939 2.59861445 1 0 0
v 2.73377275 13.1591225 1.75728607 0 1 0
v 2.33769584 12.231102 1.42971301 1 1 0
v -1.40654564 17.5625439 -0.470114231 0 0 0
v -2.06367207 16.6147289 -0.158930555 1 0 0
v -0.892934501 17.5047703 0.53756851 0 1 0
v -1.55033052 16.6345367 0.791298509 1 1 0
v -2.21441674 13.0705957 -4.53611612 0 0 0
v -1.83332729 13.8885126 -4.12966776 1 0 0
v -2.31543398 13.636241 -5.30238485 0 1 0
v -2.0019207 14.432785 -4.84619904 1 1 0
v -2.87061763 15.0214138 2.66771197 0 0 0
v -2.8407259 15.9822683 1.9148519 1 0 0
v -3.48993349 14.539979 1.82827854 0 1 0
v -3.42689538 15.2979221 1.24767447 1 1 0
v 1.10901117 12.8714914 2.27085805 0 0 0
v -0.0754870325 12.6651678 2.49839234 1 0 0
v 1.04838979 11.9242735 1.64195836 0 1 0
v -0.0626944378 11.8612232 1.81066 1 1 0
v -0.3484689 12.4902668 -3.53081679 0 0 0
v -0.963918924 13.0664806 -3.33472729 1 0 0
v -0.176288515 12.7164211 -4.18941259 0 1 0
v -0.836226463 13.4169569 -4.06463051 1 1 0
v -0.530734718 13.9530363 3.50717354 0 0 0
v -1.05293596 13.5112581 4.60114288 1 0 0
v 0.255746484 14.6788635 4.24007607 0 1 0
v -0.391630948 14.2892733 5.3191824 1 1 0
v 0.313925326 16.4818172 0.94083178 0 0 0
v 0.224570915 17.6135941 0.692844331 1 0 0
v -0.634813607 16.5789433 1.40464807 0 1 0
v -0.562033653 17.7570343 1.24970627 1 1 0
v -2.44848847 16.2564926 -3.13411736 0 0 0
v -3.20435023 15.6228113 -3.10448813 1 0 0
v -1.79865003 15.6971045 -2.34303403 0 1 0
v -2.70740342 14.9851179 -2.20026159 1 1 0
v 0.347158372 14.1289396 -4.49856615 0 0 0
v 0.866428912 13.9127893 -3.60320425 1 0 0
v -0.267770916 13.4371357 -4.42510414 0 1 0
v 0.114624374 13.1521168 -3.45245051 1 1 0
v 0.586525202 16.7249546 -2.98143291 0 0 0
v 1.08557153 16.8551712 -1.89628923 1 0 0
v 1.82901621 16.2432518 -3.41481924 0 1 0
v 2.31437302 16.3935699 -2.19721198 1 1 0
v 4.35368538 11.982089 -1.60607708 0 0 0
v 5.03669405 12.6986465 -1.54527271 1 0 0
v 3.76154447 12.5322132 -1.31728506 0 1 0
v 4.26961851 13.3148661 -1.2320751 1 1 0
v 0.33806172 15.9346199 -3.24648213 0 0 0
v 1.07457769 16.2115135 -3.572119 1 0 0
v -0.221012041 16.2123508 -4.00805426 0 1 0
v 0.552720368 16.5273628 -4.4321332 1 1 0
v -2.5497241 15.194684 0.149329841 0 0 0
v -3.51701379 15.113369 -0.642975688 1 0 0
v -3.08374929 14.6931925 0.865587473 0 1 0
v -3.93670201 14.3701162 0.150323689 1 1 0
v 1.55088949 14.812604 4.47402191 0 0 0
v 0.508185625 14.8520327 4.561975 1 0 0
v 1.41915143 14.1672544 5.19193268 0 1 0
v 0.550225437 14.1815138 5.17319536 1 1 0
v -2.45815301 13.4131327 -0.858095765 0 0 0
v -2.76940727 13.831625 -0.201134607 1 0 0
v -2.88055468 13.9310732 -1.36297596 0 1 0
v -3.17309022 14.1759853 -0.556675076 1 1 0
v -2.98194814 15.8952398 -1.24998224 0 0 0
v -2.60192728 14.8917894 -0.699809551 1 0 0
v -3.73762298 16.2558231 -0.116189197 0 1 0
v -3.24387074 15.1619625 0.470318556 1 1 0
v 0.675518453 12.4902744 -1.91882312 0 0 0
v 0.538984597 12.8615608 -3.04577255 1 0 0
v 1.12793255 13.5163622 -1.59648633 0 1 0
v 1.12262595 13.8365068 -2.7192142 1 1 0
v -2.48395348 16.6537437 0.806808829 0 0 0
v -3.08665204 16.3913097 0.324039668 1 0 0
v -2.69072509 16.1866074 1.46560693 0 1 0
v -3.32147789 16.0056381 1.08628619 1 1 0
v 3.39931059 14.277771 3.39746284 0 0 0
v 4.18530273 13.4992599 3.09938121 1 0 0
v 4.18318558 15.0106716 3.23739815 0 1 0
v 4.91917992 14.2487516 2.74328375 1 1 0
v 0.979041576 14.4698038 -3.53608227 0 0 0
v 1.59824502 14.6356163 -2.95446968 1 0 0
v 0.974644482 13.6665497 -3.58407331 0 1 0
v 1.73284805 13.7453251 -2.84774756 1 1 0
v -2.39715314 12.4520073 1.982458 0 0 0
v -3.09080672 11.567276 2.67198133 1 0 0
v -3.47954965 12.9154482 1.44184685 0 1 0
v -4.2179904 12.1032686 2.14281821 1 1 0
v 4.38824177 15.7152433 -1.59017098 0 0 0
v 3.68076277 16.2614021 -1.90347433 1 0 0
v 4.08976078 16.1060181 -0.867686927 0 1 0
v 3.61513782 16.4969444 -1.11948311 1 1 0
v 1.90588689 14.6499872 -4.31325531 0 0 0
v 1.34130776 15.2152176 -3.27453327 1 0 0
v 2.89739466 14.6162987 -3.61680079 0 1 0
v 2.3754096 15.2181787 -2.57837558 1 1 0
v 1.89141381 12.7048979 -0.785802126 0 0 0
v 2.82381082 11.8089857 -0.381847948 1 0 0
v 1.76269507 12.9796371 0.531734288 0 1 0
v 2.61822581 12.1504498 0.85571152 1 1 0
v -0.801851034 14.723527 4.08328056 0 0 0
v -1.72690284 14.4911785 3.39940453 1 0 0
v -0.568804622 13.5039759 4.30492926 0 1 0
v -1.63069081 13.3822994 3.68840122 1 1 0
v -2.50170135 16.6414719 1.7598803 0 0 0
v -3.03671408 15.8681326 1.0392375 1 0 0
v -2.26563764 15.8915892 2.6021831 0 1 0
v -2.9714911 15.1808977 1.98016357 1 1 0
v 4.88576698 14.3762226 -2.4555378 0 0 0
v 4.94013882 13.652976 -1.27145958 1 0 0
v 4.48433685 13.3560953 -3.01311779 0 1 0
v 4.59927511 12.5415802 -2.08646059 1 1 0
v -3.25323558 13.1104832 2.70616984 0 0 0
v -2.65544677 12.5107613 3.4075458 1 0 0
v -4.12203979 13.3748999 3.47368884 0 1 0
v -3.37837958 12.687623 4.1551156 1 1 0
v 1.56188428 11.951149 1.19256914 0 0 0
v 1.92646921 12.4711771 -0.0889024436 1 0 0
v 2.73436308 12.2048788 1.60590994 0 1 0
v 3.03124952 12.689908 0.415485144 1 1 0
v 3.11284375 15.3877687 -2.65444374 0 0 0
v 2.36811137 14.9612083 -3.17106843 1 0 0
v 2.77709293 16.2455673 -2.90522027 0 1 0
v 1.99124086 15.8334169 -3.40051818 1 1 0
v 4.34943628 15.2921381 -3.44254065 0 0 0
v 3.59318209 14.3708706 -2.90032411 1 0 0
v 3.75861955 16.0476093 -2.81066251 0 1 0
v 3.09835792 15.2820797 -2.25787139 1 1 0
v 3.24603486 14.2961512 4.26824331 0 0 0
v 3.17452765 14.9826288 3.09757423 1 0 0
v 2.17016816 13.8660221 4.06304884 0 1 0
v 2.10387015 14.4626083 2.92367721 1 1 0
v 0.50446409 12.938344 -0.136492282 0 0 0
v 0.663907051 12.1338701 0.118063979 1 0 0
v 0.189388961 13.2632627 0.633139372 0 1 0
v 0.198805302 12.3172359 0.910860896 1 1 0
v 3.40693998 13.673049 -3.00340247 0 0 0
v 4.32608938 13.0807629 -3.64531898 1 0 0
v 3.82834029 12.9704895 -1.91036248 0 1 0
v 4.69461298 12.5365934 -2.46421099 1 1 0
v 2.37773061 16.4915218 2.29330993 0 0 0
v 1.53068376 16.9906578 1.83709896 1 0 0
v 1.81295681 15.8917818 2.84970355 0 1 0
v 0.905159652 16.2601852 2.47610021 1 1 0
v 3.56252122 16.664856 0.173352063 0 0 0
v 3.48091269 15.8112392 0.593129992 1 0 0
v 4.31016302 16.5362759 0.00189805031 0 1 0
v 4.39029169 15.6925554 0.287229121 1 1 0
v -3.17399001 13.7587528 3.27691221 0 0 0
v -2.87652516 14.3713961 2.69089699 1 0 0
v -4.00263596 14.1227684 3.19243026 0 1 0
v -3.64296365 14.827836 2.6866734 1 1 0
v 0.0930432603 15.8501225 3.46872163 0 0 0
v -0.0768822134 15.0162086 3.51286316 1 0 0
v -0.217526287 15.995347 4.31793022 0 1 0
v -0.413452774 15.0539703 4.23163986 1 1 0
v 4.35766554 13.0978727 1.00476062 0 0 0
v 3.68741155 12.774703 1.29968882 1 0 0
v 4.30918407 12.6110802 0.337287188 0 1 0
v 3.72249341 12.3040161 0.572849095 1 1 0
v 2.19785547 13.4325714 -2.01766992 0 0 0
v 2.16548491 13.3833437 -3.16025925 1 0 0
v 2.55922675 12.5528688 -2.057096 0 1 0
v 2.4405148 12.4098749 -3.04168558 1 1 0
v 2.3516314 15.4878387 3.24417162 0 0 0
v 1.95401311 15.9522257 2.75739574 1 0 0
v 1.59980226 15.3440771 3.6405654 0 1 0
v 1.31877542 15.8405809 3.1186645 1 1 0
v -1.7757262 15.5482273 2.19291496 0 0 0
v -2.74403954 16.0609283 2.28341937 1 0 0
v -1.89513707 15.3676043 3.06077456 0 1 0
v -2.78982735 15.799346 3.1194191 1 1 0
v 3.76875377 11.8355236 1.87903881 0 0 0
v 3.44666362 12.5024605 0.85203588 1 0 0
v 4.27148151 13.0586519 2.31111741 0 1 0
v 4.01921654 13.5909662 1.06926107 1 1 0
v -3.6750114 14.8424158 3.17999244 0 0 0
v -3.17016363 15.4354496 2.07343411 1 0 0
v -3.93908739 13.7954102 2.42470431 0 1 0
v -3.4241991 14.3944454 1.36637402 1 1 0
v 4.90202141 13.7920685 -2.30916929 0 0 0
v 4.01950788 13.200839 -2.67238593 1 0 0
v 4.51923943 14.6279116 -2.79113269 0 1 0
v 3.67906404 13.9880981 -3.07105708 1 1 0
v 0.978769958 13.2829266 -3.09717202 0 0 0
v 1.79297066 13.6646004 -3.4135437 1 0 0
v 1.41069901 13.0562077 -2.25109696 0 1 0
v 2.21308446 13.4587288 -2.67310619 1 1 0
v -3.04134893 13.969841 -0.440779358 0 0 0
v -2.64979625 14.9725599 -0.08649607 1 0 0
v -3.58868337 14.3913221 -1.3444736 0 1 0
v -3.16575861 15.4716988 -1.02946353 1 1 0
v -1.20630467 13.2404709 -0.640035033 0 0 0
v -1.74372244 13.0570135 0.383210182 1 0 0
v -2.3762331 13.2676573 -1.18493092 0 1 0
v -2.87525415 13.0907211 -0.107791595 1 1 0
v -2.73743844 16.210125 -0.67009306 0 0 0
v -2.92922664 16.690258 0.366891831 1 0 0
v -1.7569654 17.1148853 -0.966312528 0 1 0
v -2.19988155 17.8022137 0.178950042 1 1 0
v 5.38713551 14.9889536 -1.54405463 0 0 0
v 4.6151247 14.2711983 -2.14271688 1 0 0
v 4.79087114 15.9995451 -1.94566691 0 1 0
v 4.07735825 15.3133059 -2.63399243 1 1 0
v 3.8859005 14.2016916 -2.43630433 0 0 0
v 3.94314265 15.2669258 -2.09529042 1 0 0
v 4.7628727 14.2387123 -3.34902573 0 1 0
v 4.83502293 15.5465813 -2.97801876 1 1 0
v -0.390105039 12.5801086 1.20125711 0 0 0
v -1.23830557 12.4691725 0.862474263 1 0 0
v -0.19639641 12.9333029 0.400759131 0 1 0
v -0.997467458 12.9182529 0.131616652 1 1 0
v 1.3784914 12.0894823 3.91162872 0 0 0
v 0.600972056 11.9657459 4.50137043 1 0 0
v 0.781340063 11.921133 3.04512525 0 1 0
v -0.0736107454 11.7858753 3.56146789 1 1 0
v 3.25905609 12.1198578 -1.52900958 0 0 0
v 2.76596975 12.9994326 -1.77629542 1 0 0
v 3.61855364 12.1193981 -2.46092367 0 1 0
v 3.11458087 12.9553328 -2.61444712 1 1 0
v 4.35070992 14.7696409 -2.58507633 0 0 0
v 4.01769352 14.3308649 -3.71308422 1 0 0
v 3.21532393 14.5487452 -2.26312423 0 1 0
v 2.92449999 14.0746784 -3.35968709 1 1 0
v -0.640417814 16.6282139 1.13016534 0 0 0
v -1.03129601 16.4605446 1.88863087 1 0 0
v -0.217076093 17.2404709 1.46273482 0 1 0
v -0.464541852 17.0619698 2.250947 1 1 0
v 3.29229689 14.1523914 -2.72372246 0 0 0
v 4.05109549 13.8670607 -2.75423336 1 0 0
v 2.97455668 13.4630661 -3.10467982 0 1 0
v 3.6135385 13.0939684 -3.08239746 1 1 0
v 2.77211285 13.0103941 -0.174597964 0 0 0
v 2.72885609 12.0513382 -0.701639354 1 0 0
v 3.620327 12.6023521 0.100603774 0 1 0
v 3.5012536 11.7424326 -0.278043807 1 1 0
v 2.2093091 15.4815035 3.80638885 0 0 0
v 3.32023168 15.452877 3.40582776 1 0 0
v 1.741032 15.1262445 2.97609353 0 1 0
v 2.72722387 15.0760517 2.30202389 1 1 0
v -2.01976705 11.2143726 3.26962376 0 0 0
v -2.51356435 11.5197639 2.02439952 1 0 0
v -0.967187583 12.0250769 2.91508842 0 1 0
v -1.55386794 12.1495295 1.79202306 1 1 0
v 2.42331147 15.5408487 3.07022452 0 0 0
v 1.23323512 15.4817457 3.58823848 1 0 0
v 2.77778935 14.4721079 3.77253103 0 1 0
v 1.5531472 14.4253979 4.28111219 1 1 0
v -0.908621848 11.7849207 2.3350668 0 0 0
v -0.295836478 12.7190619 2.37308073 1 0 0
v -0.674875975 11.8313713 3.56833982 0 1 0
v 0.00504725054 12.7201128 3.42298079 1 1 0
v 2.86410308 16.7564411 -2.43307734 0 0 0
v 3.52526712 15.8446999 -1.5455147 1 0 0
v 2.79742765 15.6579962 -3.29474473 0 1 0
v 3.58624148 14.9277296 -2.44255304 1 1 0
v -0.0520591214 12.9614506 5.49455166 0 0 0
v 0.290980041 13.8037205 5.51141453 1 0 0
v -0.529512644 13.1284466 4.58622313 0 1 0
v -0.173890755 13.9921331 4.72051859 1 1 0
v -0.917169511 15.2137299 -4.40407991 0 0 0
v 0.260244727 15.6063108 -4.36987925 1 0 0
v -0.529968798 14.1378355 -4.733675 0 1 0
v 0.576404989 14.5504332 -4.65365982 1 1 0
v 4.10827971 15.7445984 -1.76995254 0 0 0
v 3.26564741 16.582077 -2.60271835 1 0 0
v 3.15825605 15.9781914 -0.914049447 0 1 0
v 2.33537412 16.7715778 -1.74245238 1 1 0
v -1.4523741 17.0917778 -0.385580599 0 0 0
v -0.704413295 16.9058723 -0.222903326 1 0 0
v -1.30101264 17.6653423 -0.763183832 0 1 0
v -0.504694521 17.5963612 -0.778926551 1 1 0
v 1.65603018 13.1739321 4.45285511 0 0 0
v 1.06109989 12.4265833 5.39345169 1 0 0
v 1.24364924 12.2750854 3.63547754 0 1 0
v 0.729385853 11.5340719 4.63306713 1 1 0
v -0.908612072 16.6028366 -3.77134109 0 0 0
v -0.0362480432 16.7204418 -3.79936981 1 0 0
v -0.776688159 15.7062674 -4.01611948 0 1 0
v 0.133512422 15.8196154 -4.03391695 1 1 0
v -1.31129622 14.8889084 -4.9044981 0 0 0
v -1.15811861 15.7995605 -4.37473869 1 0 0
v -0.268341869 14.8506489 -4.95372581 0 1 0
v -0.186833978 15.6707783 -4.42015076 1 1 0
v 1.94092703 13.3850956 -3.29358244 0 0 0
v 1.51804972 14.1292181 -3.68493891 1 0 0
v 2.48647213 14.0012608 -2.69422436 0 1 0
v 2.11863136 14.8030109 -3.11611295 1 1 0
v 0.60907799 16.817934 -2.59426951 0 0 0
v -0.418777645 16.5538864 -3.11806917 1 0 0
v 0.0648400113 17.2141743 -1.57451653 0 1 0
v -1.07463443 17.0051327 -2.10420799 1 1 0
v 3.20214701 15.5803413 -2.53904223 0 0 0
v 3.68706346 15.2079 -1.33054173 1 0 0
v 4.2698369 15.9594727 -2.88959002 0 1 0
v 4.70589304 15.710104 -1.65767932 1 1 0
v -1.77376866 14.7262621 3.87861228 0 0 0
v -2.18790722 15.9162283 3.54416728 1 0 0
v -2.33184171 14.2602186 2.73088717 0 1 0
v -2.7743752 15.4081688 2.45932198 1 1 0
v -2.18260932 16.4509926 -1.16008615 0 0 0
v -1.21293449 17.0314026 -0.576382399 1 0 0
v -1.78010416 17.2031689 -2.33324957 0 1 0
v -0.935070038 17.7270088 -1.62290597 1 1 0
v -2.24305367 17.6366634 -0.422117293 0 0 0
v -1.28655851 17.1654243 -0.0725897104 1 0 0
v -2.19103861 17.1382828 -1.39974117 0 1 0
v -1.19638944 16.7893963 -0.952003002 1 1 0
v 3.40472007 12.9047108 -2.1843009 0 0 0
v 3.07427216 12.141943 -2.79109383 1 0 0
v 3.48708415 13.5635195 -2.75328016 0 1 0
v 3.02423263 12.8045111 -3.49514127 1 1 0
v 2.17360044 12.9083443 -2.45269895 0 0 0
v 1.88021839 12.5035238 -1.957268 1 0 0
v 1.42560983 13.5783844 -2.3450675 0 1 0
v 1.26501071 12.9921722 -1.68414009 1 1 0
v 0.949783683 12.4191065 -1.75158048 0 0 0
v 1.39841676 13.2548494 -1.82291329 1 0 0
v 0.697998285 12.731822 -0.978356063 0 1 0
v 1.21261203 13.4374475 -1.12563825 1 1 0
v 4.06490088 13.960393 3.0858171 0 0 0
v 3.47313499 14.9346027 3.27606654 1 0 0
v 3.12524605 13.2946329 3.40443778 0 1 0
v 2.51437497 14.4138107 3.60498452 1 1 0
v 3.32565427 13.2623482 3.32173634 0 0 0
v 2.9120481 13.9265823 3.31307387 1 0 0
v 2.91129589 12.8581114 3.76444936 0 1 0
v 2.3350482 13.3780432 3.86855531 1 1 0
v -2.47613811 14.386445 -3.31358266 0 0 0
v -3.20570707 15.1621819 -3.72001529 1 0 0
v -1.65081596 14.9785595 -3.86099625 0 1 0
v -2.45209861 15.7914391 -4.23357677 1 1 0
v -1.51298189 16.48349 1.3563 0 0 0
v -1.3759526 16.7752895 0.420174778 1 0 0
v -2.17069173 17.2518005 1.50632334 0 1 0
v -2.05486989 17.4279099 0.645518064 1 1 0
v -0.391124964 11.9336977 1.59611154 0 0 0
v -0.726399958 12.5213957 0.863880813 1 0 0
v 0.641964912 12.4538879 1.74811089 0 1 0
v 0.220145196 13.1821156 0.788135052 1 1 0
v 1.76107621 12.9751263 -0.934791803 0 0 0
v 1.18058956 12.1684189 -0.224876553 1 0 0
v 0.70337069 13.6186409 -0.922037363 0 1 0
v 0.00890751183 12.7977047 -0.243369192 1 1 0
v 2.88768435 12.6979332 -1.08878577 0 0 0
v 2.77440619 11.9596796 -0.598723173 1 0 0
v 2.04160023 13.0028753 -0.821042657 0 1 0
v 1.89568591 12.3007288 -0.387232751 1 1 0
v -2.32845116 16.2135639 -3.32545614 0 0 0
v -1.24560976 16.5974255 -3.34770036 1 0 0
v -1.91021132 15.5760498 -4.10490894 0 1 0
v -0.925400615 16.0356789 -3.99416542 1 1 0
v -2.42132878 15.6004124 1.94169366 0 0 0
v -1.87018788 15.9137697 2.86180353 1 0 0
v -1.87214124 16.6067295 1.36021137 0 1 0
v -1.40861988 16.8663712 2.40525103 1 1 0
v 0.781228065 13.5272741 -2.69406939 0 0 0
v 0.790791094 12.7018499 -1.82327116 1 0 0
v -0.395519763 13.115284 -3.16308403 0 1 0
v -0.350284785 12.4136524 -2.144382 1 1 0
v -1.33552909 12.1403875 2.83243275 0 0 0
v -1.60882604 11.699007 2.00987339 1 0 0
v -0.713107467 12.7471399 2.39471531 0 1 0
v -0.857450485 12.1963749 1.53448319 1 1 0
v 3.15957594 12.7819843 1.84919703 0 0 0
v 3.0237577 11.9037714 1.84902608 1 0 0
v 3.16522479 12.8393135 0.975228429 0 1 0
v 3.03621531 11.9660625 0.945282876 1 1 0
v 1.68881822 13.2492056 3.38024187 0 0 0
v 1.62668633 12.1507616 3.24886346 1 0 0
v 2.87727523 13.2148504 3.69916606 0 1 0
v 2.80197644 12.0240307 3.56756568 1 1 0
v -0.607324064 16.3097897 -0.926926732 0 0 0
v 0.0554450676 16.7247963 0.093409203 1 0 0
v -0.388208985 17.5063515 -1.59302711 0 1 0
v 0.256707728 17.9152546 -0.363438785 1 1 0
v 0.990209758 14.5985813 -3.73521495 0 0 0
v 1.01794207 15.2922659 -4.69581032 1 0 0
v 0.196698174 15.2328863 -3.14499021 0 1 0
v 0.0844643563 16.0164986 -4.13345242 1 1 0
v -2.48222184 12.7218704 -0.0526625812 0 0 0
v -2.28430223 12.2142601 0.874648631 1 0 0
v -2.25780582 13.576972 0.409167618 0 1 0
v -1.92665291 13.159462 1.2849263 1 1 0
v 0.453155994 11.7998981 3.76616454 0 0 0
v 1.30983257 12.3544054 4.44477797 1 0 0
v -0.557471275 12.1038904 4.54285145 0 1 0
v 0.363700241 12.7406273 5.23778152 1 1 0
v 0.102038741 12.358573 -2.88155293 0 0 0
v -0.363423437 13.3071871 -2.73147988 1 0 0
v 0.3509987 12.7973185 -3.89542556 0 1 0
v -0.165431812 13.6159515 -3.75129819 1 1 0
v -2.9664402 12.5942707 0.840774059 0 0 0
v -2.03088665 12.2968092 0.892250001 1 0 0
v -3.25846171 12.264719 1.74994171 0 1 0
v -2.38477015 11.9770241 1.86770952 1 1 0
v -1.67376983 17.1487923 -1.00239789 0 0 0
v -0.688804448 17.9429874 -0.621054173 1 0 0
v -0.775519192 16.7055206 -2.03874564 0 1 0
v 0.133528918 17.4187622 -1.54527271 1 1 0
v -0.783948004 12.7190695 -2.59214544 0 0 0
v -1.20442152 12.7181368 -1.94018435 1 0 0
v -1.42354214 12.9915752 -2.97017241 0 1 0
v -1.83270502 12.840004 -2.39267612 1 1 0
v 0.235646844 16.9231586 0.770568252 0 0 0
v 0.209853426 16.9867363 1.70824349 1 0 0
v 1.2749145 17.1377182 0.585821748 0 1 0
v 1.21270406 17.3944912 1.63367581 1 1 0
v 4.25568581 15.0773277 2.11070895 0 0 0
v 4.18955994 14.8476648 2.93898058 1 0 0
v 5.00959635 14.9963436 2.14284062 0 1 0
v 5.10498285 14.7371397 2.97190762 1 1 0
v 2.07143021 12.3854132 3.62265444 0 0 0
v 2.66738057 13.2352867 4.06710529 1 0 0
v 1.29071772 12.496954 4.50589037 0 1 0
v 2.01531291 13.349741 4.88280201 1 1 0
v 0.743217647 12.9298439 0.35604322 0 0 0
v 1.1479944 12.4799623 -0.440258354 1 0 0
v 1.4618907 12.7256737 0.821662664 0 1 0
v 1.93508792 12.375598 0.187573925 1 1 0
v 5.05902433 13.9710169 -0.217689484 0 0 0
v 5.25166035 14.2977571 0.544130385 1 0 0
v 4.45443392 13.4164076 0.0115140639 0 1 0
v 4.69241714 13.8126259 0.788508952 1 1 0
v 1.47327769 17.4101124 -0.0932314843 0 0 0
v 1.77884257 16.7331905 -0.227097094 1 0 0
v 0.812276363 17.2289028 -0.633501172 0 1 0
v 1.29945624 16.5187702 -0.88623029 1 1 0
v 0.945455551 12.1942587 0.651200414 0 0 0
v 1.70937765 12.8495188 0.402389735 1 0 0
v 1.25229669 12.1905899 1.60000753 0 1 0
v 1.87769628 12.8987589 1.39056742 1 1 0
v 1.54777992 17.0480824 2.21422744 0 0 0
v 0.875405669 16.1052113 1.70203793 1 0 0
v 0.831488192 16.9650307 3.24044371 0 1 0
v 0.220831603 16.1473522 2.6824789 1 1 0
v 1.41653097 12.7298727 1.5438633 0 0 0
v 1.93720114 11.8901682 1.01248491 1 0 0
v 2.30648685 12.9754019 2.15639043 0 1 0
v 2.76089001 12.0678606 1.65583909 1 1 0
v 3.93879747 15.2970724 3.32847714 0 0 0
v 3.11129308 15.7442503 2.79338121 1 0 0
v 3.35551143 14.2741365 3.60320377 0 1 0
v 2.59830618 14.6712265 2.85998178 1 1 0
v 4.28728008 15.6261616 1.47154593 0 0 0
v 5.10373688 15.3062029 1.46171451 1 0 0
v 4.43857479 15.413106 0.73351419 0 1 0
v 5.04041243 15.2025719 0.728730619 1 1 0
v -1.48005259 12.4338799 -2.64157104 0 0 0
v -0.891035736 13.2097349 -3.56134319 1 0 0
v -0.378373414 12.0148954 -2.1579535 0 1 0
v 0.364869356 12.8418541 -3.05618596 1 1 0
v 5.30095434 13.5583897 2.72876477 0 0 0
v 4.24370813 13.2114706 2.1316781 1 0 0
v 5.66734266 14.3475313 1.75087345 0 1 0
v 4.64057589 13.9688005 0.955670714 1 1 0
v -2.99316525 12.6411381 1.10945225 0 0 0
v -3.50798702 12.1748171 1.58655739 1 0 0
v -3.35003304 13.4636478 1.45967245 0 1 0
v -3.86086011 13.0017586 1.96863711 1 1 0
v 0.209975466 13.0649118 -1.61057663 0 0 0
v 0.166353285 12.8050194 -0.404488772 1 0 0
v -1.03647029 13.2517223 -1.57251513 0 1 0
v -1.06801283 13.0681896 -0.446096301 1 1 0
v 0.271778494 12.8578739 0.967722952 0 0 0
v 0.968572021 12.5738068 0.65988034 1 0 0
v 0.473310769 12.4117517 1.82601595 0 1 0
v 1.29515505 12.2483482 1.54299343 1 1 0
v -0.948040545 12.4197512 4.88994598 0 0 0
v 0.126118436 12.1049538 4.48373604 1 0 0
v -0.669146538 13.4996176 4.62540054 0 1 0
v 0.304532558 13.188961 4.17085743 1 1 0
v 3.77701283 15.5224609 -1.54514432 0 0 0
v 4.43157291 15.0215435 -0.743527651 1 0 0
v 4.7173233 16.2404003 -2.00817609 0 1 0
v 5.42099714 15.7043123 -1.10675275 1 1 0
v -1.6864109 12.218339 2.91590858 0 0 0
v -2.17418242 12.7831564 3.31961989 1 0 0
v -2.16227722 11.5136232 3.31954002 0 1 0
v -2.64386439 12.2384672 3.80418396 1 1 0
v 0.175934583 13.5233917 4.69588327 0 0 0
v -1.01700771 13.7568216 4.90296507 1 0 0
v -0.170897305 13.0929775 3.6028924 0 1 0
v -1.512905 13.2590599 3.89573193 1 1 0
v 1.7390821 14.0204792 4.87893534 0 0 0
v 0.426282376 14.0988731 4.64392805 1 0 0
v 1.36480486 13.2264557 5.75425482 0 1 0
v 0.10009966 13.1978159 5.5896163 1 1 0
v -0.696161509 15.0424919 3.66859412 0 0 0
v -0.468250692 15.9150686 3.80875969 1 0 0
v -1.27265704 15.1439381 3.25969911 0 1 0
v -1.27537167 16.029377 3.3832829 1 1 0
v -1.04533386 13.3760433 -4.37273932 0 0 0
v -1.91008687 12.3215094 -4.04846478 1 0 0
v -1.83354008 13.8413324 -5.23896551 0 1 0
v -2.67336845 12.9398966 -4.89006138 1 1 0
v 2.82637286 12.0298691 0.26815626 0 0 0
v 3.1367743 12.7281113 0.219543844 1 0 0
v 3.29682446 11.9135847 0.95001334 0 1 0
v 3.48993134 12.7442036 0.764577568 1 1 0
v -0.827316582 12.686718 4.12376308 0 0 0
v -0.706834018 11.7850943 3.04988623 1 0 0
v 0.504427791 12.3542757 4.57333231 0 1 0
v 0.524641931 11.4389582 3.50242043 1 1 0
v -0.135945365 12.3251553 0.010918973 0 0 0
v -0.809816182 12.5446539 0.392126322 1 0 0
v -0.154087797 13.0941172 -0.535341918 0 1 0
v -0.861842096 13.3520136 -0.0967238396 1 1 0
v -2.46272087 16.3043003 -0.270368755 0 0 0
v -3.21659613 16.7252045 -0.425647497 1 0 0
v -2.63275862 15.8085842 -1.07559061 0 1 0
v -3.24848962 16.4179611 -1.25941861 1 1 0
v 5.57066107 13.4326973 1.03811407 0 0 0
v 4.82597065 13.8494978 0.496487796 1 0 0
v 5.25633669 14.0253048 1.68269312 0 1 0
v 4.72804785 14.4609442 1.05205452 1 1 0
v 4.86129379 14.8546162 2.14950037 0 0 0
v 5.03970814 15.3775148 1.47514737 1 0 0
v 4.20462608 15.3516912 2.24828529 0 1 0
v 4.35354948 15.8771238 1.54453087 1 1 0
v -2.87009883 15.0822983 -2.73142672 0 0 0
v -3.21629357 14.2516289 -2.79247284 1 0 0
v -2.60611463 14.9195652 -1.84538221 0 1 0
v -2.93999195 14.040535 -2.02897835 1 1 0
v 1.00918496 15.4815397 3.05213284 0 0 0
v 0.734603286 16.7809544 3.41099286 1 0 0
v 0.115547821 15.0427732 3.80136013 0 1 0
v -0.185448915 16.2472324 4.0127759 1 1 0
v -1.3922857 15.0179806 4.09966803 0 0 0
v -0.839140892 15.1587429 2.83771038 1 0 0
v -2.41931701 15.7226591 3.75805044 0 1 0
v -1.81722343 15.8804922 2.50094795 1 1 0
v -1.50359249 15.1100826 -5.07496548 0 0 0
v -0.442436993 15.0912685 -4.43765354 1 0 0
v -1.28896654 14.0035067 -5.44857836 0 1 0
v -0.304248065 13.9611874 -5.01420784 1 1 0
v -2.27696872 14.5569477 4.27825975 0 0 0
v -1.08235478 14.8425388 4.17909431 1 0 0
v -2.33488774 14.4269161 2.9894042 0 1 0
v -1.11362648 14.5923834 2.97786283 1 1 0
v -3.21135759 14.3973656 -1.97047091 0 0 0
v -2.68284416 14.282279 -1.47730768 1 0 0
v -3.53725863 15.1974173 -1.54701746 0 1 0
v -2.7571137 15.0717154 -1.00322926 1 1 0
v 3.11515808 12.2156315 0.139431417 0 0 0
v 3.90104389 12.6494923 -0.877723098 1 0 0
v 4.07963276 12.7799444 0.911607385 0 1 0
v 4.78421307 13.2170887 -0.249370933 1 1 0
v -1.70568538 14.1701794 3.83348393 0 0 0
v -2.23266053 13.7677317 4.27515507 1 0 0
v -1.84094477 13.7116804 3.32497025 0 1 0
v -2.1996603 13.1317234 3.68010283 1 1 0
v 5.12870264 14.9398327 -2.32979465 0 0 0
v 5.48958778 14.1735344 -2.00021482 1 0 0
v 4.27416468 14.5661554 -2.48085999 0 1 0
v 4.59182644 13.8070068 -2.02946615 1 1 0
v 0.0424933061 17.4205704 -0.277003169 0 0 0
v -0.703029037 16.8171864 -0.355801404 1 0 0
v -0.304743469 17.6502571 0.729286551 0 1 0
v -0.96026659 17.0459824 0.492175758 1 1 0
v -1.62890577 17.0455227 0.581751347 0 0 0
v -1.40305638 17.4765472 1.48223543 1 0 0
v -0.544517994 16.8748169 0.339039266 0 1 0
v -0.409202933 17.3073769 1.26005971 1 1 0
v -2.13382554 16.3517475 -2.97747469 0 0 0
v -1.68295741 17.0985909 -3.30143619 1 0 0
v -1.35005367 15.7746468 -2.80466676 0 1 0
v -0.788921535 16.6946888 -3.04035568 1 1 0
v 0.210988119 13.7199812 -4.36496592 0 0 0
v -0.473723531 13.453474 -3.77315426 1 0 0
v -0.2537916 13.1577005 -5.11989069 0 1 0
v -0.848270059 12.9834118 -4.38740444 1 1 0
v 1.22150314 16.826437 -0.555233717 0 0 0
v 0.797083378 17.8480568 0.330586672 1 0 0
v 1.66099024 16.2464237 0.513740897 0 1 0
v 1.36355293 17.1667271 1.30290794 1 1 0
v -3.28497744 14.7042799 1.60714674 0 0 0
v -2.61281776 15.8381119 1.9253993 1 0 0
v -3.78604555 15.3840351 0.501728714 0 1 0
v -3.0988636 16.3574104 0.728434741 1 1 0
v -3.18419003 13.3307438 2.85053754 0 0 0
v -2.67936397 13.9318705 3.46765637 1 0 0
v -4.07240677 13.2044325 3.32819247 0 1 0
v -3.74139786 13.91189 4.06309223 1 1 0
v -0.172950462 16.9166718 -0.705827713 0 0 0
v 0.913450539 17.4316711 -1.33879972 1 0 0
v -0.806056559 16.7459869 -1.80455613 0 1 0
v 0.176857635 17.3166561 -2.52003002 1 1 0
v -3.56855392 13.2063408 3.68369365 0 0 0
v -4.57388687 13.5810938 3.30062437 1 0 0
v -3.1010623 13.2432089 2.5292778 0 1 0
v -4.0625658 13.747611 2.12351203 1 1 0
v 1.13569295 16.7685528 -3.29965878 0 0 0
v 0.655949712 15.9458427 -3.29901695 1 0 0
v 0.396623969 17.2049618 -2.64579296 0 1 0
v -0.0652298033 16.252285 -2.75686407 1 1 0
v -1.91654432 12.5320673 -3.58341098 0 0 0
v -1.7377286 12.7908297 -4.89822769 1 0 0
v -0.870568812 13.0109015 -3.43732262 0 1 0
v -0.664504528 13.3761244 -4.63878727 1 1 0
v 0.500369191 13.5462408 -1.97754645 0 0 0
v 0.453756005 13.4340219 -0.863488317 1 0 0
v 0.211501598 12.4462385 -2.10013819 0 1 0
v 0.131352186 12.5634413 -0.909155369 1 1 0
v 0.0497397184 16.8021183 -0.429095984 0 0 0
v 0.19101359 16.2409496 0.844277561 1 0 0
v 0.477995694 17.8687534 0.0892417952 0 1 0
v 0.756723166 17.3642693 1.18673646 1 1 0
v 4.40853262 13.003993 2.97684669 0 0 0
v 3.83683753 12.3388243 2.15248013 1 0 0
v 5.11083364 13.7252855 2.12680721 0 1 0
v 4.57573986 13.0976868 1.11444283 1 1 0
v 0.510445952 17.7764797 -0.129279777 0 0 0
v 0.582525909 16.9764137 0.464131474 1 0 0
v 0.597399235 17.3209782 -1.07772386 0 1 0
v 0.685015917 16.3727455 -0.440575272 1 1 0
v 2.02037001 12.9459438 -2.51990414 0 0 0
v 3.12833858 12.9199715 -2.13852954 1 0 0
v 1.6840992 12.5751448 -1.40597129 0 1 0
v 2.82540131 12.5612078 -0.995096803 1 1 0
v 0.855332434 16.2342491 2.26329541 0 0 0
v 0.245108411 16.2371807 1.24453032 1 0 0
v 0.214351162 17.3425446 2.50512743 0 1 0
v -0.34718433 17.2810993 1.52612531 1 1 0
v -3.55571008 15.5771446 -1.52525926 0 0 0
v -2.31700587 15.7332163 -1.49546599 1 0 0
v -3.37533283 14.985939 -2.72176766 0 1 0
v -2.19433427 15.3121796 -2.60419464 1 1 0
v 3.07542658 13.1684484 -3.3182714 0 0 0
v 2.24614286 13.0645819 -2.97200537 1 0 0
v 2.91170192 13.914465 -2.91714573 0 1 0
v 2.17000103 13.7362833 -2.69666815 1 1 0
v 4.51036549 12.8253613 -0.120922133 0 0 0
v 4.83620977 13.858511 0.420299947 1 0 0
v 4.72762012 12.3033657 0.71703589 0 1 0
v 5.12072086 13.2994175 1.16604793 1 1 0
v 1.6798104 16.886198 -1.06247234 0 0 0
v 2.15569162 15.7996378 -1.7072258 1 0 0
v 1.78537154 17.6371765 -2.14381576 0 1 0
v 2.25889373 16.6316166 -2.9092226 1 1 0
v -3.62485337 15.276722 1.43423426 0 0 0
v -3.51158261 14.2962227 0.699470282 1 0 0
v -4.14786577 14.7070284 2.44829988 0 1 0
v -4.06601048 13.6081429 1.77769279 1 1 0
v -4.62975025 13.1506929 2.71743512 0 0 0
v -4.45004702 12.818861 1.59791064 1 0 0
v -3.35594082 13.1859951 2.8491931 0 1 0
v -3.37533331 13.0585556 1.62450314 1 1 0
v 1.62710035 17.3464794 0.592012763 0 0 0
v 1.07308114 17.3519306 1.30929637 1 0 0
v 2.19827104 16.8839607 0.895065308 0 1 0
v 1.74401581 16.8715515 1.53703976 1 1 0
v -1.99218822 16.402914 -1.99701023 0 0 0
v -1.2236228 16.3678341 -3.02361631 1 0 0
v -2.89618111 16.0445347 -2.77716541 0 1 0
v -2.19051743 15.9715061 -3.77625656 1 1 0
v -3.43670177 16.3551044 -1.03730345 0 0 0
v -2.34343266 16.1555805 -0.953832269 1 0 0
v -3.28465343 16.0802174 -2.22181368 0 1 0
v -2.15202093 16.0300617 -1.99943435 1 1 0
v -2.39404964 14.589426 3.32185435 0 0 0
v -2.30836749 15.7809219 2.70705009 1 0 0
v -3.45301247 14.4247961 2.72342086 0 1 0
v -3.54063702 15.4140902 2.09002829 1 1 0
v -2.59499502 15.8809929 1.57238293 0 0 0
v -2.0353663 16.5808678 2.1199677 1 0 0
v -2.50135684 16.4365768 0.824499667 0 1 0
v -2.15005994 17.1038799 1.27047503 1 1 0
v -3.20247293 13.4322252 0.197328895 0 0 0
v -2.61271524 12.6099005 0.380006909 1 0 0
v -3.43452287 13.4282551 1.33361447 0 1 0
v -2.86697221 12.6047773 1.39366472 1 1 0
v 1.46731186 14.7149858 3.88124156 0 0 0
v 1.22822285 15.3240137 4.2160573 1 0 0
v 1.85377789 14.4905825 4.5344429 0 1 0
v 1.38826334 15.1623325 4.90634823 1 1 0
v 0.320578218 17.211401 -3.35442853 0 0 0
v -0.0465617552 16.1976738 -3.99579835 1 0 0
v -0.234858304 16.9440231 -2.19709277 0 1 0
v -0.819698155 15.8329411 -2.80145836 1 1 0
v 2.68665838 17.1590824 2.3363061 0 0 0
v 2.07494545 16.4850807 1.70374298 1 0 0
v 3.38910341 16.2956333 2.46197057 0 1 0
v 2.63972425 15.6770449 1.88395786 1 1 0
v 3.41634083 16.1800442 1.89228535 0 0 0
v 3.27661848 15.5009766 2.7276876 1 0 0
v 4.44476223 15.7727842 1.62139547 0 1 0
v 4.41732216 15.0652819 2.61081672 1 1 0
v -2.63178039 11.4133778 3.04206061 0 0 0
v -3.58726001 11.7550879 3.21992302 1 0 0
v -2.51558948 12.0838556 2.14644217 0 1 0
v -3.4857502 12.3999453 2.48356962 1 1 0
v -2.38470459 16.3427849 -3.94032121 0 0 0
v -2.43059826 15.1345797 -4.05231762 1 0 0
v -1.9558059 16.1164017 -2.8187089 0 1 0
v -1.96585548 14.8598957 -2.91048694 1 1 0
v 0.679818153 16.8000164 -1.1498121 0 0 0
v 1.87159896 16.9909306 -1.26705265 1 0 0
v 0.690013885 16.9683132 -2.37691379 0 1 0
v 1.83075178 17.0273571 -2.40836024 1 1 0
v -2.53528047 15.9276524 -2.92513275 0 0 0
v -3.27166629 15.9416342 -2.11702108 1 0 0
v -1.70300758 16.4505711 -2.35789108 0 1 0
v -2.42488837 16.3879738 -1.42383492 1 1 0
v 3.39477587 17.7673702 0.55772835 0 0 0
v 3.11907101 16.5716648 0.958663166 1 0 0
v 3.28656197 17.3198242 -0.609473765 0 1 0
v 3.07975674 16.03265 -0.251645267 1 1 0
v -1.21040034 15.621212 -3.79059052 0 0 0
v -0.738467991 16.3803406 -3.86634851 1 0 0
v -1.45746994 15.5521679 -4.6273613 0 1 0
v -0.958462656 16.2383881 -4.74639654 1 1 0
v -3.26745772 15.0234795 0.315660626 0 0 0
v -3.90746903 14.4587107 0.722039223 1 0 0
v -2.74141312 15.1832323 1.12995219 0 1 0
v -3.4384222 14.6983414 1.50723886 1 1 0
v -0.0292177796 15.2639017 -4.21198463 0 0 0
v 0.97350657 14.9107933 -4.80082989 1 0 0
v -0.00996338949 14.1911135 -3.67321563 0 1 0
v 1.00747645 13.9335585 -4.45540905 1 1 0
v -3.10804677 15.4079161 -2.25609565 0 0 0
v -2.10087061 15.6540146 -3.00022197 1 0 0
v -3.47793245 14.5711107 -2.92612815 0 1 0
v -2.42394042 14.650733 -3.76137471 1 1 0
v 4.26711845 12.5454845 -0.317389816 0 0 0
v 4.06519699 12.7234135 -1.27507496 1 0 0
v 4.84305716 13.3202658 -0.16788727 0 1 0
v 4.6786418 13.4009066 -1.14170885 1 1 0
v 4.14270496 16.2456608 -1.11246896 0 0 0
v 3.69675875 16.0955753 -0.448670864 1 0 0
v 4.90290928 15.638257 -0.725172997 0 1 0
v 4.28998804 15.6857901 0.0108542405 1 1 0
v 3.20603347 16.9673138 0.939785361 0 0 0
v 3.48598313 16.4173622 1.48317623 1 0 0
v 3.70826602 16.8741417 0.295189977 0 1 0
v 4.10529184 16.3712769 0.916390896 1 1 0
v -2.63875842 13.6379738 3.04049158 0 0 0
v -2.52133393 13.2395983 3.71033406 1 0 0
v -2.93931174 14.1756401 3.56284785 0 1 0
v -2.86525464 13.84062 4.27837276 1 1 0
v -2.1253345 13.1440544 -2.55870676 0 0 0
v -2.32238221 13.0027161 -1.61023629 1 0 0
v -2.8676734 13.6537285 -2.55948615 0 1 0
v -3.06537795 13.5895405 -1.62607932 1 1 0
v -1.62823153 12.4731035 -3.78929472 0 0 0
v -1.99436069 13.1794624 -2.97513938 1 0 0
v -2.24603677 12.97892 -4.37052441 0 1 0
v -2.42524266 13.6044111 -3.68253922 1 1 0
v -0.327377081 17.2588005 -2.16823101 0 0 0
v -0.882307231 16.5315876 -2.33767295 1 0 0
v -0.947075486 17.5536423 -1.52376187 0 1 0
v -1.6458075 16.9080429 -1.9357847 1 1 0
v -0.96072042 12.8659849 -4.81332684 0 0 0
v -0.68882513 13.6036062 -5.84132004 1 0 0
v -0.739031971 13.9704304 -3.99877262 0 1 0
v -0.53425473 14.6671886 -5.00110435 1 1 0
v -3.32009125 12.57617 3.30066419 0 0 0
v -4.2687993 12.4862642 3.23848772 1 0 0
v -3.18297386 12.7627478 2.31499481 0 1 0
v -4.07568836 12.492178 2.31470752 1 1 0
v -1.03840959 15.0998964 -4.07106781 0 0 0
v -1.36558223 14.4238358 -4.866014 1 0 0
v -1.60964775 15.964488 -4.56829453 0 1 0
v -1.91765213 15.3229017 -5.4440279 1 1 0
v 0.685576379 15.1642103 3.11507511 0 0 0
v 1.18952692 14.588357 4.16898298 1 0 0
v 1.0667541 16.3109417 3.39347553 0 1 0
v 1.68787289 15.8523331 4.56042528 1 1 0
v -1.51004863 13.1024609 -2.10161662 0 0 0
v -0.597652793 12.8492966 -2.01335907 1 0 0
v -1.49887955 13.1636391 -1.11873877 0 1 0
v -0.529498041 12.996809 -1.15318954 1 1 0
v -2.02466226 15.3652754 -3.95569873 0 0 0
v -1.67361438 15.0541019 -4.69200087 1 0 0
v -2.81935954 15.0459404 -4.22942019 0 1 0
v -2.49873757 14.5207539 -5.0292387 1 1 0
v -0.51649189 12.0449629 2.69538689 0 0 0
v -0.861837864 12.5745869 1.95261383 1 0 0
v 0.326321989 11.9382362 2.12950492 0 1 0
v -0.0869458169 12.5538454 1.34747112 1 1 0
v -2.25299907 12.4612675 3.46235442 0 0 0
v -3.17177677 13.0599136 3.45169902 1 0 0
v -2.84159994 11.5194254 3.27572513 0 1 0
v -3.793818 12.0674257 3.25996661 1 1 0
v -0.657194793 13.7847042 -5.01094341 0 0 0
v -0.150504187 14.6648922 -5.3293128 1 0 0
v -0.0283358544 13.4877682 -4.21005583 0 1 0
v 0.617022038 14.57547 -4.4810648 1 1 0
v 4.51011324 14.1654739 -1.17909551 0 0 0
v 4.86900234 13.497344 -1.33834541 1 0 0
v 5.0861125 14.6292753 -1.73260295 0 1 0
v 5.48487425 13.7733898 -1.72383523 1 1 0
v -1.21191025 14.129118 -4.73412561 0 0 0
v -2.01039815 14.064888 -5.26187658 1 0 0
v -1.40721345 14.9125023 -4.46708584 0 1 0
v -2.22517419 14.8458061 -4.93060064 1 1 0
v 1.39677572 11.879838 2.44771624 0 0 0
v 2.41761279 12.2759867 1.98774517 1 0 0
v 1.57296145 12.6872053 3.33699822 0 1 0
v 2.47270823 13.0928097 2.71507692 1 1 0
v 4.79660177 13.6698704 -1.31532514 0 0 0
v 4.88643551 14.3727026 -0.751498103 1 0 0
v 4.65492344 13.0856438 -0.453644633 0 1 0
v 4.86717606 13.9125366 -0.0281128846 1 1 0
v -2.54192781 13.0694418 -0.722162724 0 0 0
v -3.18380308 13.58778 -1.24491692 1 0 0
v -1.6894058 13.3169537 -1.27872801 0 1 0
v -2.42429376 13.7862129 -1.89133811 1 1 0
v -0.663291454 14.3123064 -5.15121508 0 0 0
v -0.783448875 13.2248926 -4.58025742 1 0 0
v -1.92765462 14.4353781 -5.23758173 0 1 0
v -2.02519202 13.3755264 -4.5362258 1 1 0
v 2.77766538 17.4384308 -0.267356157 0 0 0
v 2.27510214 16.5433769 -0.328962207 1 0 0
v 1.99840975 17.7880592 0.211567163 0 1 0
v 1.54992795 16.9629459 0.123528033 1 1 0
v -0.402379572 14.4872761 5.34369659 0 0 0
v 0.114690378 13.4256134 5.13355446 1 0 0
v 0.411803544 15.065196 4.96867085 0 1 0
v 0.968119681 14.0484715 4.55628538 1 1 0
v -3.15762806 14.5760994 -0.634320796 0 0 0
v -2.74029732 13.5072765 -0.394305587 1 0 0
v -3.28518391 14.5786905 0.551796257 0 1 0
v -3.04844546 13.5479946 0.684697449 1 1 0
v 4.33624506 14.092905 -0.637111425 0 0 0
v 4.76761198 14.6755419 -1.51454127 1 0 0
v 5.30243063 14.3504162 -0.0709832311 0 1 0
v 5.71599388 14.7988749 -1.064412 1 1 0
v -2.66706157 13.1604538 -2.33695316 0 0 0
v -2.53806543 13.5874109 -3.3745153 1 0 0
v -1.79873061 12.5722103 -2.46182513 0 1 0
v -1.77411234 12.8990345 -3.37540007 1 1 0
v -2.25998259 12.3387232 -3.60005379 0 0 0
v -1.14661407 12.6473722 -4.10377884 1 0 0
v -1.76141 12.8286114 -2.41267943 0 1 0
v -0.503299177 13.1529303 -2.97476006 1 1 0
v -2.12310028 17.5109463 0.940168321 0 0 0
v -2.02700949 17.2228374 -0.106432602 1 0 0
v -2.81306314 16.511282 1.19290733 0 1 0
v -2.56570125 16.2665768 0.0402442627 1 1 0
v 5.02538872 15.0920038 1.30675626 0 0 0
v 4.59770489 14.2514744 1.02120864 1 0 0
v 5.40605783 15.1929541 0.56261301 0 1 0
v 5.24099255 14.3742123 0.261705667 1 1 0
v 1.14586627 15.1224728 -2.89822507 0 0 0
v 1.81039131 15.7181149 -2.19003463 1 0 0
v 1.59239745 15.7241793 -3.80194426 0 1 0
v 2.22584009 16.3289413 -3.06523013 1 1 0
v -2.41316843 13.4476986 -2.59639382 0 0 0
v -1.1594758 13.3404932 -2.44447637 1 0 0
v -2.65077662 12.8210983 -1.37844348 0 1 0
v -1.30468464 12.7654848 -1.30925167 1 1 0
v 2.23202848 17.0111027 -0.763196945 0 0 0
v 2.64540458 17.0931683 0.0004369542 1 0 0
v 2.81776738 16.5858784 -1.2522645 0 1 0
v 3.29003024 16.7626305 -0.398348719 1 1 0
v 5.18041468 14.2129135 2.36059356 0 0 0
v 5.41424322 13.9911194 1.4177376 1 0 0
v 5.16635895 15.1508713 1.94283855 0 1 0
v 5.17729664 14.9029112 1.05088902 1 1 0
v 0.228270888 12.2605047 -1.94001901 0 0 0
v -0.90722692 12.2148905 -1.87978196 1 0 0
v 0.114587665 13.5038862 -2.01190948 0 1 0
v -1.15500045 13.4862909 -1.87665737 1 1 0
v -2.24669504 13.6965809 -1.44833219 0 0 0
v -1.68223703 12.8306198 -1.73182154 1 0 0
v -1.63389099 13.7668896 -0.486172169 0 1 0
v -1.17652035 12.891324 -0.734178007 1 1 0
v -0.915523052 13.368391 -5.41900778 0 0 0
v -0.914950132 13.5328264 -4.47090626 1 0 0
v -1.03501332 12.4110804 -5.23057032 0 1 0
v -1.05627215 12.6507292 -4.43783808 1 1 0
v 1.88568532 16.9501705 0.0523576587 0 0 0
v 1.76965594 17.2668037 1.26607823 1 0 0
v 3.00275111 17.281456 0.148833275 0 1 0
v 2.82158184 17.3975525 1.19039094 1 1 0
v -3.24462843 12.9555798 -2.50048041 0 0 0
v -3.2390728 14.1360874 -1.94016671 1 0 0
v -2.31163788 13.3705864 -3.288692 0 1 0
v -2.29725003 14.5443487 -2.78250194 1 1 0
v 3.2010448 16.402771 -2.12970877 0 0 0
v 2.24693847 15.9143763 -1.45205522 1 0 0
v 3.0646143 17.4624271 -1.51504266 0 1 0
v 2.06522727 16.9386063 -0.734007299 1 1 0
v 3.42997146 15.9320059 1.94918394 0 0 0
v 3.08191323 16.467083 2.76602125 1 0 0
v 3.09739041 15.1317425 2.25948715 0 1 0
v 2.87098789 15.649724 3.11808109 1 1 0
v 2.4114356 17.1363354 -1.60775793 0 0 0
v 1.44465494 17.2924232 -1.529392 1 0 0
v 2.38636041 16.585844 -0.662409782 0 1 0
v 1.41218066 16.6952038 -0.688908637 1 1 0
v -3.27379203 14.1550751 -3.34518504 0 0 0
v -2.82330823 13.8245668 -2.74609184 1 0 0
v -2.7441113 14.8335457 -3.53601098 0 1 0
v -2.36224556 14.5760908 -2.80770326 1 1 0
v -1.9830097 13.4545469 -3.06949806 0 0 0
v -3.08520937 13.7190313 -2.78549767 1 0 0
v -2.32622194 13.3138065 -4.13072109 0 1 0
v -3.29532576 13.6265345 -3.73518014 1 1 0
v -2.00379992 13.0871201 -4.66225863 0 0 0
v -3.15635633 12.7171412 -4.21782112 1 0 0
v -1.87796223 14.2858162 -4.13107491 0 1 0
v -3.08448291 14.1104431 -3.79871345 1 1 0
v 3.24927902 15.9676924 1.47913909 0 0 0
v 4.30524731 15.024663 1.09012437 1 0 0
v 4.12314796 16.957243 1.36698401 0 1 0
v 4.99598169 16.0466366 1.05362916 1 1 0
vn -0.00669027073 0.115376353 -0.993299246
vn 0.957231641 -0.0503913313 -0.284900427
vn 0.581588507 -0.102831498 0.806957662
vn -0.549034476 0.0180140045 0.835605621
vn -0.95781821 0.154802501 -0.242116779
vn -0.0185757633 -0.0137138236 -0.999733388
vn 0.942825317 -0.0578258075 -0.328232765
vn 0.613745153 0.0177428406 0.789304733
vn -0.553138554 0.109445214 0.825868964
vn -0.954291105 0.0905859023 -0.284820557
vn -0.0192562025 -0.0313003659 -0.999324501
vn 0.943262279 -0.0194996186 -0.331475794
vn 0.616826475 0.0592359193 0.784867048
vn -0.554082692 0.0975171179 0.826730192
vn -0.957984507 0.0414122418 -0.28381449
vn -0.0210992061 -0.0416229181 -0.998910546
vn 0.941352308 0.0266697779 -0.336369812
vn 0.616497099 0.0987260714 0.78114301
vn -0.555978537 0.0760720596 0.827708244
vn -0.959445059 -0.0115305288 -0.281659782
vn -0.0407413803 -0.0332943723 -0.998614848
vn 0.934578836 0.0142759057 -0.355469525
vn 0.612429082 0.0522770435 0.788795114
vn -0.574505627 0.0281268582 0.818017185
vn -0.958022535 -0.0259662364 -0.285514593
vn 0.967015207 -0.238400534 0.0897035226
vn 0.467179716 -0.250010967 0.848078728
vn 0.521603763 -0.228460386 -0.82203126
vn -0.473070562 -0.178637952 -0.862724006
vn -0.973413646 -0.177347675 -0.144960776
vn -0.568834007 -0.275207132 0.775041163
vn 0.537482977 -0.216965795 -0.814885199
vn -0.0850165561 0.978264511 0.189131916
vn 0.584430337 0.174162954 -0.79253298
vn 0.522460282 -0.216313928 0.824768782
vn 0.515402019 0.131099403 0.846861184
vn -0.978799999 -0.0997982845 -0.178860083
vn -0.962709725 0.227870688 -0.145825192
vn -0.952203989 0.257636458 -0.164106295
vn -0.45942539 -0.00393112004 -0.888207734
vn -0.598836958 0.052525539 0.799146652
vn 0.311193794 -0.377464473 0.872169197
vn 0.775342584 -0.6042642 0.183599293
vn 0.442996889 -0.508255363 -0.738532543
vn -0.634350181 0.0370086581 0.772159457
vn 0.389675856 0.839174032 -0.379393727
vn -0.434331894 0.464169234 0.771947265
vn -0.486162245 0.123147316 -0.865147889
vn 0.819428205 -0.525975049 0.227788642
vn 0.957939327 -0.201204181 0.204619423
vn 0.28826797 -0.0501977839 -0.956233144
vn -0.262868196 -0.0349052846 0.964200139
vn 0.9481861 -0.0996339321 -0.301689029
vn 0.642346323 -0.0829539821 0.761911988
vn -0.900288999 -0.276452541 0.33623457
vn -0.601859987 -0.282708883 -0.746887028
vn 0.182207599 0.486209601 -0.854634702
vn -0.299248844 0.499345422 0.813083172
vn 0.0530824512 -0.0579157099 -0.99690932
vn -0.0226009153 -0.0684402585 0.997399151
vn 0.74855864 -0.449775547 -0.487198144
vn 0.69081825 -0.452533245 0.56390053
vn -0.821933806 0.111754879 0.558511853
vn -0.814649165 0.121530712 -0.567077577
vn 0.135104477 0.429421902 -0.892940998
vn 0.0679495037 0.40420866 0.912139416
vn 0.442927569 -0.0449326709 -0.895430684
vn -0.425930679 -0.0788575262 0.901312709
vn 0.928404331 0.342327297 -0.144490555
vn 0.408441633 0.309222013 0.858811438
vn -0.719989002 -0.646957517 0.251121134
vn -0.270307153 -0.64231497 -0.717192829
vn 0.145586327 0.423136979 -0.894292891
vn -0.610208988 0.368950009 0.701085567
vn -0.559339881 -0.106072389 0.822123826
vn 0.541865528 0.0358883813 -0.839698672
vn -0.944195271 0.311382383 0.107406862
vn -0.352123648 0.403946489 -0.844296277
vn 0.765652061 -0.618989527 -0.175010905
vn 0.13792184 -0.678925216 0.721136689
vn -0.237668574 0.330785066 0.913287938
vn 0.691590786 0.488686889 -0.531871617
vn -0.0621056668 -0.0145403026 -0.997963667
vn 0.0544679686 -0.08875449 0.994563222
vn 0.769702673 -0.201095805 -0.605902851
vn 0.825556755 -0.255697668 0.503065407
vn -0.79456979 -0.170055166 0.582872331
vn -0.847233772 -0.127100959 -0.51579088
vn -0.0297585856 0.486747801 -0.873035491
vn 0.0790530443 0.420660943 0.903767169
vn -0.560066164 -0.0815607905 0.824423373
vn 0.523664236 -0.051160872 -0.850387216
vn -0.740648568 0.641897261 0.198513091
vn -0.108307339 0.642151356 -0.758888066
vn 0.483866692 -0.810730696 -0.329528153
vn -0.075344786 -0.833863378 0.546804368
vn -0.204141766 0.227478996 0.952144682
vn 0.779425204 0.249477863 -0.574679971
vn 0.672866046 -0.215983331 0.707532763
vn -0.692161262 0.120574445 -0.711600006
vn -0.0429586843 0.341864675 0.938766778
vn -0.840651155 0.534141481 0.0894339979
vn -0.168394893 -0.626225054 -0.76123929
vn 0.574503779 -0.818481982 0.00571159786
vn 0.873708904 0.252236038 0.415944278
vn -0.263127089 0.53887105 -0.800238848
vn -0.0336291306 0.0950618163 -0.994903207
vn 0.00525405444 -0.183114216 0.983077526
vn 0.715693831 -0.278378755 -0.640537024
vn 0.776871502 -0.430090249 0.45988369
vn -0.834427774 -0.0714052618 0.546471894
vn -0.837870002 0.077791512 -0.540298402
vn 0.0918770432 0.558593273 -0.824337363
vn 0.130022794 0.33902216 0.93175
vn 0.667765856 0.0041080988 0.744360149
vn -0.706269264 -0.137661889 -0.694429994
vn 0.0781001821 0.73010385 0.67885834
vn -0.721898258 0.674849451 -0.153104708
vn -0.232453585 -0.890108466 -0.392010391
vn 0.478535175 -0.800561309 0.36070168
vn 0.894694328 0.240483761 0.376416713
vn -0.337547541 0.128781691 -0.932457507
vn 0.97657901 -0.0538586974 0.208308756
vn 0.338383168 0.144037262 0.929919422
vn 0.638608515 -0.393561363 -0.661278069
vn -0.277873248 -0.542442083 -0.792807043
vn -0.922803164 -0.357733339 -0.143042654
vn -0.650431037 -0.017225625 0.75936991
vn 0.648795247 -0.350510061 -0.675431311
vn 0.00696497597 0.999914706 0.0110416738
vn 0.633402288 0.0158505198 -0.773660362
vn 0.334377944 0.217517287 0.916993737
vn -0.934978724 -0.321315438 -0.15023689
vn -0.968922377 0.0447098576 -0.243291065
vn 0.381660134 0.0124092577 0.924219429
vn -0.363755226 -0.105962247 -0.92544812
vn -0.518811822 0.213117495 0.827898085
vn -0.966635346 0.148652047 -0.208611399
vn 0.475553304 -0.519045174 -0.710240245
vn 0.848824978 -0.448631376 0.279689223
vn 0.462619871 0.47462669 0.748807251
vn -0.247655496 0.374151438 -0.893687546
vn 0.0756155849 -0.11045631 -0.991000295
vn -0.0626223907 0.00567774987 0.998021245
vn 0.8847996 -0.0196383875 -0.465557903
vn 0.795894384 0.0565548837 0.602788329
vn -0.813514054 -0.288191378 0.505114317
vn -0.745580792 -0.350363225 -0.566881776
vn -0.0080618402 0.311318696 -0.950271368
vn -0.125905186 0.421576232 0.898009598
vn 0.46812728 0.000635741977 0.883660853
vn -0.47948578 -0.134138912 -0.867237091
vn -0.34494549 0.479137897 0.807117999
vn -0.894219041 0.410680145 -0.178084448
vn 0.203163445 -0.738735855 -0.642646074
vn 0.695012033 -0.66299057 0.278211683
vn 0.648226976 0.375407338 0.662473559
vn -0.216099024 0.256941915 -0.94195652
vn 0.902145207 -0.0822299644 -0.423523754
vn -0.897973299 -0.0137932263 0.439833909
vn 0.839597523 0.406295598 0.360554785
vn -0.166092873 0.463907748 0.870173991
vn -0.704322338 -0.67170018 -0.229671448
vn 0.261241823 -0.691861749 -0.673112273
vn 0.712635577 0.3135885 -0.627545059
vn -0.919103026 0.369845152 0.135883316
vn 0.099404186 -0.11160937 -0.988767982
vn -0.113061175 0.0092811631 0.993544638
vn 0.873385549 -0.126498491 -0.470314413
vn 0.776283741 -0.0572121851 0.627782166
vn -0.867410541 -0.219036654 0.446790636
vn -0.72203058 -0.283914179 -0.630923629
vn 0.0627356172 0.371543974 -0.926293254
vn -0.136547551 0.49319762 0.85913372
vn 0.778383851 -0.288692892 -0.557471871
vn -0.750388384 0.202278763 0.629285753
vn 0.891686976 0.452314734 -0.0174841844
vn 0.0362538621 0.741920888 0.669506669
vn -0.681836843 -0.667963088 0.298200905
vn 0.154081702 -0.92496103 -0.347427785
vn 0.45376879 0.0358338319 -0.890398741
vn -0.876829982 0.465823293 0.119070679
vn -0.297119141 0.0168531276 -0.954691708
vn 0.265028328 -0.124031149 0.956230164
vn 0.598847568 0.172231019 -0.782124043
vn 0.947341502 0.0954296142 0.305675179
vn -0.543815434 -0.512451172 0.664574087
vn -0.83231926 -0.427428722 -0.352915436
vn -0.372802168 0.507174611 -0.777040899
vn 0.141406894 0.383360535 0.912709534
vn 0.138674945 -0.125464469 -0.982358396
vn -0.116740674 0.000914410572 0.993162036
vn 0.822285891 -0.409081995 -0.395598114
vn 0.663549006 -0.338930517 0.666954994
vn -0.882150531 0.00850780588 0.470890731
vn -0.757964909 -0.0471176021 -0.650591433
vn 0.176073909 0.433024377 -0.884018004
vn -0.0405925922 0.519258678 0.853652656
vn -0.468135953 -0.135835543 -0.873153687
vn 0.488438725 0.00218606624 0.872595489
vn 0.326084077 0.38726148 -0.862379014
vn 0.87605238 0.46791783 0.116555162
vn -0.169795617 -0.650553465 0.740236223
vn -0.668340921 -0.722319186 -0.177694768
vn -0.655997336 0.254095614 -0.710705996
vn 0.22280322 0.379098237 0.898133278
vn 0.292772949 0.309588313 -0.904676318
vn 0.989280581 0.0243286919 -0.143985629
vn -0.548293114 0.0519702919 -0.834669769
vn -0.855623901 -0.514960468 -0.0521860197
vn -0.235211954 -0.679825544 0.694631159
vn 0.582060754 -0.474130392 0.66061002
vn -0.528258204 0.253562093 -0.810339093
vn -0.224850506 0.958850682 0.173342958
vn 0.956956446 0.159549102 -0.242442429
vn -0.211944863 -0.580751061 0.786007345
vn -0.316095203 -0.129379272 0.939864218
vn 0.0218726955 -0.0358595587 -0.999117494
vn 0.00583870057 -0.113142572 0.993561566
vn 0.797420204 -0.239732251 -0.553759336
vn 0.817893267 -0.261429131 0.512548029
vn -0.847064734 -0.110969365 0.519776165
vn -0.805755138 -0.0841536149 -0.586239576
vn 0.00537479622 0.463392943 -0.886136591
vn 0.032168299 0.437645048 0.898572206
vn -0.285812676 0.047493346 0.957107842
vn 0.281005949 -0.154319033 -0.947217703
vn -0.906900644 0.31429112 0.280628383
vn -0.602040052 0.220234096 -0.767492473
vn 0.773328364 -0.581916094 -0.251668274
vn 0.461798728 -0.47350049 0.750026107
vn -0.115403146 0.431167841 0.894861102
vn 0.410145581 0.24776651 -0.877719939
vn -0.13872239 -0.0844726264 -0.986721992
vn 0.117663734 -0.0325337872 0.992520392
vn 0.742245197 0.189427182 -0.642798126
vn 0.860805035 0.207492217 0.464716733
vn -0.612115026 -0.472205937 0.634300232
vn -0.763740838 -0.50599879 -0.400830537
vn -0.228759736 0.361413896 -0.903907657
vn -0.00244816253 0.396916091 0.917851686
vn -0.509470165 -0.140672535 -0.848911822
vn 0.528985023 0.0528261736 0.8469854
vn 0.20409961 0.463974148 -0.862015903
vn 0.801019371 0.587613463 0.114360556
vn 0.013647262 -0.71550715 0.698472083
vn -0.54048866 -0.812775493 -0.217412069
vn -0.761608541 0.269655257 -0.589269519
vn 0.0922163874 0.406830579 0.908837199
vn 0.0365743227 0.0497694835 -0.998090804
vn -0.0482190922 -0.14709802 0.987945855
vn 0.835584521 0.0203467887 -0.548984945
vn 0.801969707 -0.088337943 0.590797067
vn -0.75174278 -0.446597189 0.485215068
vn -0.718950152 -0.324163347 -0.614840448
vn -0.03708205 0.598522663 -0.800247252
vn -0.113967307 0.429916143 0.895646989
vn -0.547348559 -0.319998384 -0.773311496
vn 0.619475782 0.249030322 0.744468749
vn -0.167319149 0.505775869 -0.846283078
vn 0.520993292 0.853311181 0.020638993
vn 0.488810986 -0.652259886 0.579327881
vn -0.153404012 -0.954369783 -0.256213844
vn -0.930504739 -0.0900027007 -0.355049908
vn 0.0203278605 0.389564991 0.920774639
vn -0.947660267 -0.0526610799 0.314907819
vn 0.939882696 -0.0346219502 -0.339737773
vn -0.757226586 0.455231816 -0.468371481
vn 0.319329977 0.461251736 -0.827813447
vn 0.66703862 -0.711182177 0.221989796
vn -0.35087961 -0.729497612 0.587125957
vn -0.729958355 0.362468183 0.579463243
vn 0.933505416 0.356580794 0.0376529023
vn -0.215962097 0.144911021 -0.96558857
vn 0.256377041 -0.260540605 0.930800438
vn 0.669115901 -0.0218198672 -0.742837608
vn 0.929739118 -0.230115205 0.287458003
vn -0.651010156 -0.339880079 0.678724766
vn -0.915050209 -0.111058936 -0.387748718
vn -0.231428057 0.605245769 -0.761655152
vn 0.180883408 0.251452953 0.95081687
vn -0.935718298 -0.117717728 0.332526386
vn 0.928033829 -0.039597217 -0.370385259
vn -0.762218416 0.609174848 -0.218927428
vn 0.346963644 0.675735295 -0.650383174
vn 0.565486848 -0.823521674 -0.0451288372
vn -0.406153142 -0.857585311 0.315574288
vn -0.695553362 0.232922226 0.679671049
vn 0.94684571 0.313749433 0.071025461
vn -0.834615886 -0.429994375 -0.344268829
vn -0.541701853 -0.646368027 0.53737092
vn 0.40458563 -0.755717397 0.514977455
vn 0.697666585 -0.607090235 -0.380398095
vn -0.068450287 -0.405737758 -0.911422789
vn -0.134502128 0.977901936 -0.160052747
vn 0.176315024 0.721471846 0.669620156
vn 0.834925473 0.0789434388 0.544671893
vn 0.928051054 -0.0620051436 -0.367255569
vn 0.333936751 0.492418826 -0.803747475
vn -0.902869046 0.41485709 -0.112788111
vn -0.450512201 0.577317178 0.680987179
vn 0.442010552 0.762925804 0.47177425
vn 0.535757661 0.7176494 -0.444907874
vn -0.29759419 0.503729284 -0.810983777
vn -0.784228265 0.610366642 -0.111528702
vn -0.30968979 0.656224132 0.688085794
vn 0.591400623 0.642942905 0.486692846
vn 0.67837441 0.592168689 -0.434907466
vn -0.173630968 0.5710603 -0.80233562
vn -0.890318871 -0.39424783 -0.227817684
vn -0.870629907 0.272151053 0.409801632
vn -0.305778503 0.946336091 0.104630165
vn 0.0185147468 0.692739487 -0.720950186
vn -0.342412055 -0.135779276 -0.929686964
vn -0.291221648 0.935644805 -0.199396014
vn -0.0243601482 0.749610305 0.661431074
vn 0.748460352 0.237868443 0.619052291
vn 0.955796599 0.10682185 -0.273937732
vn 0.318302989 0.537813663 -0.780666173
vn -0.955032706 0.218463317 -0.200465411
vn -0.673331082 0.294961452 0.677954972
vn 0.149743825 0.719525933 0.678129196
vn 0.374757349 0.906646132 -0.193777025
vn -0.312712938 0.596569955 -0.739131153
vn -0.495380938 0.863232732 0.0970928967
vn -0.161113188 0.479676038 0.86252743
vn 0.705203056 0.186430171 0.684055865
vn 0.898818552 0.395062298 -0.189871252
vn 0.158780187 0.815717041 -0.556232452
vn 0.300456047 0.812771678 0.499127567
vn 0.0474997424 0.06409771 0.996812582
vn 0.419267863 -0.680912912 0.600476563
vn 0.90587765 -0.400440663 -0.137960225
vn 0.828220844 0.524125993 -0.198348448
vn -0.0670281202 0.981987298 -0.176658511
vn 0.0159558281 0.716632962 0.69726795
vn 0.671250224 0.0633975118 0.738514602
vn 0.990381479 -0.0742229149 -0.116771236
vn 0.539223075 0.492541254 -0.683111668
vn -0.846480489 0.448964089 -0.286185384
vn -0.729272068 0.298793167 0.615536392
vn 0.132229 0.536336482 0.833581805
vn 0.549753428 0.832514703 0.0684870631
vn -0.059432216 0.779592454 -0.623460889
vn -0.524180233 0.67351222 -0.521168113
vn -0.119934946 0.957363427 0.262813091
vn 0.736716151 0.614364564 0.282498717
vn 0.863723874 0.111699447 -0.491430819
vn 0.0862888768 0.149579883 -0.984977126
vn -0.017397562 0.430320799 -0.902508378
vn 0.627091944 0.712943196 -0.313795567
vn 0.995132089 -0.0400180407 0.0900598168
vn 0.572198391 -0.780824482 -0.250803053
vn -0.0534188971 -0.494285464 -0.867656827
vn -0.558808088 0.772329748 -0.302060068
vn -0.292660773 0.764126182 0.574857295
vn 0.602306604 0.523730457 0.602439284
vn 0.885894299 0.380016118 -0.266043305
vn 0.175966606 0.535704732 -0.825866878
vn -0.962730467 0.0212051049 -0.269630164
vn -0.750920892 0.302558631 0.587006032
vn 0.00297551905 0.846434891 0.532483995
vn 0.250562519 0.902753532 -0.34964928
vn -0.350914687 0.391534597 -0.850623071
vn -0.667407274 0.640067935 -0.380631655
vn -0.407430649 0.761981964 0.503372431
vn 0.510928988 0.662597597 0.547645807
vn 0.823113024 0.474836946 -0.311471909
vn 0.0949305594 0.46160078 -0.881993771
vn -0.0241249073 0.722827852 -0.690606833
vn 0.378837258 0.918100238 0.116508715
vn 0.915413618 0.190029129 0.354833394
vn 0.837037027 -0.452252537 -0.307955563
vn 0.259240806 -0.125373155 -0.957640827
vn -0.441226006 0.894824266 -0.0678902641
vn -0.0521214753 0.669295669 0.741165757
vn 0.77118212 0.289253056 0.567107439
vn 0.894414723 0.281872004 -0.347232759
vn 0.145888522 0.657105088 -0.739546776
vn -0.986935377 0.0921263024 -0.132178992
vn -0.636484504 0.367375553 0.678175867
vn 0.139129385 0.851337969 0.505832732
vn 0.263025641 0.876419306 -0.403369218
vn -0.436796933 0.406889051 -0.802277803
vn -0.857407153 0.410119921 -0.310893178
vn -0.394961685 0.841273725 0.369139463
vn 0.50205487 0.853166163 0.141592413
vn 0.59446007 0.434867561 -0.676393032
vn -0.249232888 0.159335852 -0.955246091
vn -0.885029912 -0.465172708 -0.0183362737
vn -0.88462007 0.4584198 -0.0854326412
vn -0.217480019 0.702518642 -0.677620828
vn 0.194869637 -0.0732584223 -0.978089511
vn -0.216457993 -0.7925753 -0.570061624
vn -0.165066406 0.963730335 -0.20970647
vn 0.0957875103 0.752270758 0.651853859
vn 0.788487315 0.135989517 0.59982878
vn 0.954240143 -0.0337674655 -0.297128677
vn 0.368473262 0.477171451 -0.797831357
vn -0.946337283 0.259268314 -0.192939207
vn -0.577677071 0.54198736 0.610359669
vn 0.286248475 0.852347732 0.437681615
vn 0.446317881 0.763195872 -0.46726045
vn -0.31713441 0.397068977 -0.861256003
vn -0.833832264 0.483746648 -0.265918612
vn -0.609862268 0.484090269 0.627474785
vn 0.307204455 0.650893629 0.694235384
vn 0.642542541 0.749194384 -0.160769776
vn -0.0604460612 0.649770319 -0.757723391
vn -0.963069081 -0.251871437 -0.0951771736
vn -0.570430219 -0.355116785 0.740608811
vn -0.0664446801 0.399000674 0.914540052
vn -0.142206103 0.972981811 0.181889549
vn -0.695213974 0.569533646 -0.438530594
vn -0.70992732 0.603567421 -0.362918049
vn -0.475564659 0.706870317 0.523614883
vn 0.454657167 0.675453961 0.580558956
vn 0.785912812 0.560631394 -0.260832101
vn 0.0629085526 0.518177569 -0.852956355
vn 0.0507741645 0.975510299 -0.214013413
vn 0.097463809 0.734873295 0.671164751
vn 0.669025302 0.0113547435 0.743152857
vn 0.975258708 -0.195348799 -0.103486069
vn 0.599467814 0.398490965 -0.694149256
vn -0.548404992 0.63807857 -0.540470004
vn -0.57756263 0.72820431 0.368971586
vn 0.293161482 0.660304308 0.691414952
vn 0.851113498 0.524402618 -0.0246511046
vn 0.335799664 0.513514102 -0.789646685
vn -0.904250026 -0.0501627475 -0.424046844
vn -0.864774466 -0.0367251858 0.500815749
vn -0.251895189 0.609669507 0.751566231
vn 0.0908350423 0.995687425 -0.018857047
vn -0.314785987 0.588154852 -0.744972229
vn -0.258345753 0.860705435 -0.438684046
vn -0.388795942 0.795404434 0.464940161
vn 0.367397577 0.406470031 0.836541235
vn 0.960345685 0.23143293 0.155482695
vn 0.578131676 0.513465524 -0.634126842
vn -0.842325032 0.0672696382 -0.534755468
vn -0.923412919 -0.0849466249 0.374289393
vn -0.335867196 0.47788167 0.811678708
vn 0.112377018 0.978622973 0.172245517
vn -0.202217385 0.72462368 -0.65880841
vn -0.850651741 0.273346812 -0.449080467
vn -0.897991776 0.0107174795 0.439881712
vn -0.1994562 0.408618659 0.89064467
vn 0.280261189 0.916669071 0.284905791
vn -0.123380214 0.830373883 -0.543375134
vn -0.834232628 -0.531184554 -0.147982806
vn -0.156961888 -0.929921508 0.332579315
vn 0.168146372 -0.310432643 0.935605884
vn -0.309385538 0.474669605 0.823995888
vn -0.927262962 0.34006393 0.156652376
vn -0.442796439 0.893509984 0.0746400431
vn 0.0267676469 0.58967185 0.80719918
vn 0.829592168 0.233492941 0.507205844
vn 0.852354765 0.316806704 -0.416082859
vn 0.0708790645 0.725247383 -0.684830129
vn -0.993971646 0.105306029 0.0305131916
vn -0.537437439 0.100391939 0.837306678
vn 0.217669025 0.633289397 0.742674112
vn 0.226126745 0.967153966 -0.116102807
vn -0.527048707 0.640755415 -0.558258176
vn -0.679526925 0.698026359 0.225836784
vn -0.212754622 0.306892574 0.92765969
vn 0.672139645 0.264135599 0.691708565
vn 0.7606709 0.629098654 -0.160045624
vn -0.0752979815 0.892391741 -0.444934964
vn -0.428260148 0.32446748 0.843394458
vn -0.237019017 -0.580531061 0.778977215
vn 0.613254368 -0.66860497 0.420578569
vn 0.947212696 0.177831382 0.266765952
vn 0.30100131 0.794474363 0.527454793
vn 0.209298223 -0.0561884679 -0.976236165
vn 0.209298223 -0.0561884679 -0.976236165
vn 0.209298223 -0.0561884679 -0.976236165
vn 0.209298223 -0.0561884679 -0.976236165
vn 0.337306947 -0.872831464 0.352688611
vn 0.337306947 -0.872831464 0.352688611
vn 0.337306947 -0.872831464 0.352688611
vn 0.337306947 -0.872831464 0.352688611
vn -0.233493119 0.746516049 -0.623052716
vn -0.233493119 0.746516049 -0.623052716
vn -0.233493119 0.746516049 -0.623052716
vn -0.233493119 0.746516049 -0.623052716
vn 0.633656323 -0.746768117 -0.202032328
vn 0.633656323 -0.746768117 -0.202032328
vn 0.633656323 -0.746768117 -0.202032328
vn 0.633656323 -0.746768117 -0.202032328
vn -0.977551043 -0.174014494 -0.118797578
vn -0.977551043 -0.174014494 -0.118797578
vn -0.977551043 -0.174014494 -0.118797578
vn -0.977551043 -0.174014494 -0.118797578
vn -0.00824265461 -0.950037062 -0.312028378
vn -0.00824265461 -0.950037062 -0.312028378
vn -0.00824265461 -0.950037062 -0.312028378
vn -0.00824265461 -0.950037062 -0.312028378
vn -0.548233211 0.193905368 0.813536227
vn -0.548233211 0.193905368 0.813536227
vn -0.548233211 0.193905368 0.813536227
vn -0.548233211 0.193905368 0.813536227
vn 0.42406407 0.764063656 0.486185551
vn 0.42406407 0.764063656 0.486185551
vn 0.42406407 0.764063656 0.486185551
vn 0.42406407 0.764063656 0.486185551
vn -0.226714224 -0.0175044518 -0.973804057
vn -0.226714224 -0.0175044518 -0.973804057
vn -0.226714224 -0.0175044518 -0.973804057
vn -0.226714224 -0.0175044518 -0.973804057
vn -0.950810134 0.0641210377 -0.303065151
vn -0.950810134 0.0641210377 -0.303065151
vn -0.950810134 0.0641210377 -0.303065151
vn -0.950810134 0.0641210377 -0.303065151
vn 0.163697064 0.63993907 -0.750787079
vn 0.163697064 0.63993907 -0.750787079
vn 0.163697064 0.63993907 -0.750787079
vn 0.163697064 0.63993907 -0.750787079
vn 0.366814047 0.927085161 -0.0772042572
vn 0.366814047 0.927085161 -0.0772042572
vn 0.366814047 0.927085161 -0.0772042572
vn 0.366814047 0.927085161 -0.0772042572
vn -0.437048972 0.878692091 0.192063481
vn -0.437048972 0.878692091 0.192063481
vn -0.437048972 0.878692091 0.192063481
vn -0.437048972 0.878692091 0.192063481
vn 0.371763438 -0.734176993 -0.568133891
vn 0.371763438 -0.734176993 -0.568133891
vn 0.371763438 -0.734176993 -0.568133891
vn 0.371763438 -0.734176993 -0.568133891
vn 0.266727149 -0.956597328 -0.117380939
vn 0.266727149 -0.956597328 -0.117380939
vn 0.266727149 -0.956597328 -0.117380939
vn 0.266727149 -0.956597328 -0.117380939
vn 0.00604213821 -0.369202048 0.929329515
vn 0.00604213821 -0.369202048 0.929329515
vn 0.00604213821 -0.369202048 0.929329515
vn 0.00604213821 -0.369202048 0.929329515
vn 0.607419908 -0.19285357 -0.770615697
vn 0.607419908 -0.19285357 -0.770615697
vn 0.607419908 -0.19285357 -0.770615697
vn 0.607419908 -0.19285357 -0.770615697
vn -0.100268386 -0.338040918 0.935774803
vn -0.100268386 -0.338040918 0.935774803
vn -0.100268386 -0.338040918 0.935774803
vn -0.100268386 -0.338040918 0.935774803
vn 0.314644814 -0.830901921 -0.458912402
vn 0.314644814 -0.830901921 -0.458912402
vn 0.314644814 -0.830901921 -0.458912402
vn 0.314644814 -0.830901921 -0.458912402
vn 0.467171401 0.694026828 -0.547793388
vn 0.467171401 0.694026828 -0.547793388
vn 0.467171401 0.694026828 -0.547793388
vn 0.467171401 0.694026828 -0.547793388
vn -0.16502817 -0.840087116 0.51673913
vn -0.16502817 -0.840087116 0.51673913
vn -0.16502817 -0.840087116 0.51673913
vn -0.16502817 -0.840087116 0.51673913
vn -0.299548507 0.567801178 0.76672858
vn -0.299548507 0.567801178 0.76672858
vn -0.299548507 0.567801178 0.76672858
vn -0.299548507 0.567801178 0.76672858
vn -0.931248426 -0.331055433 0.152245209
vn -0.931248426 -0.331055433 0.152245209
vn -0.931248426 -0.331055433 0.152245209
vn -0.931248426 -0.331055433 0.152245209
vn -0.201405078 0.975873947 0.0842972994
vn -0.201405078 0.975873947 0.0842972994
vn -0.201405078 0.975873947 0.0842972994
vn -0.201405078 0.975873947 0.0842972994
vn 0.0622465871 -0.953696072 -0.294260383
vn 0.0622465871 -0.953696072 -0.294260383
vn 0.0622465871 -0.953696072 -0.294260383
vn 0.0622465871 -0.953696072 -0.294260383
vn -0.956000566 -0.29315564 0.0110760927
vn -0.956000566 -0.29315564 0.0110760927
vn -0.956000566 -0.29315564 0.0110760927
vn -0.956000566 -0.29315564 0.0110760927
vn -0.471903533 0.43879053 0.764702499
vn -0.471903533 0.43879053 0.764702499
vn -0.471903533 0.43879053 0.764702499
vn -0.471903533 0.43879053 0.764702499
vn -0.181417182 -0.406653076 0.895388782
vn -0.181417182 -0.406653076 0.895388782
vn -0.181417182 -0.406653076 0.895388782
vn -0.181417182 -0.406653076 0.895388782
vn 0.985388994 -0.104401805 0.134568959
vn 0.985388994 -0.104401805 0.134568959
vn 0.985388994 -0.104401805 0.134568959
vn 0.985388994 -0.104401805 0.134568959
vn -0.0740634203 -0.987354159 0.140166
vn -0.0740634203 -0.987354159 0.140166
vn -0.0740634203 -0.987354159 0.140166
vn -0.0740634203 -0.987354159 0.140166
vn 0.279687226 -0.039676521 -0.959271014
vn 0.279687226 -0.039676521 -0.959271014
vn 0.279687226 -0.039676521 -0.959271014
vn 0.279687226 -0.039676521 -0.959271014
vn -0.0903153419 -0.982367754 0.163697034
vn -0.0903153419 -0.982367754 0.163697034
vn -0.0903153419 -0.982367754 0.163697034
vn -0.0903153419 -0.982367754 0.163697034
vn 0.879351735 -0.466838956 0.0938184336
vn 0.879351735 -0.466838956 0.0938184336
vn 0.879351735 -0.466838956 0.0938184336
vn 0.879351735 -0.466838956 0.0938184336
vn -0.421734661 0.739269137 -0.524996281
vn -0.421734661 0.739269137 -0.524996281
vn -0.421734661 0.739269137 -0.524996281
vn -0.421734661 0.739269137 -0.524996281
vn 0.452393889 0.0889849365 0.887367666
vn 0.452393889 0.0889849365 0.887367666
vn 0.452393889 0.0889849365 0.887367666
vn 0.452393889 0.0889849365 0.887367666
vn 0.226910844 -0.475219011 0.850104928
vn 0.226910844 -0.475219011 0.850104928
vn 0.226910844 -0.475219011 0.850104928
vn 0.226910844 -0.475219011 0.850104928
vn -0.173409671 0.526224434 0.832476377
vn -0.173409671 0.526224434 0.832476377
vn -0.173409671 0.526224434 0.832476377
vn -0.173409671 0.526224434 0.832476377
vn 0.510346591 0.803183556 0.307315141
vn 0.510346591 0.803183556 0.307315141
vn 0.510346591 0.803183556 0.307315141
vn 0.510346591 0.803183556 0.307315141
vn -0.612107694 -0.786046803 0.0863398984
vn -0.612107694 -0.786046803 0.0863398984
vn -0.612107694 -0.786046803 0.0863398984
vn -0.612107694 -0.786046803 0.0863398984
vn -0.608611166 0.438973278 0.660980225
vn -0.608611166 0.438973278 0.660980225
vn -0.608611166 0.438973278 0.660980225
vn -0.608611166 0.438973278 0.660980225
vn 0.324203104 0.409797639 -0.852618456
vn 0.324203104 0.409797639 -0.852618456
vn 0.324203104 0.409797639 -0.852618456
vn 0.324203104 0.409797639 -0.852618456
vn 0.336603165 0.610911131 -0.716579258
vn 0.336603165 0.610911131 -0.716579258
vn 0.336603165 0.610911131 -0.716579258
vn 0.336603165 0.610911131 -0.716579258
vn -0.135908499 -0.966476142 0.21783638
vn -0.135908499 -0.966476142 0.21783638
vn -0.135908499 -0.966476142 0.21783638
vn -0.135908499 -0.966476142 0.21783638
vn -0.165995583 -0.165950388 -0.972062767
vn -0.165995583 -0.165950388 -0.972062767
vn -0.165995583 -0.165950388 -0.972062767
vn -0.165995583 -0.165950388 -0.972062767
vn -0.643598795 0.40728727 0.647995055
vn -0.643598795 0.40728727 0.647995055
vn -0.643598795 0.40728727 0.647995055
vn -0.643598795 0.40728727 0.647995055
vn 0.24910742 0.960537076 -0.123749897
vn 0.24910742 0.960537076 -0.123749897
vn 0.24910742 0.960537076 -0.123749897
vn 0.24910742 0.960537076 -0.123749897
vn 0.420496464 -0.820810914 -0.386590421
vn 0.420496464 -0.820810914 -0.386590421
vn 0.420496464 -0.820810914 -0.386590421
vn 0.420496464 -0.820810914 -0.386590421
vn -0.360781223 -0.525815308 0.77029562
vn -0.360781223 -0.525815308 0.77029562
vn -0.360781223 -0.525815308 0.77029562
vn -0.360781223 -0.525815308 0.77029562
vn 0.887984455 0.405760407 -0.216430098
vn 0.887984455 0.405760407 -0.216430098
vn 0.887984455 0.405760407 -0.216430098
vn 0.887984455 0.405760407 -0.216430098
vn -0.347537428 0.695397019 -0.62899977
vn -0.347537428 0.695397019 -0.62899977
vn -0.347537428 0.695397019 -0.62899977
vn -0.347537428 0.695397019 -0.62899977
vn 0.165249273 0.731149852 0.661900759
vn 0.165249273 0.731149852 0.661900759
vn 0.165249273 0.731149852 0.661900759
vn 0.165249273 0.731149852 0.661900759
vn 0.0305934269 -0.663871169 -0.747220874
vn 0.0305934269 -0.663871169 -0.747220874
vn 0.0305934269 -0.663871169 -0.747220874
vn 0.0305934269 -0.663871169 -0.747220874
vn -0.847687542 0.487754017 0.208618894
vn -0.847687542 0.487754017 0.208618894
vn -0.847687542 0.487754017 0.208618894
vn -0.847687542 0.487754017 0.208618894
vn 0.994088531 0.0233274344 0.106036305
vn 0.994088531 0.0233274344 0.106036305
vn 0.994088531 0.0233274344 0.106036305
vn 0.994088531 0.0233274344 0.106036305
vn 0.19835043 0.361229151 -0.911136985
vn 0.19835043 0.361229151 -0.911136985
vn 0.19835043 0.361229151 -0.911136985
vn 0.19835043 0.361229151 -0.911136985
vn -0.4816432 0.583557427 -0.653819978
vn -0.4816432 0.583557427 -0.653819978
vn -0.4816432 0.583557427 -0.653819978
vn -0.4816432 0.583557427 -0.653819978
vn 0.181286916 0.506727457 0.842829943
vn 0.181286916 0.506727457 0.842829943
vn 0.181286916 0.506727457 0.842829943
vn 0.181286916 0.506727457 0.842829943
vn -0.373571604 -0.886718512 -0.272349983
vn -0.373571604 -0.886718512 -0.272349983
vn -0.373571604 -0.886718512 -0.272349983
vn -0.373571604 -0.886718512 -0.272349983
vn -0.503335893 -0.474628001 0.722067416
vn -0.503335893 -0.474628001 0.722067416
vn -0.503335893 -0.474628001 0.722067416
vn -0.503335893 -0.474628001 0.722067416
vn -0.102891959 -0.989712894 0.0994063616
vn -0.102891959 -0.989712894 0.0994063616
vn -0.102891959 -0.989712894 0.0994063616
vn -0.102891959 -0.989712894 0.0994063616
vn 0.472650796 0.175101727 0.863678575
vn 0.472650796 0.175101727 0.863678575
vn 0.472650796 0.175101727 0.863678575
vn 0.472650796 0.175101727 0.863678575
vn -0.576517045 -0.806359053 0.131958991
vn -0.576517045 -0.806359053 0.131958991
vn -0.576517045 -0.806359053 0.131958991
vn -0.576517045 -0.806359053 0.131958991
vn 0.320544124 0.256294459 -0.911901653
vn 0.320544124 0.256294459 -0.911901653
vn 0.320544124 0.256294459 -0.911901653
vn 0.320544124 0.256294459 -0.911901653
vn 0.00753862783 0.771134257 0.636627913
vn 0.00753862783 0.771134257 0.636627913
vn 0.00753862783 0.771134257 0.636627913
vn 0.00753862783 0.771134257 0.636627913
vn -0.128612414 -0.988876402 -0.0747145638
vn -0.128612414 -0.988876402 -0.0747145638
vn -0.128612414 -0.988876402 -0.0747145638
vn -0.128612414 -0.988876402 -0.0747145638
vn 0.703218639 0.432861626 0.564016283
vn 0.703218639 0.432861626 0.564016283
vn 0.703218639 0.432861626 0.564016283
vn 0.703218639 0.432861626 0.564016283
vn 0.200802118 0.781186342 -0.591123044
vn 0.200802118 0.781186342 -0.591123044
vn 0.200802118 0.781186342 -0.591123044
vn 0.200802118 0.781186342 -0.591123044
vn -0.0041644536 -0.450389117 0.892822683
vn -0.0041644536 -0.450389117 0.892822683
vn -0.0041644536 -0.450389117 0.892822683
vn -0.0041644536 -0.450389117 0.892822683
vn 0.194281876 -0.313236922 0.929589808
vn 0.194281876 -0.313236922 0.929589808
vn 0.194281876 -0.313236922 0.929589808
vn 0.194281876 -0.313236922 0.929589808
vn -0.368315369 -0.843214214 -0.391578227
vn -0.368315369 -0.843214214 -0.391578227
vn -0.368315369 -0.843214214 -0.391578227
vn -0.368315369 -0.843214214 -0.391578227
vn 0.482712895 -0.203468591 0.851814985
vn 0.482712895 -0.203468591 0.851814985
vn 0.482712895 -0.203468591 0.851814985
vn 0.482712895 -0.203468591 0.851814985
vn -0.548650026 0.0712706447 -0.833008766
vn -0.548650026 0.0712706447 -0.833008766
vn -0.548650026 0.0712706447 -0.833008766
vn -0.548650026 0.0712706447 -0.833008766
vn 0.902722597 0.28685537 0.32063368
vn 0.902722597 0.28685537 0.32063368
vn 0.902722597 0.28685537 0.32063368
vn 0.902722597 0.28685537 0.32063368
vn -0.826994717 0.258760095 0.499122173
vn -0.826994717 0.258760095 0.499122173
vn -0.826994717 0.258760095 0.499122173
vn -0.826994717 0.258760095 0.499122173
vn -0.955538034 -0.0950492844 0.279128522
vn -0.955538034 -0.0950492844 0.279128522
vn -0.955538034 -0.0950492844 0.279128522
vn -0.955538034 -0.0950492844 0.279128522
vn 0.824085236 0.548389435 0.141959369
vn 0.824085236 0.548389435 0.141959369
vn 0.824085236 0.548389435 0.141959369
vn 0.824085236 0.548389435 0.141959369
vn -0.121696524 -0.97149539 -0.203437611
vn -0.121696524 -0.97149539 -0.203437611
vn -0.121696524 -0.97149539 -0.203437611
vn -0.121696524 -0.97149539 -0.203437611
vn -0.246654317 -0.788606107 -0.563260198
vn -0.246654317 -0.788606107 -0.563260198
vn -0.246654317 -0.788606107 -0.563260198
vn -0.246654317 -0.788606107 -0.563260198
vn 0.715267599 -0.680714726 -0.158176005
vn 0.715267599 -0.680714726 -0.158176005
vn 0.715267599 -0.680714726 -0.158176005
vn 0.715267599 -0.680714726 -0.158176005
vn 0.315655679 0.914349616 -0.253626257
vn 0.315655679 0.914349616 -0.253626257
vn 0.315655679 0.914349616 -0.253626257
vn 0.315655679 0.914349616 -0.253626257
vn 0.412319839 -0.27162993 -0.869603097
vn 0.412319839 -0.27162993 -0.869603097
vn 0.412319839 -0.27162993 -0.869603097
vn 0.412319839 -0.27162993 -0.869603097
vn 0.993979454 -0.0566524342 -0.0937842727
vn 0.993979454 -0.0566524342 -0.0937842727
vn 0.993979454 -0.0566524342 -0.0937842727
vn 0.993979454 -0.0566524342 -0.0937842727
vn 0.900945723 0.0987989306 0.422534674
vn 0.900945723 0.0987989306 0.422534674
vn 0.900945723 0.0987989306 0.422534674
vn 0.900945723 0.0987989306 0.422534674
vn 0.325264752 -0.539347231 -0.77672863
vn 0.325264752 -0.539347231 -0.77672863
vn 0.325264752 -0.539347231 -0.77672863
vn 0.325264752 -0.539347231 -0.77672863
vn -0.100470856 -0.236531526 0.966415226
vn -0.100470856 -0.236531526 0.966415226
vn -0.100470856 -0.236531526 0.966415226
vn -0.100470856 -0.236531526 0.966415226
vn 0.918957889 -0.249760091 -0.305182248
vn 0.918957889 -0.249760091 -0.305182248
vn 0.918957889 -0.249760091 -0.305182248
vn 0.918957889 -0.249760091 -0.305182248
vn -0.713146091 0.603769243 0.356209666
vn -0.713146091 0.603769243 0.356209666
vn -0.713146091 0.603769243 0.356209666
vn -0.713146091 0.603769243 0.356209666
vn -0.933380783 0.239930481 0.266896367
vn -0.933380783 0.239930481 0.266896367
vn -0.933380783 0.239930481 0.266896367
vn -0.933380783 0.239930481 0.266896367
vn -0.864517808 0.308022141 0.397154033
vn -0.864517808 0.308022141 0.397154033
vn -0.864517808 0.308022141 0.397154033
vn -0.864517808 0.308022141 0.397154033
vn 0.197670534 -0.58519727 0.786428928
vn 0.197670534 -0.58519727 0.786428928
vn 0.197670534 -0.58519727 0.786428928
vn 0.197670534 -0.58519727 0.786428928
vn -0.760937035 -0.54761672 -0.347980976
vn -0.760937035 -0.54761672 -0.347980976
vn -0.760937035 -0.54761672 -0.347980976
vn -0.760937035 -0.54761672 -0.347980976
vn -0.659885764 0.750604212 -0.0338234603
vn -0.659885764 0.750604212 -0.0338234603
vn -0.659885764 0.750604212 -0.0338234603
vn -0.659885764 0.750604212 -0.0338234603
vn 0.530276537 0.178064868 0.828914762
vn 0.530276537 0.178064868 0.828914762
vn 0.530276537 0.178064868 0.828914762
vn 0.530276537 0.178064868 0.828914762
vn -0.354731798 0.606804192 0.711304486
vn -0.354731798 0.606804192 0.711304486
vn -0.354731798 0.606804192 0.711304486
vn -0.354731798 0.606804192 0.711304486
vn 0.583605468 -0.634843707 -0.506337941
vn 0.583605468 -0.634843707 -0.506337941
vn 0.583605468 -0.634843707 -0.506337941
vn 0.583605468 -0.634843707 -0.506337941
vn 0.293816417 0.93069613 -0.217891067
vn 0.293816417 0.93069613 -0.217891067
vn 0.293816417 0.93069613 -0.217891067
vn 0.293816417 0.93069613 -0.217891067
vn 0.12665689 -0.272821873 0.953690827
vn 0.12665689 -0.272821873 0.953690827
vn 0.12665689 -0.272821873 0.953690827
vn 0.12665689 -0.272821873 0.953690827
vn -0.118789569 0.882912993 0.454261661
vn -0.118789569 0.882912993 0.454261661
vn -0.118789569 0.882912993 0.454261661
vn -0.118789569 0.882912993 0.454261661
vn -0.450548142 0.824419916 0.342546523
vn -0.450548142 0.824419916 0.342546523
vn -0.450548142 0.824419916 0.342546523
vn -0.450548142 0.824419916 0.342546523
vn 0.00760685652 0.723661721 0.690112889
vn 0.00760685652 0.723661721 0.690112889
vn 0.00760685652 0.723661721 0.690112889
vn 0.00760685652 0.723661721 0.690112889
vn -0.68678236 -0.726632416 -0.0183106381
vn -0.68678236 -0.726632416 -0.0183106381
vn -0.68678236 -0.726632416 -0.0183106381
vn -0.68678236 -0.726632416 -0.0183106381
vn -0.783343077 -0.465998173 -0.411362827
vn -0.783343077 -0.465998173 -0.411362827
vn -0.783343077 -0.465998173 -0.411362827
vn -0.783343077 -0.465998173 -0.411362827
vn 0.879483759 -0.416280597 -0.230691925
vn 0.879483759 -0.416280597 -0.230691925
vn 0.879483759 -0.416280597 -0.230691925
vn 0.879483759 -0.416280597 -0.230691925
vn -0.564140737 0.735840797 0.374544412
vn -0.564140737 0.735840797 0.374544412
vn -0.564140737 0.735840797 0.374544412
vn -0.564140737 0.735840797 0.374544412
vn 0.406756699 -0.0688232258 0.910940409
vn 0.406756699 -0.0688232258 0.910940409
vn 0.406756699 -0.0688232258 0.910940409
vn 0.406756699 -0.0688232258 0.910940409
vn 0.699947417 -0.0499351509 -0.71244657
vn 0.699947417 -0.0499351509 -0.71244657
vn 0.699947417 -0.0499351509 -0.71244657
vn 0.699947417 -0.0499351509 -0.71244657
vn 0.0757569671 -0.674653351 -0.734236836
vn 0.0757569671 -0.674653351 -0.734236836
vn 0.0757569671 -0.674653351 -0.734236836
vn 0.0757569671 -0.674653351 -0.734236836
vn 0.574773908 0.794968724 -0.194060892
vn 0.574773908 0.794968724 -0.194060892
vn 0.574773908 0.794968724 -0.194060892
vn 0.574773908 0.794968724 -0.194060892
vn 0.278405309 0.863467157 -0.420612514
vn 0.278405309 0.863467157 -0.420612514
vn 0.278405309 0.863467157 -0.420612514
vn 0.278405309 0.863467157 -0.420612514
vn -0.71349901 -0.700579584 -0.0103663383
vn -0.71349901 -0.700579584 -0.0103663383
vn -0.71349901 -0.700579584 -0.0103663383
vn -0.71349901 -0.700579584 -0.0103663383
vn -0.562592387 0.100595951 0.82059145
vn -0.562592387 0.100595951 0.82059145
vn -0.562592387 0.100595951 0.82059145
vn -0.562592387 0.100595951 0.82059145
vn -0.851110876 0.311323881 0.42271468
vn -0.851110876 0.311323881 0.42271468
vn -0.851110876 0.311323881 0.42271468
vn -0.851110876 0.311323881 0.42271468
vn 0.955734909 -0.173865318 -0.237363964
vn 0.955734909 -0.173865318 -0.237363964
vn 0.955734909 -0.173865318 -0.237363964
vn 0.955734909 -0.173865318 -0.237363964
vn -0.528474748 -0.818771243 -0.224339232
vn -0.528474748 -0.818771243 -0.224339232
vn -0.528474748 -0.818771243 -0.224339232
vn -0.528474748 -0.818771243 -0.224339232
vn 0.294072956 -0.903514445 -0.311741441
vn 0.294072956 -0.903514445 -0.311741441
vn 0.294072956 -0.903514445 -0.311741441
vn 0.294072956 -0.903514445 -0.311741441
vn 0.609514952 0.0415935256 -0.79168272
vn 0.609514952 0.0415935256 -0.79168272
vn 0.609514952 0.0415935256 -0.79168272
vn 0.609514952 0.0415935256 -0.79168272
vn -0.730327666 0.0841253623 -0.677897096
vn -0.730327666 0.0841253623 -0.677897096
vn -0.730327666 0.0841253623 -0.677897096
vn -0.730327666 0.0841253623 -0.677897096
vn -0.335414648 0.810665667 0.479914755
vn -0.335414648 0.810665667 0.479914755
vn -0.335414648 0.810665667 0.479914755
vn -0.335414648 0.810665667 0.479914755
vn -0.892589867 -0.165666655 -0.419330359
vn -0.892589867 -0.165666655 -0.419330359
vn -0.892589867 -0.165666655 -0.419330359
vn -0.892589867 -0.165666655 -0.419330359
vn -0.564661801 -0.773899555 -0.286769062
vn -0.564661801 -0.773899555 -0.286769062
vn -0.564661801 -0.773899555 -0.286769062
vn -0.564661801 -0.773899555 -0.286769062
vn -0.060542766 0.749985874 0.65867722
vn -0.060542766 0.749985874 0.65867722
vn -0.060542766 0.749985874 0.65867722
vn -0.060542766 0.749985874 0.65867722
vn 0.332669526 0.380882144 0.862704933
vn 0.332669526 0.380882144 0.862704933
vn 0.332669526 0.380882144 0.862704933
vn 0.332669526 0.380882144 0.862704933
vn 0.295226216 0.599086285 0.744269431
vn 0.295226216 0.599086285 0.744269431
vn 0.295226216 0.599086285 0.744269431
vn 0.295226216 0.599086285 0.744269431
vn -0.890991867 0.245170817 -0.382131994
vn -0.890991867 0.245170817 -0.382131994
vn -0.890991867 0.245170817 -0.382131994
vn -0.890991867 0.245170817 -0.382131994
vn 0.505029798 -0.601490319 0.618994594
vn 0.505029798 -0.601490319 0.618994594
vn 0.505029798 -0.601490319 0.618994594
vn 0.505029798 -0.601490319 0.618994594
vn -0.942058504 -0.329477429 0.0630121678
vn -0.942058504 -0.329477429 0.0630121678
vn -0.942058504 -0.329477429 0.0630121678
vn -0.942058504 -0.329477429 0.0630121678
vn 0.269235432 0.737813592 0.618985653
vn 0.269235432 0.737813592 0.618985653
vn 0.269235432 0.737813592 0.618985653
vn 0.269235432 0.737813592 0.618985653
vn 0.427394509 0.861308813 0.274738193
vn 0.427394509 0.861308813 0.274738193
vn 0.427394509 0.861308813 0.274738193
vn 0.427394509 0.861308813 0.274738193
vn 0.872113466 -0.326828539 -0.364144772
vn 0.872113466 -0.326828539 -0.364144772
vn 0.872113466 -0.326828539 -0.364144772
vn 0.872113466 -0.326828539 -0.364144772
vn -0.900485814 0.395193815 -0.181513712
vn -0.900485814 0.395193815 -0.181513712
vn -0.900485814 0.395193815 -0.181513712
vn -0.900485814 0.395193815 -0.181513712
vn 0.505982637 -0.21240142 -0.8359828
vn 0.505982637 -0.21240142 -0.8359828
vn 0.505982637 -0.21240142 -0.8359828
vn 0.505982637 -0.21240142 -0.8359828
vn 0.274412513 -0.87846595 -0.391146213
vn 0.274412513 -0.87846595 -0.391146213
vn 0.274412513 -0.87846595 -0.391146213
vn 0.274412513 -0.87846595 -0.391146213
vn -0.835446298 0.108845048 0.53868562
vn -0.835446298 0.108845048 0.53868562
vn -0.835446298 0.108845048 0.53868562
vn -0.835446298 0.108845048 0.53868562
vn 0.0128286928 -0.97588712 -0.217898443
vn 0.0128286928 -0.97588712 -0.217898443
vn 0.0128286928 -0.97588712 -0.217898443
vn 0.0128286928 -0.97588712 -0.217898443
vn -0.710816801 0.515134931 -0.478931457
vn -0.710816801 0.515134931 -0.478931457
vn -0.710816801 0.515134931 -0.478931457
vn -0.710816801 0.515134931 -0.478931457
vn 0.629418254 -0.00635622395 -0.77704072
vn 0.629418254 -0.00635622395 -0.77704072
vn 0.629418254 -0.00635622395 -0.77704072
vn 0.629418254 -0.00635622395 -0.77704072
vn -0.691088676 0.222210124 -0.68776387
vn -0.691088676 0.222210124 -0.68776387
vn -0.691088676 0.222210124 -0.68776387
vn -0.691088676 0.222210124 -0.68776387
vn 0.215308622 -0.889054477 -0.404010326
vn 0.215308622 -0.889054477 -0.404010326
vn 0.215308622 -0.889054477 -0.404010326
vn 0.215308622 -0.889054477 -0.404010326
vn 0.211464822 -0.962496698 0.169949219
vn 0.211464822 -0.962496698 0.169949219
vn 0.211464822 -0.962496698 0.169949219
vn 0.211464822 -0.962496698 0.169949219
vn -0.767593384 -0.573055863 -0.287066817
vn -0.767593384 -0.573055863 -0.287066817
vn -0.767593384 -0.573055863 -0.287066817
vn -0.767593384 -0.573055863 -0.287066817
vn -0.308937132 0.904006839 -0.295515567
vn -0.308937132 0.904006839 -0.295515567
vn -0.308937132 0.904006839 -0.295515567
vn -0.308937132 0.904006839 -0.295515567
vn -0.659772694 0.741466463 -0.122177556
vn -0.659772694 0.741466463 -0.122177556
vn -0.659772694 0.741466463 -0.122177556
vn -0.659772694 0.741466463 -0.122177556
vn 0.126734793 0.369476199 -0.920557201
vn 0.126734793 0.369476199 -0.920557201
vn 0.126734793 0.369476199 -0.920557201
vn 0.126734793 0.369476199 -0.920557201
vn -0.495896578 -0.329149038 0.803584158
vn -0.495896578 -0.329149038 0.803584158
vn -0.495896578 -0.329149038 0.803584158
vn -0.495896578 -0.329149038 0.803584158
vn -0.151133195 0.932640791 -0.327627629
vn -0.151133195 0.932640791 -0.327627629
vn -0.151133195 0.932640791 -0.327627629
vn -0.151133195 0.932640791 -0.327627629
vn 0.459524512 -0.823751807 -0.332069516
vn 0.459524512 -0.823751807 -0.332069516
vn 0.459524512 -0.823751807 -0.332069516
vn 0.459524512 -0.823751807 -0.332069516
vn 0.300727159 0.588848054 0.75021404
vn 0.300727159 0.588848054 0.75021404
vn 0.300727159 0.588848054 0.75021404
vn 0.300727159 0.588848054 0.75021404
vn 0.79547286 -0.562009394 -0.226645872
vn 0.79547286 -0.562009394 -0.226645872
vn 0.79547286 -0.562009394 -0.226645872
vn 0.79547286 -0.562009394 -0.226645872
vn 0.852338612 0.36069867 -0.378702164
vn 0.852338612 0.36069867 -0.378702164
vn 0.852338612 0.36069867 -0.378702164
vn 0.852338612 0.36069867 -0.378702164
vn -0.809963346 0.29648754 0.506018221
vn -0.809963346 0.29648754 0.506018221
vn -0.809963346 0.29648754 0.506018221
vn -0.809963346 0.29648754 0.506018221
vn -0.00410327362 0.317893654 -0.948117554
vn -0.00410327362 0.317893654 -0.948117554
vn -0.00410327362 0.317893654 -0.948117554
vn -0.00410327362 0.317893654 -0.948117554
vn 0.486493319 0.838510573 0.245406404
vn 0.486493319 0.838510573 0.245406404
vn 0.486493319 0.838510573 0.245406404
vn 0.486493319 0.838510573 0.245406404
vn 0.00101616373 0.540579557 0.841292322
vn 0.00101616373 0.540579557 0.841292322
vn 0.00101616373 0.540579557 0.841292322
vn 0.00101616373 0.540579557 0.841292322
vn 0.842690706 -0.512240708 0.165776446
vn 0.842690706 -0.512240708 0.165776446
vn 0.842690706 -0.512240708 0.165776446
vn 0.842690706 -0.512240708 0.165776446
vn -0.0887650102 0.351657301 -0.931910932
vn -0.0887650102 0.351657301 -0.931910932
vn -0.0887650102 0.351657301 -0.931910932
vn -0.0887650102 0.351657301 -0.931910932
vn 0.0949604213 0.499343902 -0.86118418
vn 0.0949604213 0.499343902 -0.86118418
vn 0.0949604213 0.499343902 -0.86118418
vn 0.0949604213 0.499343902 -0.86118418
vn 0.67243737 -0.0179808009 -0.739935577
vn 0.67243737 -0.0179808009 -0.739935577
vn 0.67243737 -0.0179808009 -0.739935577
vn 0.67243737 -0.0179808009 -0.739935577
vn 0.0162740834 0.923426092 -0.383431166
vn 0.0162740834 0.923426092 -0.383431166
vn 0.0162740834 0.923426092 -0.383431166
vn 0.0162740834 0.923426092 -0.383431166
vn -0.277026623 0.883252859 0.378312886
vn -0.277026623 0.883252859 0.378312886
vn -0.277026623 0.883252859 0.378312886
vn -0.277026623 0.883252859 0.378312886
vn -0.830641031 -0.184703171 0.525281072
vn -0.830641031 -0.184703171 0.525281072
vn -0.830641031 -0.184703171 0.525281072
vn -0.830641031 -0.184703171 0.525281072
vn -0.629164338 0.737938821 0.244128123
vn -0.629164338 0.737938821 0.244128123
vn -0.629164338 0.737938821 0.244128123
vn -0.629164338 0.737938821 0.244128123
vn 0.522020936 0.816548169 -0.246461347
vn 0.522020936 0.816548169 -0.246461347
vn 0.522020936 0.816548169 -0.246461347
vn 0.522020936 0.816548169 -0.246461347
vn 0.924755812 -0.308960766 -0.22219348
vn 0.924755812 -0.308960766 -0.22219348
vn 0.924755812 -0.308960766 -0.22219348
vn 0.924755812 -0.308960766 -0.22219348
vn -0.547000349 -0.473158926 -0.69058758
vn -0.547000349 -0.473158926 -0.69058758
vn -0.547000349 -0.473158926 -0.69058758
vn -0.547000349 -0.473158926 -0.69058758
vn 0.803894043 -0.419927448 0.421206921
vn 0.803894043 -0.419927448 0.421206921
vn 0.803894043 -0.419927448 0.421206921
vn 0.803894043 -0.419927448 0.421206921
vn 0.350818783 0.0256348103 0.936092377
vn 0.350818783 0.0256348103 0.936092377
vn 0.350818783 0.0256348103 0.936092377
vn 0.350818783 0.0256348103 0.936092377
vn 0.460982502 0.254862636 0.850023568
vn 0.460982502 0.254862636 0.850023568
vn 0.460982502 0.254862636 0.850023568
vn 0.460982502 0.254862636 0.850023568
vn -0.176652789 -0.543725848 -0.820460975
vn -0.176652789 -0.543725848 -0.820460975
vn -0.176652789 -0.543725848 -0.820460975
vn -0.176652789 -0.543725848 -0.820460975
vn 0.77961117 0.58769834 0.216372475
vn 0.77961117 0.58769834 0.216372475
vn 0.77961117 0.58769834 0.216372475
vn 0.77961117 0.58769834 0.216372475
vn 0.426932186 -0.590416014 -0.684936404
vn 0.426932186 -0.590416014 -0.684936404
vn 0.426932186 -0.590416014 -0.684936404
vn 0.426932186 -0.590416014 -0.684936404
vn -0.362186015 -0.460729688 -0.810277402
vn -0.362186015 -0.460729688 -0.810277402
vn -0.362186015 -0.460729688 -0.810277402
vn -0.362186015 -0.460729688 -0.810277402
vn -0.323025763 -0.492757529 -0.807987869
vn -0.323025763 -0.492757529 -0.807987869
vn -0.323025763 -0.492757529 -0.807987869
vn -0.323025763 -0.492757529 -0.807987869
vn -0.284363866 0.669938922 -0.68579793
vn -0.284363866 0.669938922 -0.68579793
vn -0.284363866 0.669938922 -0.68579793
vn -0.284363866 0.669938922 -0.68579793
vn -0.816499233 0.523938417 0.24252291
vn -0.816499233 0.523938417 0.24252291
vn -0.816499233 0.523938417 0.24252291
vn -0.816499233 0.523938417 0.24252291
vn 0.421966732 -0.666858673 -0.614201605
vn 0.421966732 -0.666858673 -0.614201605
vn 0.421966732 -0.666858673 -0.614201605
vn 0.421966732 -0.666858673 -0.614201605
vn 0.694195092 -0.668097734 0.267840564
vn 0.694195092 -0.668097734 0.267840564
vn 0.694195092 -0.668097734 0.267840564
vn 0.694195092 -0.668097734 0.267840564
vn 0.984970331 -0.172464043 -0.00946888421
vn 0.984970331 -0.172464043 -0.00946888421
vn 0.984970331 -0.172464043 -0.00946888421
vn 0.984970331 -0.172464043 -0.00946888421
vn -0.277446777 -0.0535767637 0.95924598
vn -0.277446777 -0.0535767637 0.95924598
vn -0.277446777 -0.0535767637 0.95924598
vn -0.277446777 -0.0535767637 0.95924598
vn -0.8754462 0.320889175 0.361419559
vn -0.8754462 0.320889175 0.361419559
vn -0.8754462 0.320889175 0.361419559
vn -0.8754462 0.320889175 0.361419559
vn 0.67760402 0.603443265 0.420367688
vn 0.67760402 0.603443265 0.420367688
vn 0.67760402 0.603443265 0.420367688
vn 0.67760402 0.603443265 0.420367688
vn -0.928973973 0.0762773976 0.362200379
vn -0.928973973 0.0762773976 0.362200379
vn -0.928973973 0.0762773976 0.362200379
vn -0.928973973 0.0762773976 0.362200379
vn 0.11028637 -0.876853943 0.46793586
vn 0.11028637 -0.876853943 0.46793586
vn 0.11028637 -0.876853943 0.46793586
vn 0.11028637 -0.876853943 0.46793586
vn -0.85346514 -0.417898506 -0.311381012
vn -0.85346514 -0.417898506 -0.311381012
vn -0.85346514 -0.417898506 -0.311381012
vn -0.85346514 -0.417898506 -0.311381012
vn -0.328327715 -0.851646185 -0.408533573
vn -0.328327715 -0.851646185 -0.408533573
vn -0.328327715 -0.851646185 -0.408533573
vn -0.328327715 -0.851646185 -0.408533573
vn -0.32057777 0.690428376 -0.648489416
vn -0.32057777 0.690428376 -0.648489416
vn -0.32057777 0.690428376 -0.648489416
vn -0.32057777 0.690428376 -0.648489416
vn -0.127322301 -0.974478781 -0.184878767
vn -0.127322301 -0.974478781 -0.184878767
vn -0.127322301 -0.974478781 -0.184878767
vn -0.127322301 -0.974478781 -0.184878767
vn -0.319463849 0.936206877 -0.146490663
vn -0.319463849 0.936206877 -0.146490663
vn -0.319463849 0.936206877 -0.146490663
vn -0.319463849 0.936206877 -0.146490663
vn 0.151744753 0.971547723 0.181847528
vn 0.151744753 0.971547723 0.181847528
vn 0.151744753 0.971547723 0.181847528
vn 0.151744753 0.971547723 0.181847528
vn 0.502035856 -0.672775745 0.543445408
vn 0.502035856 -0.672775745 0.543445408
vn 0.502035856 -0.672775745 0.543445408
vn 0.502035856 -0.672775745 0.543445408
vn -0.4573057 -0.868617415 0.190723285
vn -0.4573057 -0.868617415 0.190723285
vn -0.4573057 -0.868617415 0.190723285
vn -0.4573057 -0.868617415 0.190723285
vn 0.771699488 -0.630183816 0.0857221112
vn 0.771699488 -0.630183816 0.0857221112
vn 0.771699488 -0.630183816 0.0857221112
vn 0.771699488 -0.630183816 0.0857221112
vn 0.543171585 0.501579046 -0.673337281
vn 0.543171585 0.501579046 -0.673337281
vn 0.543171585 0.501579046 -0.673337281
vn 0.543171585 0.501579046 -0.673337281
vn 0.685398877 -0.696305156 -0.213043451
vn 0.685398877 -0.696305156 -0.213043451
vn 0.685398877 -0.696305156 -0.213043451
vn 0.685398877 -0.696305156 -0.213043451
vn -0.579037964 0.728374422 -0.366313815
vn -0.579037964 0.728374422 -0.366313815
vn -0.579037964 0.728374422 -0.366313815
vn -0.579037964 0.728374422 -0.366313815
vn -0.381189942 -0.588169515 0.713267684
vn -0.381189942 -0.588169515 0.713267684
vn -0.381189942 -0.588169515 0.713267684
vn -0.381189942 -0.588169515 0.713267684
vn -0.404392093 0.377903312 0.832860172
vn -0.404392093 0.377903312 0.832860172
vn -0.404392093 0.377903312 0.832860172
vn -0.404392093 0.377903312 0.832860172
vn 0.362151921 0.905424178 -0.221479073
vn 0.362151921 0.905424178 -0.221479073
vn 0.362151921 0.905424178 -0.221479073
vn 0.362151921 0.905424178 -0.221479073
vn 0.0235015061 -0.784419954 -0.619784653
vn 0.0235015061 -0.784419954 -0.619784653
vn 0.0235015061 -0.784419954 -0.619784653
vn 0.0235015061 -0.784419954 -0.619784653
vn 0.489252359 -0.783233047 -0.383638054
vn 0.489252359 -0.783233047 -0.383638054
vn 0.489252359 -0.783233047 -0.383638054
vn 0.489252359 -0.783233047 -0.383638054
vn -0.653382123 -0.0728609934 -0.753513753
vn -0.653382123 -0.0728609934 -0.753513753
vn -0.653382123 -0.0728609934 -0.753513753
vn -0.653382123 -0.0728609934 -0.753513753
vn -0.147192538 -0.963771224 -0.222439408
vn -0.147192538 -0.963771224 -0.222439408
vn -0.147192538 -0.963771224 -0.222439408
vn -0.147192538 -0.963771224 -0.222439408
vn -0.37020129 -0.896720886 -0.242575005
vn -0.37020129 -0.896720886 -0.242575005
vn -0.37020129 -0.896720886 -0.242575005
vn -0.37020129 -0.896720886 -0.242575005
vn 0.450012237 0.141823262 0.881688774
vn 0.450012237 0.141823262 0.881688774
vn 0.450012237 0.141823262 0.881688774
vn 0.450012237 0.141823262 0.881688774
vn -0.21402888 0.719166577 0.661053002
vn -0.21402888 0.719166577 0.661053002
vn -0.21402888 0.719166577 0.661053002
vn -0.21402888 0.719166577 0.661053002
vn 0.672861099 -0.0440377891 0.738456905
vn 0.672861099 -0.0440377891 0.738456905
vn 0.672861099 -0.0440377891 0.738456905
vn 0.672861099 -0.0440377891 0.738456905
vn -0.0416606963 -0.881895602 0.469600409
vn -0.0416606963 -0.881895602 0.469600409
vn -0.0416606963 -0.881895602 0.469600409
vn -0.0416606963 -0.881895602 0.469600409
vn -0.0841356739 0.74206543 0.665026426
vn -0.0841356739 0.74206543 0.665026426
vn -0.0841356739 0.74206543 0.665026426
vn -0.0841356739 0.74206543 0.665026426
vn -0.58538419 -0.0421735346 0.809658408
vn -0.58538419 -0.0421735346 0.809658408
vn -0.58538419 -0.0421735346 0.809658408
vn -0.58538419 -0.0421735346 0.809658408
vn 0.365121573 -0.524555743 -0.769108295
vn 0.365121573 -0.524555743 -0.769108295
vn 0.365121573 -0.524555743 -0.769108295
vn 0.365121573 -0.524555743 -0.769108295
vn 0.819874048 -0.269399762 -0.505203307
vn 0.819874048 -0.269399762 -0.505203307
vn 0.819874048 -0.269399762 -0.505203307
vn 0.819874048 -0.269399762 -0.505203307
vn -0.449381918 -0.667714477 0.59347558
vn -0.449381918 -0.667714477 0.59347558
vn -0.449381918 -0.667714477 0.59347558
vn -0.449381918 -0.667714477 0.59347558
vn -0.555865288 -0.517553747 -0.65050137
vn -0.555865288 -0.517553747 -0.65050137
vn -0.555865288 -0.517553747 -0.65050137
vn -0.555865288 -0.517553747 -0.65050137
vn -0.615273535 -0.711854994 0.33867529
vn -0.615273535 -0.711854994 0.33867529
vn -0.615273535 -0.711854994 0.33867529
vn -0.615273535 -0.711854994 0.33867529
vn 0.671190023 0.63130939 -0.388525873
vn 0.671190023 0.63130939 -0.388525873
vn 0.671190023 0.63130939 -0.388525873
vn 0.671190023 0.63130939 -0.388525873
vn 0.494998842 0.656966865 0.568656921
vn 0.494998842 0.656966865 0.568656921
vn 0.494998842 0.656966865 0.568656921
vn 0.494998842 0.656966865 0.568656921
vn -0.852974474 0.305488795 0.42321527
vn -0.852974474 0.305488795 0.42321527
vn -0.852974474 0.305488795 0.42321527
vn -0.852974474 0.305488795 0.42321527
vn 0.559441209 0.000286698312 0.828869879
vn 0.559441209 0.000286698312 0.828869879
vn 0.559441209 0.000286698312 0.828869879
vn 0.559441209 0.000286698312 0.828869879
vn 0.455563486 0.823265254 0.338668436
vn 0.455563486 0.823265254 0.338668436
vn 0.455563486 0.823265254 0.338668436
vn 0.455563486 0.823265254 0.338668436
vn 0.480220288 0.378015459 -0.791512966
vn 0.480220288 0.378015459 -0.791512966
vn 0.480220288 0.378015459 -0.791512966
vn 0.480220288 0.378015459 -0.791512966
vn -0.154809877 0.966197073 -0.206148088
vn -0.154809877 0.966197073 -0.206148088
vn -0.154809877 0.966197073 -0.206148088
vn -0.154809877 0.966197073 -0.206148088
vn -0.612316966 -0.520165443 0.595395505
vn -0.612316966 -0.520165443 0.595395505
vn -0.612316966 -0.520165443 0.595395505
vn -0.612316966 -0.520165443 0.595395505
vn 0.505474806 -0.862762392 0.0116729923
vn 0.505474806 -0.862762392 0.0116729923
vn 0.505474806 -0.862762392 0.0116729923
vn 0.505474806 -0.862762392 0.0116729923
vn 0.788822174 -0.45658654 0.411446631
vn 0.788822174 -0.45658654 0.411446631
vn 0.788822174 -0.45658654 0.411446631
vn 0.788822174 -0.45658654 0.411446631
vn 0.2872127 -0.299627125 -0.909798026
vn 0.2872127 -0.299627125 -0.909798026
vn 0.2872127 -0.299627125 -0.909798026
vn 0.2872127 -0.299627125 -0.909798026
vn -0.526626945 0.776192188 -0.346683711
vn -0.526626945 0.776192188 -0.346683711
vn -0.526626945 0.776192188 -0.346683711
vn -0.526626945 0.776192188 -0.346683711
vn 0.0506953076 0.868536174 -0.493026316
vn 0.0506953076 0.868536174 -0.493026316
vn 0.0506953076 0.868536174 -0.493026316
vn 0.0506953076 0.868536174 -0.493026316
vn 0.0646079481 -0.331133187 -0.941369534
vn 0.0646079481 -0.331133187 -0.941369534
vn 0.0646079481 -0.331133187 -0.941369534
vn 0.0646079481 -0.331133187 -0.941369534
vn 0.542249203 -0.802602112 0.248587251
vn 0.542249203 -0.802602112 0.248587251
vn 0.542249203 -0.802602112 0.248587251
vn 0.542249203 -0.802602112 0.248587251
vn 0.861291409 0.480212331 -0.166051999
vn 0.861291409 0.480212331 -0.166051999
vn 0.861291409 0.480212331 -0.166051999
vn 0.861291409 0.480212331 -0.166051999
vn -0.811963677 0.386950374 0.43701759
vn -0.811963677 0.386950374 0.43701759
vn -0.811963677 0.386950374 0.43701759
vn -0.811963677 0.386950374 0.43701759
vn 0.299593091 -0.746488869 0.594136655
vn 0.299593091 -0.746488869 0.594136655
vn 0.299593091 -0.746488869 0.594136655
vn 0.299593091 -0.746488869 0.594136655
vn -0.449491322 0.881329536 0.145657063
vn -0.449491322 0.881329536 0.145657063
vn -0.449491322 0.881329536 0.145657063
vn -0.449491322 0.881329536 0.145657063
vn -0.374584675 -0.90610373 -0.196627408
vn -0.374584675 -0.90610373 -0.196627408
vn -0.374584675 -0.90610373 -0.196627408
vn -0.374584675 -0.90610373 -0.196627408
vn -0.531776905 0.359217942 -0.766926229
vn -0.531776905 0.359217942 -0.766926229
vn -0.531776905 0.359217942 -0.766926229
vn -0.531776905 0.359217942 -0.766926229
vn 0.382357985 -0.907365561 -0.174614176
vn 0.382357985 -0.907365561 -0.174614176
vn 0.382357985 -0.907365561 -0.174614176
vn 0.382357985 -0.907365561 -0.174614176
vn 0.953041613 -0.301114649 -0.0322744101
vn 0.953041613 -0.301114649 -0.0322744101
vn 0.953041613 -0.301114649 -0.0322744101
vn 0.953041613 -0.301114649 -0.0322744101
vn -0.895466506 0.341714084 0.285256267
vn -0.895466506 0.341714084 0.285256267
vn -0.895466506 0.341714084 0.285256267
vn -0.895466506 0.341714084 0.285256267
vn 0.721350431 -0.690934181 0.0475758612
vn 0.721350431 -0.690934181 0.0475758612
vn 0.721350431 -0.690934181 0.0475758612
vn 0.721350431 -0.690934181 0.0475758612
vn 0.991317451 0.130991772 -0.0114379199
vn 0.991317451 0.130991772 -0.0114379199
vn 0.991317451 0.130991772 -0.0114379199
vn 0.991317451 0.130991772 -0.0114379199
vn 0.0618918985 -0.967026532 -0.247040853
vn 0.0618918985 -0.967026532 -0.247040853
vn 0.0618918985 -0.967026532 -0.247040853
vn 0.0618918985 -0.967026532 -0.247040853
vn 0.731411397 0.53471905 -0.423217416
vn 0.731411397 0.53471905 -0.423217416
vn 0.731411397 0.53471905 -0.423217416
vn 0.731411397 0.53471905 -0.423217416
vn -0.148015097 0.915080369 -0.375126004
vn -0.148015097 0.915080369 -0.375126004
vn -0.148015097 0.915080369 -0.375126004
vn -0.148015097 0.915080369 -0.375126004
vn -0.460836589 0.390894473 -0.796762943
vn -0.460836589 0.390894473 -0.796762943
vn -0.460836589 0.390894473 -0.796762943
vn -0.460836589 0.390894473 -0.796762943
vn 0.891071737 -0.201395124 -0.406732321
vn 0.891071737 -0.201395124 -0.406732321
vn 0.891071737 -0.201395124 -0.406732321
vn 0.891071737 -0.201395124 -0.406732321
vn 0.927370369 0.256991863 0.271918118
vn 0.927370369 0.256991863 0.271918118
vn 0.927370369 0.256991863 0.271918118
vn 0.927370369 0.256991863 0.271918118
vn -0.916602492 0.135412619 -0.376169205
vn -0.916602492 0.135412619 -0.376169205
vn -0.916602492 0.135412619 -0.376169205
vn -0.916602492 0.135412619 -0.376169205
vn 0.0643691644 -0.973236918 0.220604852
vn 0.0643691644 -0.973236918 0.220604852
vn 0.0643691644 -0.973236918 0.220604852
vn 0.0643691644 -0.973236918 0.220604852
vn 0.377844632 0.857611895 0.348905742
vn 0.377844632 0.857611895 0.348905742
vn 0.377844632 0.857611895 0.348905742
vn 0.377844632 0.857611895 0.348905742
vn -0.247999653 0.944366693 -0.216027051
vn -0.247999653 0.944366693 -0.216027051
vn -0.247999653 0.944366693 -0.216027051
vn -0.247999653 0.944366693 -0.216027051
vn 0.110243656 0.971477032 -0.209949061
vn 0.110243656 0.971477032 -0.209949061
vn 0.110243656 0.971477032 -0.209949061
vn 0.110243656 0.971477032 -0.209949061
vn -0.502349317 0.42532593 0.752823353
vn -0.502349317 0.42532593 0.752823353
vn -0.502349317 0.42532593 0.752823353
vn -0.502349317 0.42532593 0.752823353
vn -0.859689832 0.397172213 0.321228474
vn -0.859689832 0.397172213 0.321228474
vn -0.859689832 0.397172213 0.321228474
vn -0.859689832 0.397172213 0.321228474
vn -0.802544236 -0.564546883 -0.192897782
vn -0.802544236 -0.564546883 -0.192897782
vn -0.802544236 -0.564546883 -0.192897782
vn -0.802544236 -0.564546883 -0.192897782
vn 0.830741346 0.525042057 -0.184931651
vn 0.830741346 0.525042057 -0.184931651
vn 0.830741346 0.525042057 -0.184931651
vn 0.830741346 0.525042057 -0.184931651
vn -0.789905548 0.534083188 -0.3013376
vn -0.789905548 0.534083188 -0.3013376
vn -0.789905548 0.534083188 -0.3013376
vn -0.789905548 0.534083188 -0.3013376
vn -0.493348479 -0.300953507 0.81610924
vn -0.493348479 -0.300953507 0.81610924
vn -0.493348479 -0.300953507 0.81610924
vn -0.493348479 -0.300953507 0.81610924
vn 0.394591898 0.723639071 0.566254079
vn 0.394591898 0.723639071 0.566254079
vn 0.394591898 0.723639071 0.566254079
vn 0.394591898 0.723639071 0.566254079
vn -0.369285822 -0.663604319 -0.650582254
vn -0.369285822 -0.663604319 -0.650582254
vn -0.369285822 -0.663604319 -0.650582254
vn -0.369285822 -0.663604319 -0.650582254
vn -0.907250404 -0.0147533519 0.420332193
vn -0.907250404 -0.0147533519 0.420332193
vn -0.907250404 -0.0147533519 0.420332193
vn -0.907250404 -0.0147533519 0.420332193
vn -0.0985133871 0.994691372 0.0297360402
vn -0.0985133871 0.994691372 0.0297360402
vn -0.0985133871 0.994691372 0.0297360402
vn -0.0985133871 0.994691372 0.0297360402
vn -0.304475546 0.924258113 -0.230307713
vn -0.304475546 0.924258113 -0.230307713
vn -0.304475546 0.924258113 -0.230307713
vn -0.304475546 0.924258113 -0.230307713
vn 0.98668772 -0.162615642 0.00186093152
vn 0.98668772 -0.162615642 0.00186093152
vn 0.98668772 -0.162615642 0.00186093152
vn 0.98668772 -0.162615642 0.00186093152
vn -0.838962376 0.507272124 0.19702068
vn -0.838962376 0.507272124 0.19702068
vn -0.838962376 0.507272124 0.19702068
vn -0.838962376 0.507272124 0.19702068
vn -0.537306368 0.813572526 0.222264782
vn -0.537306368 0.813572526 0.222264782
vn -0.537306368 0.813572526 0.222264782
vn -0.537306368 0.813572526 0.222264782
vn -0.623155177 -0.295645237 -0.7240659
vn -0.623155177 -0.295645237 -0.7240659
vn -0.623155177 -0.295645237 -0.7240659
vn -0.623155177 -0.295645237 -0.7240659
vn -0.509774029 0.684008539 -0.521788001
vn -0.509774029 0.684008539 -0.521788001
vn -0.509774029 0.684008539 -0.521788001
vn -0.509774029 0.684008539 -0.521788001
vn 0.78789103 -0.589078724 -0.179482475
vn 0.78789103 -0.589078724 -0.179482475
vn 0.78789103 -0.589078724 -0.179482475
vn 0.78789103 -0.589078724 -0.179482475
vn 0.456233114 0.812640548 0.362583369
vn 0.456233114 0.812640548 0.362583369
vn 0.456233114 0.812640548 0.362583369
vn 0.456233114 0.812640548 0.362583369
vn 0.535815239 0.743702352 0.399760813
vn 0.535815239 0.743702352 0.399760813
vn 0.535815239 0.743702352 0.399760813
vn 0.535815239 0.743702352 0.399760813
vn -0.932436526 -0.347801238 -0.0979610607
vn -0.932436526 -0.347801238 -0.0979610607
vn -0.932436526 -0.347801238 -0.0979610607
vn -0.932436526 -0.347801238 -0.0979610607
vn -0.566816866 -0.785928488 -0.24705264
vn -0.566816866 -0.785928488 -0.24705264
vn -0.566816866 -0.785928488 -0.24705264
vn -0.566816866 -0.785928488 -0.24705264
vn -0.834933519 -0.498105049 0.234045699
vn -0.834933519 -0.498105049 0.234045699
vn -0.834933519 -0.498105049 0.234045699
vn -0.834933519 -0.498105049 0.234045699
vn -0.260568738 0.619432271 -0.740545452
vn -0.260568738 0.619432271 -0.740545452
vn -0.260568738 0.619432271 -0.740545452
vn -0.260568738 0.619432271 -0.740545452
vn 0.958674371 -0.251153052 0.133661956
vn 0.958674371 -0.251153052 0.133661956
vn 0.958674371 -0.251153052 0.133661956
vn 0.958674371 -0.251153052 0.133661956
vn 0.263439387 -0.963744283 -0.0423855297
vn 0.263439387 -0.963744283 -0.0423855297
vn 0.263439387 -0.963744283 -0.0423855297
vn 0.263439387 -0.963744283 -0.0423855297
vn 0.862057269 0.219637811 -0.456745505
vn 0.862057269 0.219637811 -0.456745505
vn 0.862057269 0.219637811 -0.456745505
vn 0.862057269 0.219637811 -0.456745505
vn -0.887491941 0.165725738 0.429991901
vn -0.887491941 0.165725738 0.429991901
vn -0.887491941 0.165725738 0.429991901
vn -0.887491941 0.165725738 0.429991901
vn -0.30080232 -0.942672133 0.144524395
vn -0.30080232 -0.942672133 0.144524395
vn -0.30080232 -0.942672133 0.144524395
vn -0.30080232 -0.942672133 0.144524395
vn -0.266844213 0.774915338 -0.572975039
vn -0.266844213 0.774915338 -0.572975039
vn -0.266844213 0.774915338 -0.572975039
vn -0.266844213 0.774915338 -0.572975039
vn -0.395945191 -0.831179142 -0.390344262
vn -0.395945191 -0.831179142 -0.390344262
vn -0.395945191 -0.831179142 -0.390344262
vn -0.395945191 -0.831179142 -0.390344262
vn -0.175405473 -0.192710847 0.965450883
vn -0.175405473 -0.192710847 0.965450883
vn -0.175405473 -0.192710847 0.965450883
vn -0.175405473 -0.192710847 0.965450883
vn 0.573248684 -0.524886012 -0.629190445
vn 0.573248684 -0.524886012 -0.629190445
vn 0.573248684 -0.524886012 -0.629190445
vn 0.573248684 -0.524886012 -0.629190445
vn 0.513148665 0.19706282 0.835371017
vn 0.513148665 0.19706282 0.835371017
vn 0.513148665 0.19706282 0.835371017
vn 0.513148665 0.19706282 0.835371017
vn 0.378672123 0.445175111 -0.811434865
vn 0.378672123 0.445175111 -0.811434865
vn 0.378672123 0.445175111 -0.811434865
vn 0.378672123 0.445175111 -0.811434865
vn 0.567081809 -0.675279677 0.471609592
vn 0.567081809 -0.675279677 0.471609592
vn 0.567081809 -0.675279677 0.471609592
vn 0.567081809 -0.675279677 0.471609592
vn 0.980017722 -0.198067844 0.018283939
vn 0.980017722 -0.198067844 0.018283939
vn 0.980017722 -0.198067844 0.018283939
vn 0.980017722 -0.198067844 0.018283939
vn -0.0706837848 -0.844393551 -0.531039774
vn -0.0706837848 -0.844393551 -0.531039774
vn -0.0706837848 -0.844393551 -0.531039774
vn -0.0706837848 -0.844393551 -0.531039774
vn -0.0755626708 -0.495755255 -0.865168869
vn -0.0755626708 -0.495755255 -0.865168869
vn -0.0755626708 -0.495755255 -0.865168869
vn -0.0755626708 -0.495755255 -0.865168869
vn -0.391610652 0.298821747 -0.870256662
vn -0.391610652 0.298821747 -0.870256662
vn -0.391610652 0.298821747 -0.870256662
vn -0.391610652 0.298821747 -0.870256662
vn 0.47203514 -0.0202612281 0.881346822
vn 0.47203514 -0.0202612281 0.881346822
vn 0.47203514 -0.0202612281 0.881346822
vn 0.47203514 -0.0202612281 0.881346822
vn -0.92599988 -0.315299988 -0.207629815
vn -0.92599988 -0.315299988 -0.207629815
vn -0.92599988 -0.315299988 -0.207629815
vn -0.92599988 -0.315299988 -0.207629815
vn 0.350611418 -0.89947021 -0.260816127
vn 0.350611418 -0.89947021 -0.260816127
vn 0.350611418 -0.89947021 -0.260816127
vn 0.350611418 -0.89947021 -0.260816127
vn -0.636355281 -0.711436749 -0.298177391
vn -0.636355281 -0.711436749 -0.298177391
vn -0.636355281 -0.711436749 -0.298177391
vn -0.636355281 -0.711436749 -0.298177391
vn 0.345106155 -0.919461071 0.188396037
vn 0.345106155 -0.919461071 0.188396037
vn 0.345106155 -0.919461071 0.188396037
vn 0.345106155 -0.919461071 0.188396037
vn -0.837895036 0.500271201 -0.218313351
vn -0.837895036 0.500271201 -0.218313351
vn -0.837895036 0.500271201 -0.218313351
vn -0.837895036 0.500271201 -0.218313351
vn 0.783251345 -0.41064477 0.466784954
vn 0.783251345 -0.41064477 0.466784954
vn 0.783251345 -0.41064477 0.466784954
vn 0.783251345 -0.41064477 0.466784954
vn -0.692453921 0.721353292 0.0125246923
vn -0.692453921 0.721353292 0.0125246923
vn -0.692453921 0.721353292 0.0125246923
vn -0.692453921 0.721353292 0.0125246923
vn -0.0156203732 -0.878212214 -0.478016019
vn -0.0156203732 -0.878212214 -0.478016019
vn -0.0156203732 -0.878212214 -0.478016019
vn -0.0156203732 -0.878212214 -0.478016019
vn 0.344624072 0.873839974 -0.342983812
vn 0.344624072 0.873839974 -0.342983812
vn 0.344624072 0.873839974 -0.342983812
vn 0.344624072 0.873839974 -0.342983812
vn 0.983174443 0.14547947 0.110469908
vn 0.983174443 0.14547947 0.110469908
vn 0.983174443 0.14547947 0.110469908
vn 0.983174443 0.14547947 0.110469908
vn -0.0874590948 -0.11245314 -0.989800513
vn -0.0874590948 -0.11245314 -0.989800513
vn -0.0874590948 -0.11245314 -0.989800513
vn -0.0874590948 -0.11245314 -0.989800513
vn -0.736513078 -0.551540375 0.391601384
vn -0.736513078 -0.551540375 0.391601384
vn -0.736513078 -0.551540375 0.391601384
vn -0.736513078 -0.551540375 0.391601384
vn 0.999110222 -0.0400373302 0.0132586937
vn 0.999110222 -0.0400373302 0.0132586937
vn 0.999110222 -0.0400373302 0.0132586937
vn 0.999110222 -0.0400373302 0.0132586937
vn -0.182733864 0.958560884 -0.218561962
vn -0.182733864 0.958560884 -0.218561962
vn -0.182733864 0.958560884 -0.218561962
vn -0.182733864 0.958560884 -0.218561962
vn -0.710784793 0.353139758 -0.608339846
vn -0.710784793 0.353139758 -0.608339846
vn -0.710784793 0.353139758 -0.608339846
vn -0.710784793 0.353139758 -0.608339846
vn -0.657625973 0.326597184 -0.678868473
vn -0.657625973 0.326597184 -0.678868473
vn -0.657625973 0.326597184 -0.678868473
vn -0.657625973 0.326597184 -0.678868473
vn 0.907601357 -0.193784326 0.372434258
vn 0.907601357 -0.193784326 0.372434258
vn 0.907601357 -0.193784326 0.372434258
vn 0.907601357 -0.193784326 0.372434258
vn 0.174303934 0.83409667 0.523355544
vn 0.174303934 0.83409667 0.523355544
vn 0.174303934 0.83409667 0.523355544
vn 0.174303934 0.83409667 0.523355544
vn -0.579298437 0.504259586 0.64041841
vn -0.579298437 0.504259586 0.64041841
vn -0.579298437 0.504259586 0.64041841
vn -0.579298437 0.504259586 0.64041841
vn -0.202302933 -0.952453852 0.227827221
vn -0.202302933 -0.952453852 0.227827221
vn -0.202302933 -0.952453852 0.227827221
vn -0.202302933 -0.952453852 0.227827221
vn -0.394748181 0.338417917 -0.854193866
vn -0.394748181 0.338417917 -0.854193866
vn -0.394748181 0.338417917 -0.854193866
vn -0.394748181 0.338417917 -0.854193866
vn 0.256153256 -0.0560342558 0.965010762
vn 0.256153256 -0.0560342558 0.965010762
vn 0.256153256 -0.0560342558 0.965010762
vn 0.256153256 -0.0560342558 0.965010762
g 
f 290//290 294//294 293//293 292//292 291//291
f 294//294 290//290 5//5 1//1
f 290//290 291//291 4//4 5//5
f 291//291 292//292 3//3 4//4
f 292//292 293//293 2//2 3//3
f 293//293 294//294 1//1 2//2
f 5//5 4//4 9//9 10//10
f 4//4 3//3 8//8 9//9
f 3//3 2//2 7//7 8//8
f 2//2 1//1 6//6 7//7
f 1//1 5//5 10//10 6//6
f 8//8 7//7 12//12 13//13
f 7//7 6//6 11//11 12//12
f 6//6 10//10 15//15 11//11
f 10//10 9//9 14//14 15//15
f 9//9 8//8 13//13 14//14
f 15//15 14//14 19//19 20//20
f 14//14 13//13 18//18 19//19
f 13//13 12//12 17//17 18//18
f 12//12 11//11 16//16 17//17
f 11//11 15//15 20//20 16//16
f 19//19 18//18 23//23 24//24
f 18//18 17//17 22//22 23//23
f 17//17 16//16 21//21 22//22
f 16//16 20//20 25//25 21//21
f 20//20 19//19 24//24 25//25
f 27//27 31//31 24//24
f 27//27 24//24 23//23
f 26//26 27//27 23//23
f 26//26 23//23 22//22
f 28//28 26//26 22//22
f 28//28 22//22 21//21
f 29//29 28//28 21//21
f 29//29 21//21 25//25
f 30//30 29//29 25//25
f 30//30 25//25 24//24
f 31//31 30//30 24//24
f 43//43 42//42 27//27
f 43//43 27//27 26//26
f 44//44 43//43 26//26
f 44//44 26//26 28//28
f 44//44 28//28 32//32
f 40//40 44//44 32//32
f 40//40 32//32 34//34
f 39//39 40//40 34//34
f 39//39 34//34 33//33
f 41//41 39//39 33//33
f 41//41 33//33 36//36
f 42//42 41//41 36//36
f 42//42 36//36 35//35
f 42//42 35//35 27//27
f 52//52 45//45 47//47
f 54//54 52//52 47//47
f 54//54 47//47 46//46
f 53//53 54//54 46//46
f 51//51 53//53 46//46
f 51//51 46//46 48//48
f 56//56 51//51 48//48
f 56//56 48//48 40//40
f 56//56 40//40 39//39
f 55//55 56//56 39//39
f 55//55 39//39 41//41
f 52//52 55//55 41//41
f 52//52 41//41 45//45
f 58//58 52//52 60//60 63//63
f 52//52 54//54 62//62 60//60
f 54//54 53//53 61//61 62//62
f 53//53 51//51 59//59 61//61
f 51//51 57//57 64//64 59//59
f 57//57 58//58 63//63 64//64
f 299//299 295//295 296//296 297//297 298//298
f 298//298 61//61 59//59
f 299//299 298//298 59//59
f 299//299 59//59 65//65
f 295//295 299//299 65//65
f 295//295 65//65 66//66
f 296//296 295//295 66//66
f 296//296 66//66 60//60
f 297//297 296//296 60//60
f 297//297 60//60 62//62
f 298//298 297//297 62//62
f 298//298 62//62 61//61
f 304//304 300//300 301//301 302//302 303//303
f 303//303 65//65 59//59
f 304//304 303//303 59//59
f 304//304 59//59 64//64
f 300//300 304//304 64//64
f 300//300 64//64 63//63
f 301//301 300//300 63//63
f 301//301 63//63 60//60
f 302//302 301//301 60//60
f 302//302 60//60 66//66
f 302//302 66//66 65//65
f 303//303 302//302 65//65
f 58//58 57//57 69//69 70//70
f 57//57 51//51 67//67 69//69
f 51//51 56//56 72//72 67//67
f 56//56 55//55 71//71 72//72
f 55//55 52//52 68//68 71//71
f 52//52 58//58 70//70 68//68
f 309//309 305//305 306//306 307//307 308//308
f 306//306 68//68 70//70
f 307//307 306//306 70//70
f 307//307 70//70 69//69
f 308//308 307//307 69//69
f 308//308 69//69 67//67
f 309//309 308//308 67//67
f 309//309 67//67 73//73
f 305//305 309//309 73//73
f 305//305 73//73 74//74
f 306//306 305//305 74//74
f 306//306 74//74 68//68
f 314//314 310//310 311//311 312//312 313//313
f 311//311 68//68 74//74
f 312//312 311//311 74//74
f 312//312 74//74 73//73
f 313//313 312//312 73//73
f 313//313 73//73 67//67
f 314//314 313//313 67//67
f 314//314 67//67 72//72
f 310//310 314//314 72//72
f 310//310 72//72 71//71
f 311//311 310//310 71//71
f 311//311 71//71 68//68
f 80//80 42//42 43//43
f 79//79 80//80 43//43
f 79//79 43//43 49//49
f 79//79 49//49 50//50
f 76//76 79//79 50//50
f 76//76 50//50 46//46
f 78//78 76//76 46//46
f 78//78 46//46 47//47
f 77//77 78//78 47//47
f 77//77 47//47 45//45
f 75//75 77//77 45//45
f 75//75 45//45 41//41
f 75//75 41//41 42//42
f 80//80 75//75 42//42
f 81//81 82//82 86//86 84//84
f 82//82 76//76 85//85 86//86
f 76//76 78//78 83//83 85//85
f 78//78 77//77 88//88 83//83
f 77//77 75//75 87//87 88//88
f 75//75 81//81 84//84 87//87
f 319//319 315//315 316//316 317//317 318//318
f 319//319 83//83 89//89
f 315//315 319//319 89//89
f 315//315 89//89 90//90
f 316//316 315//315 90//90
f 316//316 90//90 84//84
f 317//317 316//316 84//84
f 317//317 84//84 86//86
f 318//318 317//317 86//86
f 318//318 86//86 85//85
f 319//319 318//318 85//85
f 319//319 85//85 83//83
f 324//324 320//320 321//321 322//322 323//323
f 324//324 83//83 88//88
f 320//320 324//324 88//88
f 320//320 88//88 87//87
f 321//321 320//320 87//87
f 321//321 87//87 84//84
f 322//322 321//321 84//84
f 322//322 84//84 90//90
f 323//323 322//322 90//90
f 323//323 90//90 89//89
f 324//324 323//323 89//89
f 324//324 89//89 83//83
f 80//80 79//79 95//95 96//96
f 79//79 76//76 92//92 95//95
f 76//76 82//82 94//94 92//92
f 82//82 81//81 93//93 94//94
f 81//81 75//75 91//91 93//93
f 75//75 80//80 96//96 91//91
f 329//329 325//325 326//326 327//327 328//328
f 326//326 91//91 97//97
f 327//327 326//326 97//97
f 327//327 97//97 98//98
f 328//328 327//327 98//98
f 328//328 98//98 92//92
f 329//329 328//328 92//92
f 329//329 92//92 94//94
f 325//325 329//329 94//94
f 325//325 94//94 93//93
f 326//326 325//325 93//93
f 326//326 93//93 91//91
f 334//334 330//330 331//331 332//332 333//333
f 331//331 91//91 96//96
f 332//332 331//331 96//96
f 332//332 96//96 95//95
f 333//333 332//332 95//95
f 333//333 95//95 92//92
f 334//334 333//333 92//92
f 334//334 92//92 98//98
f 330//330 334//334 98//98
f 330//330 98//98 97//97
f 331//331 330//330 97//97
f 331//331 97//97 91//91
f 102//102 100//100 48//48
f 102//102 48//48 46//46
f 101//101 102//102 46//46
f 101//101 46//46 50//50
f 99//99 101//101 50//50
f 99//99 50//50 49//49
f 104//104 99//99 49//49
f 104//104 49//49 43//43
f 104//104 43//43 44//44
f 103//103 104//104 44//44
f 103//103 44//44 40//40
f 100//100 103//103 40//40
f 100//100 40//40 48//48
f 106//106 100//100 112//112 107//107
f 100//100 102//102 111//111 112//112
f 102//102 101//101 108//108 111//111
f 101//101 99//99 110//110 108//108
f 99//99 105//105 109//109 110//110
f 105//105 106//106 107//107 109//109
f 339//339 335//335 336//336 337//337 338//338
f 336//336 114//114 108//108
f 337//337 336//336 108//108
f 337//337 108//108 110//110
f 338//338 337//337 110//110
f 338//338 110//110 109//109
f 339//339 338//338 109//109
f 339//339 109//109 107//107
f 339//339 107//107 113//113
f 335//335 339//339 113//113
f 335//335 113//113 114//114
f 336//336 335//335 114//114
f 344//344 340//340 341//341 342//342 343//343
f 340//340 112//112 111//111
f 341//341 340//340 111//111
f 341//341 111//111 108//108
f 342//342 341//341 108//108
f 342//342 108//108 114//114
f 343//343 342//342 114//114
f 343//343 114//114 113//113
f 344//344 343//343 113//113
f 344//344 113//113 107//107
f 340//340 344//344 107//107
f 340//340 107//107 112//112
f 106//106 105//105 117//117 118//118
f 105//105 99//99 115//115 117//117
f 99//99 104//104 120//120 115//115
f 104//104 103//103 119//119 120//120
f 103//103 100//100 116//116 119//119
f 100//100 106//106 118//118 116//116
f 349//349 345//345 346//346 347//347 348//348
f 347//347 115//115 121//121
f 348//348 347//347 121//121
f 348//348 121//121 122//122
f 349//349 348//348 122//122
f 349//349 122//122 116//116
f 345//345 349//349 116//116
f 345//345 116//116 118//118
f 346//346 345//345 118//118
f 346//346 118//118 117//117
f 347//347 346//346 117//117
f 347//347 117//117 115//115
f 354//354 350//350 351//351 352//352 353//353
f 351//351 350//350 122//122
f 351//351 122//122 121//121
f 352//352 351//351 121//121
f 352//352 121//121 115//115
f 352//352 115//115 120//120
f 353//353 352//352 120//120
f 353//353 120//120 119//119
f 354//354 353//353 119//119
f 354//354 119//119 116//116
f 350//350 354//354 116//116
f 350//350 116//116 122//122
f 127//127 30//30 37//37
f 127//127 37//37 38//38
f 128//128 127//127 38//38
f 128//128 38//38 33//33
f 124//124 128//128 33//33
f 123//123 124//124 33//33
f 123//123 33//33 34//34
f 125//125 123//123 34//34
f 125//125 34//34 32//32
f 125//125 32//32 28//28
f 126//126 125//125 28//28
f 126//126 28//28 29//29
f 127//127 126//126 29//29
f 127//127 29//29 30//30
f 137//137 138//138 130//130
f 137//137 130//130 132//132
f 135//135 137//137 132//132
f 135//135 132//132 124//124
f 135//135 124//124 123//123
f 140//140 135//135 123//123
f 140//140 123//123 125//125
f 139//139 140//140 125//125
f 139//139 125//125 129//129
f 139//139 129//129 131//131
f 136//136 139//139 131//131
f 136//136 131//131 130//130
f 138//138 136//136 130//130
f 141//141 142//142 145//145 146//146
f 142//142 136//136 143//143 145//145
f 136//136 138//138 148//148 143//143
f 138//138 137//137 147//147 148//148
f 137//137 135//135 144//144 147//147
f 135//135 141//141 146//146 144//144
f 359//359 355//355 356//356 357//357 358//358
f 356//356 150//150 144//144
f 357//357 356//356 144//144
f 357//357 144//144 146//146
f 358//358 357//357 146//146
f 358//358 146//146 145//145
f 359//359 358//358 145//145
f 359//359 145//145 143//143
f 359//359 143//143 149//149
f 355//355 359//359 149//149
f 355//355 149//149 150//150
f 356//356 355//355 150//150
f 364//364 360//360 361//361 362//362 363//363
f 364//364 143//143 148//148
f 360//360 364//364 148//148
f 360//360 148//148 147//147
f 361//361 360//360 147//147
f 361//361 147//147 144//144
f 362//362 361//361 144//144
f 362//362 144//144 150//150
f 363//363 362//362 150//150
f 363//363 150//150 149//149
f 364//364 363//363 149//149
f 364//364 149//149 143//143
f 136//136 142//142 154//154 152//152
f 142//142 141//141 153//153 154//154
f 141//141 135//135 151//151 153//153
f 135//135 140//140 156//156 151//151
f 140//140 139//139 155//155 156//156
f 139//139 136//136 152//152 155//155
f 369//369 365//365 366//366 367//367 368//368
f 367//367 151//151 157//157
f 368//368 367//367 157//157
f 368//368 157//157 158//158
f 369//369 368//368 158//158
f 369//369 158//158 152//152
f 365//365 369//369 152//152
f 365//365 152//152 154//154
f 366//366 365//365 154//154
f 366//366 154//154 153//153
f 367//367 366//366 153//153
f 367//367 153//153 151//151
f 374//374 370//370 371//371 372//372 373//373
f 371//371 370//370 158//158
f 371//371 158//158 157//157
f 372//372 371//371 157//157
f 372//372 157//157 151//151
f 372//372 151//151 156//156
f 373//373 372//372 156//156
f 373//373 156//156 155//155
f 374//374 373//373 155//155
f 374//374 155//155 152//152
f 370//370 374//374 152//152
f 370//370 152//152 158//158
f 162//162 160//160 134//134
f 162//162 134//134 130//130
f 161//161 162//162 130//130
f 161//161 130//130 131//131
f 159//159 161//161 131//131
f 159//159 131//131 129//129
f 159//159 129//129 125//125
f 164//164 159//159 125//125
f 164//164 125//125 126//126
f 163//163 164//164 126//126
f 163//163 126//126 127//127
f 163//163 127//127 133//133
f 160//160 163//163 133//133
f 160//160 133//133 134//134
f 159//159 165//165 167//167 169//169
f 165//165 166//166 172//172 167//167
f 166//166 160//160 171//171 172//172
f 160//160 162//162 168//168 171//171
f 162//162 161//161 170//170 168//168
f 161//161 159//159 169//169 170//170
f 379//379 375//375 376//376 377//377 378//378
f 378//378 169//169 167//167
f 379//379 378//378 167//167
f 379//379 167//167 173//173
f 375//375 379//379 173//173
f 375//375 173//173 174//174
f 376//376 375//375 174//174
f 376//376 174//174 168//168
f 377//377 376//376 168//168
f 377//377 168//168 170//170
f 378//378 377//377 170//170
f 378//378 170//170 169//169
f 384//384 380//380 381//381 382//382 383//383
f 383//383 382//382 174//174
f 383//383 174//174 173//173
f 384//384 383//383 173//173
f 384//384 173//173 167//167
f 384//384 167//167 172//172
f 380//380 384//384 172//172
f 380//380 172//172 171//171
f 381//381 380//380 171//171
f 381//381 171//171 168//168
f 382//382 381//381 168//168
f 382//382 168//168 174//174
f 165//165 159//159 175//175 177//177
f 159//159 164//164 180//180 175//175
f 164//164 163//163 179//179 180//180
f 163//163 160//160 176//176 179//179
f 160//160 166//166 178//178 176//176
f 166//166 165//165 177//177 178//178
f 389//389 385//385 386//386 387//387 388//388
f 385//385 182//182 176//176
f 386//386 385//385 176//176
f 386//386 176//176 178//178
f 387//387 386//386 178//178
f 387//387 178//178 177//177
f 388//388 387//387 177//177
f 388//388 177//177 175//175
f 388//388 175//175 181//181
f 389//389 388//388 181//181
f 389//389 181//181 182//182
f 385//385 389//389 182//182
f 394//394 390//390 391//391 392//392 393//393
f 394//394 180//180 179//179
f 390//390 394//394 179//179
f 390//390 179//179 176//176
f 391//391 390//390 176//176
f 391//391 176//176 182//182
f 392//392 391//391 182//182
f 392//392 182//182 181//181
f 393//393 392//392 181//181
f 393//393 181//181 175//175
f 394//394 393//393 175//175
f 394//394 175//175 180//180
f 188//188 133//133 127//127
f 187//187 188//188 127//127
f 187//187 127//127 128//128
f 184//184 187//187 128//128
f 184//184 128//128 124//124
f 184//184 124//124 132//132
f 186//186 184//184 132//132
f 186//186 132//132 130//130
f 185//185 186//186 130//130
f 183//183 185//185 130//130
f 183//183 130//130 134//134
f 188//188 183//183 134//134
f 188//188 134//134 133//133
f 189//189 190//190 195//195 196//196
f 190//190 184//184 192//192 195//195
f 184//184 186//186 194//194 192//192
f 186//186 185//185 193//193 194//194
f 185//185 183//183 191//191 193//193
f 183//183 189//189 196//196 191//191
f 399//399 395//395 396//396 397//397 398//398
f 398//398 193//193 191//191
f 399//399 398//398 191//191
f 399//399 191//191 197//197
f 395//395 399//399 197//197
f 395//395 197//197 198//198
f 396//396 395//395 198//198
f 396//396 198//198 192//192
f 397//397 396//396 192//192
f 397//397 192//192 194//194
f 398//398 397//397 194//194
f 398//398 194//194 193//193
f 404//404 400//400 401//401 402//402 403//403
f 403//403 197//197 191//191
f 404//404 403//403 191//191
f 404//404 191//191 196//196
f 400//400 404//404 196//196
f 400//400 196//196 195//195
f 401//401 400//400 195//195
f 401//401 195//195 192//192
f 402//402 401//401 192//192
f 402//402 192//192 198//198
f 402//402 198//198 197//197
f 403//403 402//402 197//197
f 189//189 183//183 199//199 201//201
f 183//183 188//188 204//204 199//199
f 188//188 187//187 203//203 204//204
f 187//187 184//184 200//200 203//203
f 184//184 190//190 202//202 200//200
f 190//190 189//189 201//201 202//202
f 409//409 405//405 406//406 407//407 408//408
f 406//406 405//405 205//205
f 406//406 205//205 206//206
f 407//407 406//406 206//206
f 407//407 206//206 200//200
f 407//407 200//200 202//202
f 408//408 407//407 202//202
f 408//408 202//202 201//201
f 409//409 408//408 201//201
f 409//409 201//201 199//199
f 405//405 409//409 199//199
f 405//405 199//199 205//205
f 414//414 410//410 411//411 412//412 413//413
f 411//411 203//203 200//200
f 412//412 411//411 200//200
f 412//412 200//200 206//206
f 413//413 412//412 206//206
f 413//413 206//206 205//205
f 414//414 413//413 205//205
f 414//414 205//205 199//199
f 410//410 414//414 199//199
f 410//410 199//199 204//204
f 411//411 410//410 204//204
f 411//411 204//204 203//203
f 212//212 27//27 35//35
f 212//212 35//35 36//36
f 208//208 212//212 36//36
f 208//208 36//36 33//33
f 207//207 208//208 33//33
f 207//207 33//33 38//38
f 209//209 207//207 38//38
f 209//209 38//38 37//37
f 210//210 209//209 37//37
f 210//210 37//37 30//30
f 210//210 30//30 31//31
f 211//211 210//210 31//31
f 211//211 31//31 27//27
f 212//212 211//211 27//27
f 213//213 214//214 222//222 223//223
f 214//214 215//215 219//219 222//222
f 215//215 208//208 221//221 219//219
f 208//208 207//207 220//220 221//221
f 207//207 209//209 218//218 220//220
f 209//209 213//213 223//223 218//218
f 224//224 225//225 228//228 229//229
f 225//225 219//219 226//226 228//228
f 219//219 221//221 231//231 226//226
f 221//221 220//220 230//230 231//231
f 220//220 218//218 227//227 230//230
f 218//218 224//224 229//229 227//227
f 419//419 415//415 416//416 417//417 418//418
f 419//419 227//227 229//229
f 415//415 419//419 229//229
f 415//415 229//229 228//228
f 416//416 415//415 228//228
f 416//416 228//228 226//226
f 417//417 416//416 226//226
f 417//417 226//226 232//232
f 418//418 417//417 232//232
f 418//418 232//232 233//233
f 419//419 418//418 233//233
f 419//419 233//233 227//227
f 424//424 420//420 421//421 422//422 423//423
f 423//423 230//230 227//227
f 424//424 423//423 227//227
f 424//424 227//227 233//233
f 420//420 424//424 233//233
f 420//420 233//233 232//232
f 421//421 420//420 232//232
f 421//421 232//232 226//226
f 422//422 421//421 226//226
f 422//422 226//226 231//231
f 423//423 422//422 231//231
f 423//423 231//231 230//230
f 219//219 225//225 237//237 235//235
f 225//225 224//224 236//236 237//237
f 224//224 218//218 234//234 236//236
f 218//218 223//223 239//239 234//234
f 223//223 222//222 238//238 239//239
f 222//222 219//219 235//235 238//238
f 429//429 425//425 426//426 427//427 428//428
f 426//426 425//425 240//240
f 426//426 240//240 241//241
f 427//427 426//426 241//241
f 427//427 241//241 235//235
f 427//427 235//235 237//237
f 428//428 427//427 237//237
f 428//428 237//237 236//236
f 429//429 428//428 236//236
f 429//429 236//236 234//234
f 425//425 429//429 234//234
f 425//425 234//234 240//240
f 434//434 430//430 431//431 432//432 433//433
f 431//431 238//238 235//235
f 432//432 431//431 235//235
f 432//432 235//235 241//241
f 433//433 432//432 241//241
f 433//433 241//241 240//240
f 434//434 433//433 240//240
f 434//434 240//240 234//234
f 430//430 434//434 234//234
f 430//430 234//234 239//239
f 431//431 430//430 239//239
f 431//431 239//239 238//238
f 246//246 211//211 216//216
f 243//243 246//246 216//216
f 243//243 216//216 217//217
f 243//243 217//217 214//214
f 245//245 243//243 214//214
f 244//244 245//245 214//214
f 244//244 214//214 213//213
f 242//242 244//244 213//213
f 242//242 213//213 209//209
f 242//242 209//209 210//210
f 247//247 242//242 210//210
f 247//247 210//210 211//211
f 246//246 247//247 211//211
f 249//249 243//243 253//253 251//251
f 243//243 245//245 252//252 253//253
f 245//245 244//244 250//250 252//252
f 244//244 242//242 255//255 250//250
f 242//242 248//248 254//254 255//255
f 248//248 249//249 251//251 254//254
f 439//439 435//435 436//436 437//437 438//438
f 436//436 435//435 256//256
f 436//436 256//256 257//257
f 437//437 436//436 257//257
f 437//437 257//257 251//251
f 437//437 251//251 253//253
f 438//438 437//437 253//253
f 438//438 253//253 252//252
f 439//439 438//438 252//252
f 439//439 252//252 250//250
f 435//435 439//439 250//250
f 435//435 250//250 256//256
f 444//444 440//440 441//441 442//442 443//443
f 441//441 254//254 251//251
f 442//442 441//441 251//251
f 442//442 251//251 257//257
f 443//443 442//442 257//257
f 443//443 257//257 256//256
f 444//444 443//443 256//256
f 444//444 256//256 250//250
f 440//440 444//444 250//250
f 440//440 250//250 255//255
f 441//441 440//440 255//255
f 441//441 255//255 254//254
f 248//248 242//242 258//258 260//260
f 242//242 247//247 263//263 258//258
f 247//247 246//246 262//262 263//263
f 246//246 243//243 259//259 262//262
f 243//243 249//249 261//261 259//259
f 249//249 248//248 260//260 261//261
f 449//449 445//445 446//446 447//447 448//448
f 445//445 258//258 264//264
f 446//446 445//445 264//264
f 446//446 264//264 265//265
f 447//447 446//446 265//265
f 447//447 265//265 259//259
f 448//448 447//447 259//259
f 448//448 259//259 261//261
f 449//449 448//448 261//261
f 449//449 261//261 260//260
f 445//445 449//449 260//260
f 445//445 260//260 258//258
f 454//454 450//450 451//451 452//452 453//453
f 454//454 453//453 265//265
f 454//454 265//265 264//264
f 450//450 454//454 264//264
f 450//450 264//264 258//258
f 450//450 258//258 263//263
f 451//451 450//450 263//263
f 451//451 263//263 262//262
f 452//452 451//451 262//262
f 452//452 262//262 259//259
f 453//453 452//452 259//259
f 453//453 259//259 265//265
f 271//271 211//211 212//212
f 270//270 271//271 212//212
f 270//270 212//212 208//208
f 267//267 270//270 208//208
f 267//267 208//208 215//215
f 269//269 267//267 215//215
f 269//269 215//215 214//214
f 268//268 269//269 214//214
f 266//266 268//268 214//214
f 266//266 214//214 217//217
f 271//271 266//266 217//217
f 271//271 217//217 216//216
f 271//271 216//216 211//211
f 273//273 267//267 276//276 277//277
f 267//267 269//269 274//274 276//276
f 269//269 268//268 279//279 274//274
f 268//268 266//266 278//278 279//279
f 266//266 272//272 275//275 278//278
f 272//272 273//273 277//277 275//275
f 459//459 455//455 456//456 457//457 458//458
f 459//459 274//274 280//280
f 455//455 459//459 280//280
f 455//455 280//280 281//281
f 456//456 455//455 281//281
f 456//456 281//281 275//275
f 457//457 456//456 275//275
f 457//457 275//275 277//277
f 458//458 457//457 277//277
f 458//458 277//277 276//276
f 459//459 458//458 276//276
f 459//459 276//276 274//274
f 464//464 460//460 461//461 462//462 463//463
f 464//464 274//274 279//279
f 460//460 464//464 279//279
f 460//460 279//279 278//278
f 461//461 460//460 278//278
f 461//461 278//278 275//275
f 462//462 461//461 275//275
f 462//462 275//275 281//281
f 463//463 462//462 281//281
f 463//463 281//281 280//280
f 464//464 463//463 280//280
f 464//464 280//280 274//274
f 270//270 267//267 283//283 286//286
f 267//267 273//273 285//285 283//283
f 273//273 272//272 284//284 285//285
f 272//272 266//266 282//282 284//284
f 266//266 271//271 287//287 282//282
f 271//271 270//270 286//286 287//287
f 469//469 465//465 466//466 467//467 468//468
f 467//467 466//466 288//288
f 467//467 288//288 289//289
f 468//468 467//467 289//289
f 468//468 289//289 283//283
f 468//468 283//283 285//285
f 469//469 468//468 285//285
f 469//469 285//285 284//284
f 465//465 469//469 284//284
f 465//465 284//284 282//282
f 466//466 465//465 282//282
f 466//466 282//282 288//288
f 474//474 470//470 471//471 472//472 473//473
f 472//472 286//286 283//283
f 473//473 472//472 283//283
f 473//473 283//283 289//289
f 474//474 473//473 289//289
f 474//474 289//289 288//288
f 470//470 474//474 288//288
f 470//470 288//288 282//282
f 471//471 470//470 282//282
f 471//471 282//282 287//287
f 472//472 471//471 287//287
f 472//472 287//287 286//286
f 475//475 477//477 478//478 476//476
f 479//479 481//481 482//482 480//480
f 483//483 485//485 486//486 484//484
f 487//487 489//489 490//490 488//488
f 491//491 493//493 494//494 492//492
f 495//495 497//497 498//498 496//496
f 499//499 501//501 502//502 500//500
f 503//503 505//505 506//506 504//504
f 507//507 509//509 510//510 508//508
f 511//511 513//513 514//514 512//512
f 515//515 517//517 518//518 516//516
f 519//519 521//521 522//522 520//520
f 523//523 525//525 526//526 524//524
f 527//527 529//529 530//530 528//528
f 531//531 533//533 534//534 532//532
f 535//535 537//537 538//538 536//536
f 539//539 541//541 542//542 540//540
f 543//543 545//545 546//546 544//544
f 547//547 549//549 550//550 548//548
f 551//551 553//553 554//554 552//552
f 555//555 557//557 558//558 556//556
f 559//559 561//561 562//562 560//560
f 563//563 565//565 566//566 564//564
f 567//567 569//569 570//570 568//568
f 571//571 573//573 574//574 572//572
f 575//575 577//577 578//578 576//576
f 579//579 581//581 582//582 580//580
f 583//583 585//585 586//586 584//584
f 587//587 589//589 590//590 588//588
f 591//591 593//593 594//594 592//592
f 595//595 597//597 598//598 596//596
f 599//599 601//601 602//602 600//600
f 603//603 605//605 606//606 604//604
f 607//607 609//609 610//610 608//608
f 611//611 613//613 614//614 612//612
f 615//615 617//617 618//618 616//616
f 619//619 621//621 622//622 620//620
f 623//623 625//625 626//626 624//624
f 627//627 629//629 630//630 628//628
f 631//631 633//633 634//634 632//632
f 635//635 637//637 638//638 636//636
f 639//639 641//641 642//642 640//640
f 643//643 645//645 646//646 644//644
f 647//647 649//649 650//650 648//648
f 651//651 653//653 654//654 652//652
f 655//655 657//657 658//658 656//656
f 659//659 661//661 662//662 660//660
f 663//663 665//665 666//666 664//664
f 667//667 669//669 670//670 668//668
f 671//671 673//673 674//674 672//672
f 675//675 677//677 678//678 676//676
f 679//679 681//681 682//682 680//680
f 683//683 685//685 686//686 684//684
f 687//687 689//689 690//690 688//688
f 691//691 693//693 694//694 692//692
f 695//695 697//697 698//698 696//696
f 699//699 701//701 702//702 700//700
f 703//703 705//705 706//706 704//704
f 707//707 709//709 710//710 708//708
f 711//711 713//713 714//714 712//712
f 715//715 717//717 718//718 716//716
f 719//719 721//721 722//722 720//720
f 723//723 725//725 726//726 724//724
f 727//727 729//729 730//730 728//728
f 731//731 733//733 734//734 732//732
f 735//735 737//737 738//738 736//736
f 739//739 741//741 742//742 740//740
f 743//743 745//745 746//746 744//744
f 747//747 749//749 750//750 748//748
f 751//751 753//753 754//754 752//752
f 755//755 757//757 758//758 756//756
f 759//759 761//761 762//762 760//760
f 763//763 765//765 766//766 764//764
f 767//767 769//769 770//770 768//768
f 771//771 773//773 774//774 772//772
f 775//775 777//777 778//778 776//776
f 779//779 781//781 782//782 780//780
f 783//783 785//785 786//786 784//784
f 787//787 789//789 790//790 788//788
f 791//791 793//793 794//794 792//792
f 795//795 797//797 798//798 796//796
f 799//799 801//801 802//802 800//800
f 803//803 805//805 806//806 804//804
f 807//807 809//809 810//810 808//808
f 811//811 813//813 814//814 812//812
f 815//815 817//817 818//818 816//816
f 819//819 821//821 822//822 820//820
f 823//823 825//825 826//826 824//824
f 827//827 829//829 830//830 828//828
f 831//831 833//833 834//834 832//832
f 835//835 837//837 838//838 836//836
f 839//839 841//841 842//842 840//840
f 843//843 845//845 846//846 844//844
f 847//847 849//849 850//850 848//848
f 851//851 853//853 854//854 852//852
f 855//855 857//857 858//858 856//856
f 859//859 861//861 862//862 860//860
f 863//863 865//865 866//866 864//864
f 867//867 869//869 870//870 868//868
f 871//871 873//873 874//874 872//872
f 875//875 877//877 878//878 876//876
f 879//879 881//881 882//882 880//880
f 883//883 885//885 886//886 884//884
f 887//887 889//889 890//890 888//888
f 891//891 893//893 894//894 892//892
f 895//895 897//897 898//898 896//896
f 899//899 901//901 902//902 900//900
f 903//903 905//905 906//906 904//904
f 907//907 909//909 910//910 908//908
f 911//911 913//913 914//914 912//912
f 915//915 917//917 918//918 916//916
f 919//919 921//921 922//922 920//920
f 923//923 925//925 926//926 924//924
f 927//927 929//929 930//930 928//928
f 931//931 933//933 934//934 932//932
f 935//935 937//937 938//938 936//936
f 939//939 941//941 942//942 940//940
f 943//943 945//945 946//946 944//944
f 947//947 949//949 950//950 948//948
f 951//951 953//953 954//954 952//952
f 955//955 957//957 958//958 956//956
f 959//959 961//961 962//962 960//960
f 963//963 965//965 966//966 964//964
f 967//967 969//969 970//970 968//968
f 971//971 973//973 974//974 972//972
f 975//975 977//977 978//978 976//976
f 979//979 981//981 982//982 980//980
f 983//983 985//985 986//986 984//984
f 987//987 989//989 990//990 988//988
f 991//991 993//993 994//994 992//992
f 995//995 997//997 998//998 996//996
f 999//999 1001//1001 1002//1002 1000//1000
f 1003//1003 1005//1005 1006//1006 1004//1004
f 1007//1007 1009//1009 1010//1010 1008//1008
f 1011//1011 1013//1013 1014//1014 1012//1012
f 1015//1015 1017//1017 1018//1018 1016//1016
f 1019//1019 1021//1021 1022//1022 1020//1020
f 1023//1023 1025//1025 1026//1026 1024//1024
f 1027//1027 1029//1029 1030//1030 1028//1028
f 1031//1031 1033//1033 1034//1034 1032//1032
f 1035//1035 1037//1037 1038//1038 1036//1036
f 1039//1039 1041//1041 1042//1042 1040//1040
f 1043//1043 1045//1045 1046//1046 1044//1044
f 1047//1047 1049//1049 1050//1050 1048//1048
f 1051//1051 1053//1053 1054//1054 1052//1052
f 1055//1055 1057//1057 1058//1058 1056//1056
f 1059//1059 1061//1061 1062//1062 1060//1060
f 1063//1063 1065//1065 1066//1066 1064//1064
f 1067//1067 1069//1069 1070//1070 1068//1068
f 1071//1071 1073//1073 1074//1074 1072//1072
f 1075//1075 1077//1077 1078//1078 1076//1076
f 1079//1079 1081//1081 1082//1082 1080//1080
f 1083//1083 1085//1085 1086//1086 1084//1084
f 1087//1087 1089//1089 1090//1090 1088//1088
f 1091//1091 1093//1093 1094//1094 1092//1092
f 1095//1095 1097//1097 1098//1098 1096//1096
f 1099//1099 1101//1101 1102//1102 1100//1100
f 1103//1103 1105//1105 1106//1106 1104//1104
f 1107//1107 1109//1109 1110//1110 1108//1108
f 1111//1111 1113//1113 1114//1114 1112//1112
f 1115//1115 1117//1117 1118//1118 1116//1116
f 1119//1119 1121//1121 1122//1122 1120//1120
f 1123//1123 1125//1125 1126//1126 1124//1124
f 1127//1127 1129//1129 1130//1130 1128//1128
f 1131//1131 1133//1133 1134//1134 1132//1132
f 1135//1135 1137//1137 1138//1138 1136//1136
f 1139//1139 1141//1141 1142//1142 1140//1140
f 1143//1143 1145//1145 1146//1146 1144//1144
f 1147//1147 1149//1149 1150//1150 1148//1148
f 1151//1151 1153//1153 1154//1154 1152//1152
f 1155//1155 1157//1157 1158//1158 1156//1156
f 1159//1159 1161//1161 1162//1162 1160//1160
f 1163//1163 1165//1165 1166//1166 1164//1164
f 1167//1167 1169//1169 1170//1170 1168//1168
f 1171//1171 1173//1173 1174//1174 1172//1172
f 1175//1175 1177//1177 1178//1178 1176//1176
f 1179//1179 1181//1181 1182//1182 1180//1180
f 1183//1183 1185//1185 1186//1186 1184//1184
f 1187//1187 1189//1189 1190//1190 1188//1188
f 1191//1191 1193//1193 1194//1194 1192//1192
f 1195//1195 1197//1197 1198//1198 1196//1196
f 1199//1199 1201//1201 1202//1202 1200//1200
f 1203//1203 1205//1205 1206//1206 1204//1204
f 1207//1207 1209//1209 1210//1210 1208//1208
f 1211//1211 1213//1213 1214//1214 1212//1212
f 1215//1215 1217//1217 1218//1218 1216//1216
f 1219//1219 1221//1221 1222//1222 1220//1220
f 1223//1223 1225//1225 1226//1226 1224//1224
f 1227//1227 1229//1229 1230//1230 1228//1228
f 1231//1231 1233//1233 1234//1234 1232//1232
f 1235//1235 1237//1237 1238//1238 1236//1236
f 1239//1239 1241//1241 1242//1242 1240//1240
f 1243//1243 1245//1245 1246//1246 1244//1244
f 1247//1247 1249//1249 1250//1250 1248//1248
f 1251//1251 1253//1253 1254//1254 1252//1252
f 1255//1255 1257//1257 1258//1258 1256//1256
f 1259//1259 1261//1261 1262//1262 1260//1260
f 1263//1263 1265//1265 1266//1266 1264//1264
f 1267//1267 1269//1269 1270//1270 1268//1268
f 1271//1271 1273//1273 1274//1274 1272//1272
f 1275//1275 1277//1277 1278//1278 1276//1276
f 1279//1279 1281//1281 1282//1282 1280//1280
f 1283//1283 1285//1285 1286//1286 1284//1284
f 1287//1287 1289//1289 1290//1290 1288//1288
f 1291//1291 1293//1293 1294//1294 1292//1292
f 1295//1295 1297//1297 1298//1298 1296//1296
f 1299//1299 1301//1301 1302//1302 1300//1300
f 1303//1303 1305//1305 1306//1306 1304//1304
f 1307//1307 1309//1309 1310//1310 1308//1308
f 1311//1311 1313//1313 1314//1314 1312//1312
f 1315//1315 1317//1317 1318//1318 1316//1316
f 1319//1319 1321//1321 1322//1322 1320//1320
f 1323//1323 1325//1325 1326//1326 1324//1324
f 1327//1327 1329//1329 1330//1330 1328//1328
f 1331//1331 1333//1333 1334//1334 1332//1332
f 1335//1335 1337//1337 1338//1338 1336//1336
f 1339//1339 1341//1341 1342//1342 1340//1340
f 1343//1343 1345//1345 1346//1346 1344//1344
f 1347//1347 1349//1349 1350//1350 1348//1348
f 1351//1351 1353//1353 1354//1354 1352//1352
f 1355//1355 1357//1357 1358//1358 1356//1356
f 1359//1359 1361//1361 1362//1362 1360//1360
f 1363//1363 1365//1365 1366//1366 1364//1364
f 1367//1367 1369//1369 1370//1370 1368//1368
f 1371//1371 1373//1373 1374//1374 1372//1372
f 1375//1375 1377//1377 1378//1378 1376//1376
f 1379//1379 1381//1381 1382//1382 1380//1380
f 1383//1383 1385//1385 1386//1386 1384//1384
f 1387//1387 1389//1389 1390//1390 1388//1388
f 1391//1391 1393//1393 1394//1394 1392//1392
f 1395//1395 1397//1397 1398//1398 1396//1396
f 1399//1399 1401//1401 1402//1402 1400//1400
f 1403//1403 1405//1405 1406//1406 1404//1404
f 1407//1407 1409//1409 1410//1410 1408//1408
f 1411//1411 1413//1413 1414//1414 1412//1412
f 1415//1415 1417//1417 1418//1418 1416//1416
f 1419//1419 1421//1421 1422//1422 1420//1420
f 1423//1423 1425//1425 1426//1426 1424//1424
f 1427//1427 1429//1429 1430//1430 1428//1428
f 1431//1431 1433//1433 1434//1434 1432//1432
f 1435//1435 1437//1437 1438//1438 1436//1436
f 1439//1439 1441//1441 1442//1442 1440//1440
f 1443//1443 1445//1445 1446//1446 1444//1444
f 1447//1447 1449//1449 1450//1450 1448//1448
f 1451//1451 1453//1453 1454//1454 1452//1452
f 1455//1455 1457//1457 1458//1458 1456//1456
f 1459//1459 1461//1461 1462//1462 1460//1460
f 1463//1463 1465//1465 1466//1466 1464//1464
f 1467//1467 1469//1469 1470//1470 1468//1468
f 1471//1471 1473//1473 1474//1474 1472//1472
f 1475//1475 1477//1477 1478//1478 1476//1476
f 1479//1479 1481//1481 1482//1482 1480//1480
f 1483//1483 1485//1485 1486//1486 1484//1484
f 1487//1487 1489//1489 1490//1490 1488//1488
f 1491//1491 1493//1493 1494//1494 1492//1492
f 1495//1495 1497//1497 1498//1498 1496//1496
f 1499//1499 1501//1501 1502//1502 1500//1500
f 1503//1503 1505//1505 1506//1506 1504//1504
f 1507//1507 1509//1509 1510//1510 1508//1508
f 1511//1511 1513//1513 1514//1514 1512//1512
f 1515//1515 1517//1517 1518//1518 1516//1516
f 1519//1519 1521//1521 1522//1522 1520//1520
f 1523//1523 1525//1525 1526//1526 1524//1524
f 1527//1527 1529//1529 1530//1530 1528//1528
f 1531//1531 1533//1533 1534//1534 1532//1532
f 1535//1535 1537//1537 1538//1538 1536//1536
f 1539//1539 1541//1541 1542//1542 1540//1540
f 1543//1543 1545//1545 1546//1546 1544//1544
f 1547//1547 1549//1549 1550//1550 1548//1548
f 1551//1551 1553//1553 1554//1554 1552//1552
f 1555//1555 1557//1557 1558//1558 1556//1556
f 1559//1559 1561//1561 1562//1562 1560//1560
f 1563//1563 1565//1565 1566//1566 1564//1564
f 1567//1567 1569//1569 1570//1570 1568//1568
f 1571//1571 1573//1573 1574//1574 1572//1572
f 1575//1575 1577//1577 1578//1578 1576//1576
f 1579//1579 1581//1581 1582//1582 1580//1580
f 1583//1583 1585//1585 1586//1586 1584//1584
f 1587//1587 1589//1589 1590//1590 1588//1588
f 1591//1591 1593//1593 1594//1594 1592//1592
f 1595//1595 1597//1597 1598//1598 1596//1596
f 1599//1599 1601//1601 1602//1602 1600//1600
f 1603//1603 1605//1605 1606//1606 1604//1604
f 1607//1607 1609//1609 1610//1610 1608//1608
f 1611//1611 1613//1613 1614//1614 1612//1612
f 1615//1615 1617//1617 1618//1618 1616//1616
f 1619//1619 1621//1621 1622//1622 1620//1620
f 1623//1623 1625//1625 1626//1626 1624//1624
f 1627//1627 1629//1629 1630//1630 1628//1628
f 1631//1631 1633//1633 1634//1634 1632//1632
f 1635//1635 1637//1637 1638//1638 1636//1636
f 1639//1639 1641//1641 1642//1642 1640//1640
f 1643//1643 1645//1645 1646//1646 1644//1644
f 1647//1647 1649//1649 1650//1650 1648//1648
f 1651//1651 1653//1653 1654//1654 1652//1652
f 1655//1655 1657//1657 1658//1658 1656//1656
f 1659//1659 1661//1661 1662//1662 1660//1660
f 1663//1663 1665//1665 1666//1666 1664//1664
f 1667//1667 1669//1669 1670//1670 1668//1668
f 1671//1671 1673//1673 1674//1674 1672//1672
f 1675//1675 1677//1677 1678//1678 1676//1676
f 1679//1679 1681//1681 1682//1682 1680//1680
f 1683//1683 1685//1685 1686//1686 1684//1684
f 1687//1687 1689//1689 1690//1690 1688//1688
f 1691//1691 1693//1693 1694//1694 1692//1692
f 1695//1695 1697//1697 1698//1698 1696//1696
f 1699//1699 1701//1701 1702//1702 1700//1700
f 1703//1703 1705//1705 1706//1706 1704//1704
f 1707//1707 1709//1709 1710//1710 1708//1708
f 1711//1711 1713//1713 1714//1714 1712//1712
f 1715//1715 1717//1717 1718//1718 1716//1716
f 1719//1719 1721//1721 1722//1722 1720//1720
