# File exported by Houdini 20.5.370 (www.sidefx.com)
# 1248 points
# 1248 vertices
# 312 primitives
# Bounds: [-3.26803637, 6.95705271, -5.45504141] to [5.86713219, 16.5583477, 5.10531712]
g 
v -2.33323908 9.19628143 -2.4301455 0.850000024 0.5 0.830000043
v -2.33323908 9.19628143 -2.4301455 0.850000024 0.5 0.830000043
v -2.33323908 9.19628143 -2.4301455 0.850000024 0.5 0.830000043
v -2.33323908 9.19628143 -2.4301455 0.850000024 0.5 0.830000043
v -2.52744246 9.91383457 -2.09579468 0.850000024 0.5 0.830000043
v -2.52744246 9.91383457 -2.09579468 0.850000024 0.5 0.830000043
v -2.52744246 9.91383457 -2.09579468 0.850000024 0.5 0.830000043
v -2.52744246 9.91383457 -2.09579468 0.850000024 0.5 0.830000043
v -2.43424511 9.59933758 -2.19475961 0.591063082 0.664778113 0.571063042
v -2.55525398 8.43415546 -2.28484011 0.591063082 0.664778113 0.571063042
v -1.54779065 9.03697014 -2.28303885 0.591063082 0.664778113 0.571063042
v -1.65615726 7.91117048 -2.50190949 0.591063082 0.664778113 0.571063042
v -2.26428246 8.78767872 -2.8831172 0.850000024 0.5 0.830000043
v -2.26428246 8.78767872 -2.8831172 0.850000024 0.5 0.830000043
v -2.26428246 8.78767872 -2.8831172 0.850000024 0.5 0.830000043
v -2.26428246 8.78767872 -2.8831172 0.850000024 0.5 0.830000043
v -2.54653502 9.53573322 -2.92680645 0.850000024 0.5 0.830000043
v -2.54653502 9.53573322 -2.92680645 0.850000024 0.5 0.830000043
v -2.54653502 9.53573322 -2.92680645 0.850000024 0.5 0.830000043
v -2.54653502 9.53573322 -2.92680645 0.850000024 0.5 0.830000043
v -2.45907617 9.69769287 -1.9100616 0.651261806 0.626469791 0.631261826
v -2.03208494 9.96757221 -2.16991091 0.651261806 0.626469791 0.631261826
v -2.39480829 8.96903992 -1.3781724 0.651261806 0.626469791 0.631261826
v -1.94739151 9.30408096 -1.63435864 0.651261806 0.626469791 0.631261826
v -2.71587086 10.4609966 -2.77469087 0.850000024 0.5 0.830000043
v -2.71587086 10.4609966 -2.77469087 0.850000024 0.5 0.830000043
v -2.71587086 10.4609966 -2.77469087 0.850000024 0.5 0.830000043
v -2.71587086 10.4609966 -2.77469087 0.850000024 0.5 0.830000043
v -2.66464376 10.7781277 -1.8138026 0.850000024 0.5 0.830000043
v -2.66464376 10.7781277 -1.8138026 0.850000024 0.5 0.830000043
v -2.66464376 10.7781277 -1.8138026 0.850000024 0.5 0.830000043
v -2.66464376 10.7781277 -1.8138026 0.850000024 0.5 0.830000043
v -2.36100197 8.82449055 -1.58606374 0.300000012 0.850000024 0.280000001
v -1.60610759 7.6285696 -2.66051674 0.300000012 0.850000024 0.280000001
v -1.22739279 9.58771324 -1.69304037 0.300000012 0.850000024 0.280000001
v -0.560960472 8.3988781 -2.80693364 0.300000012 0.850000024 0.280000001
v -1.69983435 8.48255348 -2.93383098 0.747769713 0.565055728 0.727769673
v -1.68175542 8.04893303 -2.67834044 0.747769713 0.565055728 0.727769673
v -1.97234106 8.46438026 -2.89055657 0.747769713 0.565055728 0.727769673
v -1.94671679 7.95636559 -2.65325832 0.747769713 0.565055728 0.727769673
v -2.22965336 8.64963722 -3.52856255 0.850000024 0.5 0.830000043
v -2.22965336 8.64963722 -3.52856255 0.850000024 0.5 0.830000043
v -2.22965336 8.64963722 -3.52856255 0.850000024 0.5 0.830000043
v -2.22965336 8.64963722 -3.52856255 0.850000024 0.5 0.830000043
v -2.51411104 9.69446659 -3.61151648 0.850000024 0.5 0.830000043
v -2.51411104 9.69446659 -3.61151648 0.850000024 0.5 0.830000043
v -2.51411104 9.69446659 -3.61151648 0.850000024 0.5 0.830000043
v -2.51411104 9.69446659 -3.61151648 0.850000024 0.5 0.830000043
v -3.18917203 9.79319668 -1.42071187 0.440553665 0.760556817 0.420553625
v -2.04472566 9.24402237 -1.51250982 0.440553665 0.760556817 0.420553625
v -2.88580751 11.4291363 -1.66018271 0.440553665 0.760556817 0.420553625
v -1.78546596 11.1750727 -1.9183321 0.440553665 0.760556817 0.420553625
v -1.52553749 9.11903858 -2.27418184 0.300000012 0.850000024 0.280000001
v -1.81997335 9.26388168 -1.76028395 0.300000012 0.850000024 0.280000001
v -1.4453336 9.44217682 -1.45748389 0.300000012 0.850000024 0.280000001
v -1.74604332 9.53100967 -0.783285558 0.300000012 0.850000024 0.280000001
v -2.5625453 10.9979038 -3.53591013 0.850000024 0.5 0.830000043
v -2.5625453 10.9979038 -3.53591013 0.850000024 0.5 0.830000043
v -2.5625453 10.9979038 -3.53591013 0.850000024 0.5 0.830000043
v -2.5625453 10.9979038 -3.53591013 0.850000024 0.5 0.830000043
v -2.76243019 11.4211798 -2.56924272 0.850000024 0.5 0.830000043
v -2.76243019 11.4211798 -2.56924272 0.850000024 0.5 0.830000043
v -2.76243019 11.4211798 -2.56924272 0.850000024 0.5 0.830000043
v -2.76243019 11.4211798 -2.56924272 0.850000024 0.5 0.830000043
v -2.66212296 11.8823261 -2.67840672 0.368162155 0.806624115 0.348162174
v -3.0956068 11.5054607 -1.49849892 0.368162155 0.806624115 0.348162174
v -2.86865425 10.6770353 -0.900155962 0.368162155 0.806624115 0.348162174
v -2.42548466 11.3407583 -1.92895877 0.368162155 0.806624115 0.348162174
v -1.20830631 9.83145905 -1.74309707 0.300000012 0.850000024 0.280000001
v -1.61633277 8.15544415 -1.94551897 0.300000012 0.850000024 0.280000001
v 0.309942186 9.55749989 -2.34917402 0.300000012 0.850000024 0.280000001
v -0.0437549949 7.76652813 -2.62546396 0.300000012 0.850000024 0.280000001
v -1.44312143 7.79553366 -2.85097599 0.300000012 0.850000024 0.280000001
v -1.41054118 8.03262234 -2.1187861 0.300000012 0.850000024 0.280000001
v -1.23454106 8.06664562 -3.6212914 0.300000012 0.850000024 0.280000001
v -1.20547056 8.14982986 -2.85360146 0.300000012 0.850000024 0.280000001
v -1.66185951 7.91222048 -3.36229849 0.850000024 0.5 0.830000043
v -1.66185951 7.91222048 -3.36229849 0.850000024 0.5 0.830000043
v -1.66185951 7.91222048 -3.36229849 0.850000024 0.5 0.830000043
v -1.66185951 7.91222048 -3.36229849 0.850000024 0.5 0.830000043
v -2.0136025 8.61972046 -4.17951632 0.850000024 0.5 0.830000043
v -2.0136025 8.61972046 -4.17951632 0.850000024 0.5 0.830000043
v -2.0136025 8.61972046 -4.17951632 0.850000024 0.5 0.830000043
v -2.0136025 8.61972046 -4.17951632 0.850000024 0.5 0.830000043
v -2.18456388 9.73552608 -4.32914066 0.850000024 0.5 0.830000043
v -2.18456388 9.73552608 -4.32914066 0.850000024 0.5 0.830000043
v -2.18456388 9.73552608 -4.32914066 0.850000024 0.5 0.830000043
v -2.18456388 9.73552608 -4.32914066 0.850000024 0.5 0.830000043
v -2.18336344 9.19240093 -1.37664986 0.301149964 0.849268258 0.281149954
v -2.65464211 10.8062592 -1.14494014 0.301149964 0.849268258 0.281149954
v -1.05589962 9.97995949 -1.37484467 0.301149964 0.849268258 0.281149954
v -1.63945329 11.7385836 -1.09605813 0.301149964 0.849268258 0.281149954
v -1.4741714 9.57378864 -1.4474268 0.300000012 0.850000024 0.280000001
v -0.837673426 10.3191652 -1.62206149 0.300000012 0.850000024 0.280000001
v -0.831042886 8.79240322 -1.32447135 0.300000012 0.850000024 0.280000001
v -0.132808864 9.70795155 -1.56739175 0.300000012 0.850000024 0.280000001
v -2.07777548 11.1044283 -4.2749815 0.850000024 0.5 0.830000043
v -2.07777548 11.1044283 -4.2749815 0.850000024 0.5 0.830000043
v -2.07777548 11.1044283 -4.2749815 0.850000024 0.5 0.830000043
v -2.07777548 11.1044283 -4.2749815 0.850000024 0.5 0.830000043
v -2.54599905 12.1299219 -3.26340222 0.850000024 0.5 0.830000043
v -2.54599905 12.1299219 -3.26340222 0.850000024 0.5 0.830000043
v -2.54599905 12.1299219 -3.26340222 0.850000024 0.5 0.830000043
v -2.54599905 12.1299219 -3.26340222 0.850000024 0.5 0.830000043
v -2.68213081 12.1524925 -2.03948522 0.850000024 0.5 0.830000043
v -2.68213081 12.1524925 -2.03948522 0.850000024 0.5 0.830000043
v -2.68213081 12.1524925 -2.03948522 0.850000024 0.5 0.830000043
v -2.68213081 12.1524925 -2.03948522 0.850000024 0.5 0.830000043
v -1.96290898 11.2849636 -1.75686073 0.300000012 0.850000024 0.280000001
v -2.46027422 11.3841896 -1.9016223 0.300000012 0.850000024 0.280000001
v -2.02523851 11.7098141 -0.688333154 0.300000012 0.850000024 0.280000001
v -2.35942578 11.9738569 -0.911939681 0.300000012 0.850000024 0.280000001
v -0.746519446 9.04216671 -1.45036685 0.300000012 0.850000024 0.280000001
v 0.0159147978 8.10058308 -2.74928904 0.300000012 0.850000024 0.280000001
v 0.155411631 10.1806536 -1.59855688 0.300000012 0.850000024 0.280000001
v 0.837019563 9.5289402 -3.08023477 0.300000012 0.850000024 0.280000001
v -0.420900822 8.78490067 -2.99872088 0.300000012 0.850000024 0.280000001
v 0.14712362 7.97889566 -2.83478951 0.300000012 0.850000024 0.280000001
v -1.21932662 8.36706161 -2.88403726 0.300000012 0.850000024 0.280000001
v -0.64471215 7.68783951 -2.85062456 0.300000012 0.850000024 0.280000001
v -1.97765279 7.55574608 -2.95017433 0.479009151 0.736085117 0.459009111
v -1.10225773 8.21509743 -2.98696542 0.479009151 0.736085117 0.459009111
v -1.23284531 6.95705271 -4.16360092 0.479009151 0.736085117 0.459009111
v -0.47476691 7.64796495 -4.13174486 0.479009151 0.736085117 0.459009111
v -1.55052781 7.93925762 -4.03808928 0.850000024 0.5 0.830000043
v -1.55052781 7.93925762 -4.03808928 0.850000024 0.5 0.830000043
v -1.55052781 7.93925762 -4.03808928 0.850000024 0.5 0.830000043
v -1.55052781 7.93925762 -4.03808928 0.850000024 0.5 0.830000043
v -1.53001118 8.46768475 -4.55491543 0.850000024 0.5 0.830000043
v -1.53001118 8.46768475 -4.55491543 0.850000024 0.5 0.830000043
v -1.53001118 8.46768475 -4.55491543 0.850000024 0.5 0.830000043
v -1.53001118 8.46768475 -4.55491543 0.850000024 0.5 0.830000043
v -1.57026923 9.50593185 -4.84801769 0.850000024 0.5 0.830000043
v -1.57026923 9.50593185 -4.84801769 0.850000024 0.5 0.830000043
v -1.57026923 9.50593185 -4.84801769 0.850000024 0.5 0.830000043
v -1.57026923 9.50593185 -4.84801769 0.850000024 0.5 0.830000043
v -1.9341383 9.55462742 -0.585640728 0.300000012 0.850000024 0.280000001
v -1.86577141 11.808795 -0.860354364 0.300000012 0.850000024 0.280000001
v -0.305386394 9.64019585 -1.39827466 0.300000012 0.850000024 0.280000001
v -0.399609029 11.6272316 -1.30491114 0.300000012 0.850000024 0.280000001
v -0.0387235582 9.73113441 -2.06785846 0.300000012 0.850000024 0.280000001
v -0.20913592 9.87631893 -1.5182234 0.300000012 0.850000024 0.280000001
v 0.0212339461 10.0709591 -1.46505213 0.300000012 0.850000024 0.280000001
v 0.0479388237 10.5053234 -0.851598382 0.300000012 0.850000024 0.280000001
v -1.37565768 10.6940384 -4.84968948 0.850000024 0.5 0.830000043
v -1.37565768 10.6940384 -4.84968948 0.850000024 0.5 0.830000043
v -1.37565768 10.6940384 -4.84968948 0.850000024 0.5 0.830000043
v -1.37565768 10.6940384 -4.84968948 0.850000024 0.5 0.830000043
v -1.67022705 12.3953056 -4.16932297 0.850000024 0.5 0.830000043
v -1.67022705 12.3953056 -4.16932297 0.850000024 0.5 0.830000043
v -1.67022705 12.3953056 -4.16932297 0.850000024 0.5 0.830000043
v -1.67022705 12.3953056 -4.16932297 0.850000024 0.5 0.830000043
v -2.61470008 12.8541355 -2.6294868 0.850000024 0.5 0.830000043
v -2.61470008 12.8541355 -2.6294868 0.850000024 0.5 0.830000043
v -2.61470008 12.8541355 -2.6294868 0.850000024 0.5 0.830000043
v -2.61470008 12.8541355 -2.6294868 0.850000024 0.5 0.830000043
v -2.13825178 13.0428448 -3.45361376 0.850000024 0.5 0.830000043
v -2.13825178 13.0428448 -3.45361376 0.850000024 0.5 0.830000043
v -2.13825178 13.0428448 -3.45361376 0.850000024 0.5 0.830000043
v -2.13825178 13.0428448 -3.45361376 0.850000024 0.5 0.830000043
v -2.6488986 11.6722412 -1.56460941 0.54386425 0.694813669 0.523864269
v -3.26803637 12.566597 -1.73543978 0.54386425 0.694813669 0.523864269
v -1.74078083 12.5873251 -1.57341659 0.54386425 0.694813669 0.523864269
v -2.33329654 13.7784052 -1.72645068 0.54386425 0.694813669 0.523864269
v -2.05117679 11.8000031 -0.661599994 0.300000012 0.850000024 0.280000001
v -1.45303869 12.6732407 -1.77230299 0.300000012 0.850000024 0.280000001
v -1.4649359 10.8512115 -0.283260882 0.300000012 0.850000024 0.280000001
v -0.731426179 11.8425312 -1.2995261 0.300000012 0.850000024 0.280000001
v 0.300779402 10.4836998 -1.75684416 0.300000012 0.850000024 0.280000001
v -0.0429397821 8.85312462 -2.34077787 0.300000012 0.850000024 0.280000001
v 1.40250731 9.4375124 -2.37619352 0.300000012 0.850000024 0.280000001
v 1.31044126 8.61783123 -3.09703302 0.300000012 0.850000024 0.280000001
v 0.0573953986 8.22890091 -2.81075335 0.300000012 0.850000024 0.280000001
v 0.0915303528 8.72698784 -2.43558693 0.300000012 0.850000024 0.280000001
v 0.169900477 8.67182255 -3.60197401 0.300000012 0.850000024 0.280000001
v 0.302183867 9.71188736 -3.5836935 0.300000012 0.850000024 0.280000001
v -1.08806276 8.55133152 -3.03720331 0.300000012 0.850000024 0.280000001
v 0.462483048 8.43015099 -3.79262352 0.300000012 0.850000024 0.280000001
v -1.41928482 7.1391592 -3.44822454 0.300000012 0.850000024 0.280000001
v -0.030612573 7.07370615 -4.01223278 0.300000012 0.850000024 0.280000001
v -0.859360278 7.67693424 -3.95507193 0.850000024 0.5 0.830000043
v -0.859360278 7.67693424 -3.95507193 0.850000024 0.5 0.830000043
v -0.859360278 7.67693424 -3.95507193 0.850000024 0.5 0.830000043
v -0.859360278 7.67693424 -3.95507193 0.850000024 0.5 0.830000043
v -0.825014055 8.2738905 -4.60906363 0.850000024 0.5 0.830000043
v -0.825014055 8.2738905 -4.60906363 0.850000024 0.5 0.830000043
v -0.825014055 8.2738905 -4.60906363 0.850000024 0.5 0.830000043
v -0.825014055 8.2738905 -4.60906363 0.850000024 0.5 0.830000043
v -0.865964055 9.178545 -5.023242 0.850000024 0.5 0.830000043
v -0.865964055 9.178545 -5.023242 0.850000024 0.5 0.830000043
v -0.865964055 9.178545 -5.023242 0.850000024 0.5 0.830000043
v -0.865964055 9.178545 -5.023242 0.850000024 0.5 0.830000043
v -0.400546491 9.72941017 -1.30828631 0.353454262 0.815983713 0.333454251
v -1.28423762 11.0360041 -0.474854022 0.353454262 0.815983713 0.333454251
v 0.700224459 11.1746483 -1.44084263 0.353454262 0.815983713 0.333454251
v -0.559045851 11.7523022 -0.284263372 0.353454262 0.815983713 0.333454251
v 0.92765516 10.0450258 -0.618035078 0.84976244 0.500151217 0.829762459
v 0.928553522 10.045989 -0.618279457 0.84976244 0.500151217 0.829762459
v 0.927878439 10.0443125 -0.616897762 0.84976244 0.500151217 0.829762459
v 0.928291202 10.0444775 -0.617106557 0.84976244 0.500151217 0.829762459
v -0.695023894 10.1224995 -5.06348515 0.850000024 0.5 0.830000043
v -0.695023894 10.1224995 -5.06348515 0.850000024 0.5 0.830000043
v -0.695023894 10.1224995 -5.06348515 0.850000024 0.5 0.830000043
v -0.695023894 10.1224995 -5.06348515 0.850000024 0.5 0.830000043
v -0.943559289 11.7487125 -4.69744587 0.850000024 0.5 0.830000043
v -0.943559289 11.7487125 -4.69744587 0.850000024 0.5 0.830000043
v -0.943559289 11.7487125 -4.69744587 0.850000024 0.5 0.830000043
v -0.943559289 11.7487125 -4.69744587 0.850000024 0.5 0.830000043
v -1.03265595 13.5497761 -4.03727722 0.850000024 0.5 0.830000043
v -1.03265595 13.5497761 -4.03727722 0.850000024 0.5 0.830000043
v -1.03265595 13.5497761 -4.03727722 0.850000024 0.5 0.830000043
v -1.03265595 13.5497761 -4.03727722 0.850000024 0.5 0.830000043
v -2.30558944 13.5507002 -2.7147789 0.850000024 0.5 0.830000043
v -2.30558944 13.5507002 -2.7147789 0.850000024 0.5 0.830000043
v -2.30558944 13.5507002 -2.7147789 0.850000024 0.5 0.830000043
v -2.30558944 13.5507002 -2.7147789 0.850000024 0.5 0.830000043
v -2.39801669 13.4350471 -2.01235771 0.850000024 0.5 0.830000043
v -2.39801669 13.4350471 -2.01235771 0.850000024 0.5 0.830000043
v -2.39801669 13.4350471 -2.01235771 0.850000024 0.5 0.830000043
v -2.39801669 13.4350471 -2.01235771 0.850000024 0.5 0.830000043
v -1.51079917 13.9583416 -3.31738567 0.850000024 0.5 0.830000043
v -1.51079917 13.9583416 -3.31738567 0.850000024 0.5 0.830000043
v -1.51079917 13.9583416 -3.31738567 0.850000024 0.5 0.830000043
v -1.51079917 13.9583416 -3.31738567 0.850000024 0.5 0.830000043
v -2.62975764 12.2110014 -0.612359762 0.300000012 0.850000024 0.280000001
v -2.44231272 14.1845961 -1.69673347 0.300000012 0.850000024 0.280000001
v -1.00626373 11.8636723 -1.02960455 0.300000012 0.850000024 0.280000001
v -0.885477543 13.8395348 -2.1985023 0.300000012 0.850000024 0.280000001
v -0.449059695 11.7420931 -0.31361115 0.850000024 0.5 0.830000043
v -0.449059695 11.7420931 -0.31361115 0.850000024 0.5 0.830000043
v -0.449059695 11.7420931 -0.31361115 0.850000024 0.5 0.830000043
v -0.449059695 11.7420931 -0.31361115 0.850000024 0.5 0.830000043
v 1.32127762 9.2498579 -1.07959056 0.850000024 0.5 0.830000043
v 1.32127762 9.2498579 -1.07959056 0.850000024 0.5 0.830000043
v 1.32127762 9.2498579 -1.07959056 0.850000024 0.5 0.830000043
v 1.32127762 9.2498579 -1.07959056 0.850000024 0.5 0.830000043
v 1.70391405 9.00091362 -2.2274971 0.850000024 0.5 0.830000043
v 1.70391405 9.00091362 -2.2274971 0.850000024 0.5 0.830000043
v 1.70391405 9.00091362 -2.2274971 0.850000024 0.5 0.830000043
v 1.70391405 9.00091362 -2.2274971 0.850000024 0.5 0.830000043
v 0.774734497 9.77871037 -3.06128287 0.305833042 0.846288085 0.285833031
v 1.33582222 8.91895485 -3.16733336 0.305833042 0.846288085 0.285833031
v 0.169193745 9.84575939 -3.49144793 0.305833042 0.846288085 0.285833031
v 0.643962026 9.81016445 -3.0825882 0.305833042 0.846288085 0.285833031
v -0.727740407 8.18466949 -2.88420415 0.300000012 0.850000024 0.280000001
v 0.601300716 9.71874332 -3.82054162 0.300000012 0.850000024 0.280000001
v -0.246210098 7.38162422 -3.91154552 0.300000012 0.850000024 0.280000001
v 0.445038319 8.45918369 -4.75535154 0.300000012 0.850000024 0.280000001
v -0.430692494 7.95008469 -4.20340586 0.495236695 0.725758493 0.475236684
v -0.0805106983 7.35126209 -4.00177622 0.495236695 0.725758493 0.475236684
v -0.848617911 8.39557171 -4.34140444 0.495236695 0.725758493 0.475236684
v -0.395967543 7.86583805 -3.99845505 0.495236695 0.725758493 0.475236684
v -0.852471948 8.65058041 -4.32966232 0.594936967 0.662312925 0.574936926
v -0.871679008 8.3056879 -4.77974939 0.594936967 0.662312925 0.574936926
v 0.240784258 8.58026314 -4.64749336 0.594936967 0.662312925 0.574936926
v 0.141041964 8.3595047 -5.05104542 0.594936967 0.662312925 0.574936926
v -0.265408576 9.33669281 -4.90894318 0.850000024 0.5 0.830000043
v -0.265408576 9.33669281 -4.90894318 0.850000024 0.5 0.830000043
v -0.265408576 9.33669281 -4.90894318 0.850000024 0.5 0.830000043
v -0.265408576 9.33669281 -4.90894318 0.850000024 0.5 0.830000043
v 0.576020002 10.6031637 -0.0478473529 0.850000024 0.5 0.830000043
v 0.576020002 10.6031637 -0.0478473529 0.850000024 0.5 0.830000043
v 0.576020002 10.6031637 -0.0478473529 0.850000024 0.5 0.830000043
v 0.576020002 10.6031637 -0.0478473529 0.850000024 0.5 0.830000043
v 1.4398706 9.71378613 0.040645808 0.793059289 0.536235034 0.773059249
v 1.34758317 9.6257906 0.155961841 0.793059289 0.536235034 0.773059249
v 1.32971537 9.69008732 0.454007208 0.793059289 0.536235034 0.773059249
v 1.40916216 9.79960823 0.367602408 0.793059289 0.536235034 0.773059249
v -0.239868462 10.9265823 -4.89706707 0.850000024 0.5 0.830000043
v -0.239868462 10.9265823 -4.89706707 0.850000024 0.5 0.830000043
v -0.239868462 10.9265823 -4.89706707 0.850000024 0.5 0.830000043
v -0.239868462 10.9265823 -4.89706707 0.850000024 0.5 0.830000043
v -0.355773687 12.7814045 -4.5112505 0.850000024 0.5 0.830000043
v -0.355773687 12.7814045 -4.5112505 0.850000024 0.5 0.830000043
v -0.355773687 12.7814045 -4.5112505 0.850000024 0.5 0.830000043
v -0.355773687 12.7814045 -4.5112505 0.850000024 0.5 0.830000043
v -0.336845905 14.296134 -3.58020902 0.850000024 0.5 0.830000043
v -0.336845905 14.296134 -3.58020902 0.850000024 0.5 0.830000043
v -0.336845905 14.296134 -3.58020902 0.850000024 0.5 0.830000043
v -0.336845905 14.296134 -3.58020902 0.850000024 0.5 0.830000043
v -1.70586801 14.1229076 -2.54923964 0.850000024 0.5 0.830000043
v -1.70586801 14.1229076 -2.54923964 0.850000024 0.5 0.830000043
v -1.70586801 14.1229076 -2.54923964 0.850000024 0.5 0.830000043
v -1.70586801 14.1229076 -2.54923964 0.850000024 0.5 0.830000043
v -2.58908176 14.3572912 -1.51328671 0.350531846 0.817843378 0.330531836
v -1.9018203 14.1822166 -2.97911096 0.350531846 0.817843378 0.330531836
v -2.00475955 13.540617 -1.07841969 0.350531846 0.817843378 0.330531836
v -1.42839241 13.4446726 -2.6105907 0.350531846 0.817843378 0.330531836
v -0.883886158 14.4981718 -3.01249552 0.850000024 0.5 0.830000043
v -0.883886158 14.4981718 -3.01249552 0.850000024 0.5 0.830000043
v -0.883886158 14.4981718 -3.01249552 0.850000024 0.5 0.830000043
v -0.883886158 14.4981718 -3.01249552 0.850000024 0.5 0.830000043
v -1.04200375 12.034936 -0.99434936 0.300000012 0.850000024 0.280000001
v -1.85595632 13.5493994 -1.2302134 0.300000012 0.850000024 0.280000001
v -0.739465475 14.4333935 -1.43580151 0.300000012 0.850000024 0.280000001
v -0.187846094 12.859026 -1.33251977 0.300000012 0.850000024 0.280000001
v -0.399840027 11.3853397 0.0286779124 0.850000024 0.5 0.830000043
v -0.399840027 11.3853397 0.0286779124 0.850000024 0.5 0.830000043
v -0.399840027 11.3853397 0.0286779124 0.850000024 0.5 0.830000043
v -0.399840027 11.3853397 0.0286779124 0.850000024 0.5 0.830000043
v -0.402471393 12.4831896 -0.323037148 0.84592098 0.502595782 0.825920939
v -0.39546743 12.4915352 -0.318276614 0.84592098 0.502595782 0.825920939
v -0.403060228 12.4857645 -0.315098673 0.84592098 0.502595782 0.825920939
v -0.400241822 12.506361 -0.307344705 0.84592098 0.502595782 0.825920939
v 1.79416823 9.15542316 -0.115423575 0.850000024 0.5 0.830000043
v 1.79416823 9.15542316 -0.115423575 0.850000024 0.5 0.830000043
v 1.79416823 9.15542316 -0.115423575 0.850000024 0.5 0.830000043
v 1.79416823 9.15542316 -0.115423575 0.850000024 0.5 0.830000043
v 1.87125993 8.56489944 -1.34419584 0.850000024 0.5 0.830000043
v 1.87125993 8.56489944 -1.34419584 0.850000024 0.5 0.830000043
v 1.87125993 8.56489944 -1.34419584 0.850000024 0.5 0.830000043
v 1.87125993 8.56489944 -1.34419584 0.850000024 0.5 0.830000043
v 2.43831015 8.85201645 -2.60407639 0.850000024 0.5 0.830000043
v 2.43831015 8.85201645 -2.60407639 0.850000024 0.5 0.830000043
v 2.43831015 8.85201645 -2.60407639 0.850000024 0.5 0.830000043
v 2.43831015 8.85201645 -2.60407639 0.850000024 0.5 0.830000043
v 1.68854189 9.93956757 -2.85377407 0.850000024 0.5 0.830000043
v 1.68854189 9.93956757 -2.85377407 0.850000024 0.5 0.830000043
v 1.68854189 9.93956757 -2.85377407 0.850000024 0.5 0.830000043
v 1.68854189 9.93956757 -2.85377407 0.850000024 0.5 0.830000043
v -0.0250264406 10.1568699 -3.36438322 0.300000012 0.850000024 0.280000001
v 1.40853357 10.7008724 -3.77230883 0.300000012 0.850000024 0.280000001
v 0.408546984 10.3882923 -3.80029273 0.300000012 0.850000024 0.280000001
v 1.51705968 10.460948 -4.02957392 0.300000012 0.850000024 0.280000001
v 0.292339504 9.97883034 -3.60628057 0.329457223 0.831254542 0.309457213
v -0.75271672 8.16588688 -3.81495333 0.329457223 0.831254542 0.309457213
v 0.0820965171 8.50491619 -5.21059418 0.329457223 0.831254542 0.309457213
v 1.03080082 9.96376896 -5.2960043 0.329457223 0.831254542 0.309457213
v 0.253244489 9.99404144 -4.72234869 0.844186842 0.503699303 0.824186802
v 0.249112651 9.95439339 -4.70588207 0.844186842 0.503699303 0.824186802
v 0.254046381 10.0123978 -4.70981693 0.844186842 0.503699303 0.824186802
v 0.248604551 9.97430992 -4.69001532 0.844186842 0.503699303 0.824186802
v 0.0928010121 10.5268469 0.380355895 0.850000024 0.5 0.830000043
v 0.0928010121 10.5268469 0.380355895 0.850000024 0.5 0.830000043
v 0.0928010121 10.5268469 0.380355895 0.850000024 0.5 0.830000043
v 0.0928010121 10.5268469 0.380355895 0.850000024 0.5 0.830000043
v 1.16197264 9.87132168 0.437332124 0.795168996 0.534892499 0.775169015
v 0.994120836 10.0522232 0.614521801 0.795168996 0.534892499 0.775169015
v 1.3330363 10.0062666 0.560763001 0.795168996 0.534892499 0.775169015
v 1.19247437 10.1412487 0.695976675 0.795168996 0.534892499 0.775169015
v 1.84220386 10.0870295 0.113171458 0.300000012 0.850000024 0.280000001
v 1.20472479 10.1975489 0.589577317 0.300000012 0.850000024 0.280000001
v 1.82513463 9.82016277 1.00453544 0.300000012 0.850000024 0.280000001
v 2.16984224 9.42543983 0.478773832 0.300000012 0.850000024 0.280000001
v 0.293201417 11.7486401 -4.65574837 0.850000024 0.5 0.830000043
v 0.293201417 11.7486401 -4.65574837 0.850000024 0.5 0.830000043
v 0.293201417 11.7486401 -4.65574837 0.850000024 0.5 0.830000043
v 0.293201417 11.7486401 -4.65574837 0.850000024 0.5 0.830000043
v 0.332673937 13.5821362 -4.05144215 0.850000024 0.5 0.830000043
v 0.332673937 13.5821362 -4.05144215 0.850000024 0.5 0.830000043
v 0.332673937 13.5821362 -4.05144215 0.850000024 0.5 0.830000043
v 0.332673937 13.5821362 -4.05144215 0.850000024 0.5 0.830000043
v -0.236205548 14.7687225 -3.59185362 0.393499345 0.790500462 0.373499334
v -1.03466856 14.5061769 -2.91952348 0.393499345 0.790500462 0.373499334
v 0.871719122 14.3580599 -3.13431191 0.393499345 0.790500462 0.373499334
v 0.0800906122 14.0903397 -2.74202013 0.393499345 0.790500462 0.373499334
v -1.04317546 14.4706059 -2.38665867 0.850000024 0.5 0.830000043
v -1.04317546 14.4706059 -2.38665867 0.850000024 0.5 0.830000043
v -1.04317546 14.4706059 -2.38665867 0.850000024 0.5 0.830000043
v -1.04317546 14.4706059 -2.38665867 0.850000024 0.5 0.830000043
v -1.1012485 14.1523027 -1.960971 0.310296088 0.843447983 0.290296078
v -1.49188197 13.6254177 -2.54060769 0.310296088 0.843447983 0.290296078
v -0.909155071 14.5949898 -1.24783874 0.310296088 0.843447983 0.290296078
v -1.38382316 14.0970535 -1.94174552 0.310296088 0.843447983 0.290296078
v -0.286931306 14.8779526 -3.73696423 0.362763226 0.810059786 0.342763215
v -1.33492684 15.3365555 -2.73244596 0.362763226 0.810059786 0.342763215
v 0.0466089845 13.8731499 -2.74246693 0.362763226 0.810059786 0.342763215
v -1.40577078 14.3546114 -1.88374245 0.362763226 0.810059786 0.342763215
v -0.675725758 14.6217136 -1.46954703 0.300000012 0.850000024 0.280000001
v -1.07600915 12.414011 -0.452758551 0.300000012 0.850000024 0.280000001
v 0.59078002 13.7331963 -2.04995441 0.300000012 0.850000024 0.280000001
v 0.570926547 12.0457268 -0.83299768 0.300000012 0.850000024 0.280000001
v -0.560011804 12.245348 0.0944369435 0.850000024 0.5 0.830000043
v -0.560011804 12.245348 0.0944369435 0.850000024 0.5 0.830000043
v -0.560011804 12.245348 0.0944369435 0.850000024 0.5 0.830000043
v -0.560011804 12.245348 0.0944369435 0.850000024 0.5 0.830000043
v -0.886766553 11.0271807 0.312489569 0.850000024 0.5 0.830000043
v -0.886766553 11.0271807 0.312489569 0.850000024 0.5 0.830000043
v -0.886766553 11.0271807 0.312489569 0.850000024 0.5 0.830000043
v -0.886766553 11.0271807 0.312489569 0.850000024 0.5 0.830000043
v 0.178823829 12.9032497 -0.107757181 0.850000024 0.5 0.830000043
v 0.178823829 12.9032497 -0.107757181 0.850000024 0.5 0.830000043
v 0.178823829 12.9032497 -0.107757181 0.850000024 0.5 0.830000043
v 0.178823829 12.9032497 -0.107757181 0.850000024 0.5 0.830000043
v 1.26729155 10.2870197 0.519588947 0.300000012 0.850000024 0.280000001
v 1.44241309 8.36615849 0.0797881484 0.300000012 0.850000024 0.280000001
v 2.82903647 10.6207895 0.0965784788 0.300000012 0.850000024 0.280000001
v 3.11408067 8.48958206 -0.316632032 0.300000012 0.850000024 0.280000001
v 1.93150413 8.27440453 -1.25275469 0.589205027 0.665960431 0.569205046
v 1.75807023 8.49457359 -0.213199139 0.589205027 0.665960431 0.569205046
v 2.26245141 8.55298424 -1.3915323 0.589205027 0.665960431 0.569205046
v 1.94256794 8.65961456 -0.550525069 0.589205027 0.665960431 0.569205046
v 2.52444935 8.20871544 -1.33189702 0.850000024 0.5 0.830000043
v 2.52444935 8.20871544 -1.33189702 0.850000024 0.5 0.830000043
v 2.52444935 8.20871544 -1.33189702 0.850000024 0.5 0.830000043
v 2.52444935 8.20871544 -1.33189702 0.850000024 0.5 0.830000043
v 1.38907206 9.11059093 -2.09256744 0.358029902 0.813071907 0.338029861
v 2.13117123 7.97192669 -2.5672884 0.358029902 0.813071907 0.338029861
v 3.01681566 8.64787102 -2.18043351 0.358029902 0.813071907 0.338029861
v 3.34265041 7.89247227 -2.583354 0.358029902 0.813071907 0.338029861
v 3.17250991 9.16383553 -2.89329147 0.850000024 0.5 0.830000043
v 3.17250991 9.16383553 -2.89329147 0.850000024 0.5 0.830000043
v 3.17250991 9.16383553 -2.89329147 0.850000024 0.5 0.830000043
v 3.17250991 9.16383553 -2.89329147 0.850000024 0.5 0.830000043
v 2.43266678 10.0457821 -3.0971458 0.850000024 0.5 0.830000043
v 2.43266678 10.0457821 -3.0971458 0.850000024 0.5 0.830000043
v 2.43266678 10.0457821 -3.0971458 0.850000024 0.5 0.830000043
v 2.43266678 10.0457821 -3.0971458 0.850000024 0.5 0.830000043
v 1.67256916 11.0144367 -3.05748367 0.850000024 0.5 0.830000043
v 1.67256916 11.0144367 -3.05748367 0.850000024 0.5 0.830000043
v 1.67256916 11.0144367 -3.05748367 0.850000024 0.5 0.830000043
v 1.67256916 11.0144367 -3.05748367 0.850000024 0.5 0.830000043
v 0.0543737411 10.237648 -3.43731093 0.300000012 0.850000024 0.280000001
v 1.53528714 10.8372707 -4.75232077 0.300000012 0.850000024 0.280000001
v -0.260770738 9.67383385 -4.2476244 0.300000012 0.850000024 0.280000001
v 0.944860697 9.81737423 -4.93166256 0.300000012 0.850000024 0.280000001
v 1.07118857 11.0460749 -4.43180943 0.301755905 0.848882675 0.281755865
v 1.1932323 10.6619654 -3.8059895 0.301755905 0.848882675 0.281755865
v 0.789985418 11.9398699 -3.45153689 0.301755905 0.848882675 0.281755865
v 0.659133077 12.6360245 -4.35009241 0.301755905 0.848882675 0.281755865
v 0.627379 10.8272848 -4.56480122 0.817418039 0.520734012 0.797417998
v 0.702475131 10.6709089 -4.54934025 0.817418039 0.520734012 0.797417998
v 0.661526263 10.8009634 -4.51799059 0.817418039 0.520734012 0.797417998
v 0.721704066 10.6440296 -4.52719021 0.817418039 0.520734012 0.797417998
v -0.517302752 10.0721169 0.703258693 0.850000024 0.5 0.830000043
v -0.517302752 10.0721169 0.703258693 0.850000024 0.5 0.830000043
v -0.517302752 10.0721169 0.703258693 0.850000024 0.5 0.830000043
v -0.517302752 10.0721169 0.703258693 0.850000024 0.5 0.830000043
v 0.747806072 9.88715172 0.968730927 0.850000024 0.5 0.830000043
v 0.747806072 9.88715172 0.968730927 0.850000024 0.5 0.830000043
v 0.747806072 9.88715172 0.968730927 0.850000024 0.5 0.830000043
v 0.747806072 9.88715172 0.968730927 0.850000024 0.5 0.830000043
v 0.784396887 9.6042757 1.05505347 0.300000012 0.850000024 0.280000001
v 1.09510839 10.7809114 0.834428787 0.300000012 0.850000024 0.280000001
v 2.08815885 9.34374714 0.565781951 0.300000012 0.850000024 0.280000001
v 2.71810865 10.5533199 0.300818205 0.300000012 0.850000024 0.280000001
v 2.67089224 10.5293856 0.237148166 0.300000012 0.850000024 0.280000001
v 2.05806375 9.53498745 0.561210632 0.300000012 0.850000024 0.280000001
v 1.64601183 10.2291346 1.23594618 0.300000012 0.850000024 0.280000001
v 2.8017714 11.3965225 1.07866347 0.300000012 0.850000024 0.280000001
v 0.54104811 12.3046274 -4.70825624 0.692280054 0.600367248 0.672280073
v 0.255903065 11.9008522 -4.27666378 0.692280054 0.600367248 0.672280073
v 1.05240977 13.0023041 -4.60889721 0.692280054 0.600367248 0.672280073
v 0.615990341 12.5565186 -4.2087903 0.692280054 0.600367248 0.672280073
v -0.00073826313 15.0648422 -3.77998543 0.300000012 0.850000024 0.280000001
v 0.867473602 13.4407434 -4.67629337 0.300000012 0.850000024 0.280000001
v 0.263667822 13.9352655 -2.47238278 0.300000012 0.850000024 0.280000001
v 1.07448697 12.6809082 -3.56456828 0.300000012 0.850000024 0.280000001
v 0.218224615 13.4977455 -2.47427011 0.300000012 0.850000024 0.280000001
v 0.229125619 13.9544277 -2.8859601 0.300000012 0.850000024 0.280000001
v 0.480753124 14.1145048 -1.91453946 0.300000012 0.850000024 0.280000001
v 0.317078739 13.1277266 -0.984293878 0.300000012 0.850000024 0.280000001
v -0.838128746 14.8673115 -1.27409112 0.300000012 0.850000024 0.280000001
v 0.0380546972 13.5965462 -2.75865412 0.300000012 0.850000024 0.280000001
v -0.384418935 14.7542381 -2.91565371 0.300000012 0.850000024 0.280000001
v -0.540540814 13.2305918 -0.930238843 0.300000012 0.850000024 0.280000001
v -0.24077332 13.0832796 -1.22790229 0.300000012 0.850000024 0.280000001
v 0.669365883 12.1766901 -0.921839476 0.300000012 0.850000024 0.280000001
v 0.37621066 12.9937134 -1.04704559 0.300000012 0.850000024 0.280000001
v 1.14314353 14.2843666 -0.949627578 0.300000012 0.850000024 0.280000001
v -0.689017594 12.9983006 0.407869399 0.850000024 0.5 0.830000043
v -0.689017594 12.9983006 0.407869399 0.850000024 0.5 0.830000043
v -0.689017594 12.9983006 0.407869399 0.850000024 0.5 0.830000043
v -0.689017594 12.9983006 0.407869399 0.850000024 0.5 0.830000043
v -1.00092971 11.9345703 0.267467797 0.850000024 0.5 0.830000043
v -1.00092971 11.9345703 0.267467797 0.850000024 0.5 0.830000043
v -1.00092971 11.9345703 0.267467797 0.850000024 0.5 0.830000043
v -1.00092971 11.9345703 0.267467797 0.850000024 0.5 0.830000043
v -1.45739043 11.044178 0.706563652 0.850000024 0.5 0.830000043
v -1.45739043 11.044178 0.706563652 0.850000024 0.5 0.830000043
v -1.45739043 11.044178 0.706563652 0.850000024 0.5 0.830000043
v -1.45739043 11.044178 0.706563652 0.850000024 0.5 0.830000043
v -0.180355743 13.4926434 0.483849525 0.850000024 0.5 0.830000043
v -0.180355743 13.4926434 0.483849525 0.850000024 0.5 0.830000043
v -0.180355743 13.4926434 0.483849525 0.850000024 0.5 0.830000043
v -0.180355743 13.4926434 0.483849525 0.850000024 0.5 0.830000043
v 0.660595894 13.7810917 0.259491861 0.850000024 0.5 0.830000043
v 0.660595894 13.7810917 0.259491861 0.850000024 0.5 0.830000043
v 0.660595894 13.7810917 0.259491861 0.850000024 0.5 0.830000043
v 0.660595894 13.7810917 0.259491861 0.850000024 0.5 0.830000043
v 1.79722786 10.1105986 0.993141115 0.300000012 0.850000024 0.280000001
v 2.90995455 8.55707645 -0.165691614 0.300000012 0.850000024 0.280000001
v 2.88526678 11.5732431 0.999215484 0.300000012 0.850000024 0.280000001
v 3.95622396 10.4970036 0.0686323047 0.300000012 0.850000024 0.280000001
v 2.46787095 9.31019974 -0.839702487 0.300000012 0.850000024 0.280000001
v 3.25898337 8.61135387 -0.455576777 0.300000012 0.850000024 0.280000001
v 1.82594132 8.76202774 -0.53996861 0.300000012 0.850000024 0.280000001
v 2.23659062 7.72866631 -0.322886705 0.300000012 0.850000024 0.280000001
v 2.56622148 8.14954662 -0.751801908 0.823664308 0.516759157 0.803664327
v 2.61106539 8.24625969 -0.715014279 0.823664308 0.516759157 0.803664327
v 2.67892766 8.10195351 -0.797055542 0.823664308 0.516759157 0.803664327
v 2.7297554 8.20430183 -0.758622766 0.823664308 0.516759157 0.803664327
v 3.07036066 8.53825569 -2.191257 0.343205959 0.822505355 0.323205948
v 2.74405622 7.59069967 -1.65476251 0.343205959 0.822505355 0.323205948
v 2.27677345 7.92765617 -0.405753195 0.343205959 0.822505355 0.323205948
v 2.98249912 9.14488029 -1.11369467 0.343205959 0.822505355 0.323205948
v 2.11300397 7.86575699 -1.4373157 0.300000012 0.850000024 0.280000001
v 3.35408211 8.00649929 -2.62074566 0.300000012 0.850000024 0.280000001
v 2.88169765 9.29323196 -1.06159174 0.300000012 0.850000024 0.280000001
v 4.08231926 9.35286045 -2.23224783 0.300000012 0.850000024 0.280000001
v 2.97097707 8.95981216 -3.31934953 0.310801685 0.843126237 0.290801674
v 3.23418665 8.14817905 -2.56853342 0.310801685 0.843126237 0.290801674
v 2.88660693 9.47519112 -3.06188893 0.310801685 0.843126237 0.290801674
v 3.05809569 8.81180191 -2.44112754 0.310801685 0.843126237 0.290801674
v 3.42655182 9.59740734 -2.79035711 0.770740151 0.550438106 0.75074017
v 3.4223249 9.56168365 -2.88233852 0.770740151 0.550438106 0.75074017
v 3.74011207 9.55401993 -2.84257197 0.770740151 0.550438106 0.75074017
v 3.76260829 9.53453064 -2.93608236 0.770740151 0.550438106 0.75074017
v 3.10254765 10.317071 -3.14716387 0.850000024 0.5 0.830000043
v 3.10254765 10.317071 -3.14716387 0.850000024 0.5 0.830000043
v 3.10254765 10.317071 -3.14716387 0.850000024 0.5 0.830000043
v 3.10254765 10.317071 -3.14716387 0.850000024 0.5 0.830000043
v 2.7581048 11.3716393 -3.1485877 0.850000024 0.5 0.830000043
v 2.7581048 11.3716393 -3.1485877 0.850000024 0.5 0.830000043
v 2.7581048 11.3716393 -3.1485877 0.850000024 0.5 0.830000043
v 2.7581048 11.3716393 -3.1485877 0.850000024 0.5 0.830000043
v 2.18942213 11.8364201 -3.06515098 0.850000024 0.5 0.830000043
v 2.18942213 11.8364201 -3.06515098 0.850000024 0.5 0.830000043
v 2.18942213 11.8364201 -3.06515098 0.850000024 0.5 0.830000043
v 2.18942213 11.8364201 -3.06515098 0.850000024 0.5 0.830000043
v 1.58140838 11.9260216 -3.06006289 0.850000024 0.5 0.830000043
v 1.58140838 11.9260216 -3.06006289 0.850000024 0.5 0.830000043
v 1.58140838 11.9260216 -3.06006289 0.850000024 0.5 0.830000043
v 1.58140838 11.9260216 -3.06006289 0.850000024 0.5 0.830000043
v 0.152486086 10.5759077 -3.6104784 0.300000012 0.850000024 0.280000001
v 1.02639592 11.796258 -5.45504141 0.300000012 0.850000024 0.280000001
v 0.608397007 10.0158348 -4.70548773 0.300000012 0.850000024 0.280000001
v 0.797684193 12.6610518 -4.45302248 0.300000012 0.850000024 0.280000001
v 0.265507936 13.1032581 -4.03444815 0.302455515 0.848437428 0.282455504
v 1.39915657 12.5914469 -4.0529747 0.302455515 0.848437428 0.282455504
v 0.325760365 12.7168932 -4.09171009 0.302455515 0.848437428 0.282455504
v 1.4379282 12.7820864 -3.83283186 0.302455515 0.848437428 0.282455504
v -1.19887686 9.99403954 1.15523863 0.850000024 0.5 0.830000043
v -1.19887686 9.99403954 1.15523863 0.850000024 0.5 0.830000043
v -1.19887686 9.99403954 1.15523863 0.850000024 0.5 0.830000043
v -1.19887686 9.99403954 1.15523863 0.850000024 0.5 0.830000043
v -0.00497540832 9.34357071 1.30126917 0.850000024 0.5 0.830000043
v -0.00497540832 9.34357071 1.30126917 0.850000024 0.5 0.830000043
v -0.00497540832 9.34357071 1.30126917 0.850000024 0.5 0.830000043
v -0.00497540832 9.34357071 1.30126917 0.850000024 0.5 0.830000043
v 1.25527906 9.27479935 1.72597241 0.850000024 0.5 0.830000043
v 1.25527906 9.27479935 1.72597241 0.850000024 0.5 0.830000043
v 1.25527906 9.27479935 1.72597241 0.850000024 0.5 0.830000043
v 1.25527906 9.27479935 1.72597241 0.850000024 0.5 0.830000043
v 2.10710049 9.80663967 1.57024121 0.848068953 0.501228869 0.828068972
v 2.11106133 9.80181789 1.57313359 0.848068953 0.501228869 0.828068972
v 2.11132693 9.79900837 1.57536685 0.848068953 0.501228869 0.828068972
v 2.11552286 9.79463673 1.57697582 0.848068953 0.501228869 0.828068972
v 2.64248991 10.7525291 0.520944595 0.484893531 0.732340515 0.46489352
v 2.78207803 11.2587852 1.17170191 0.484893531 0.732340515 0.46489352
v 2.5691874 9.307374 1.55068958 0.484893531 0.732340515 0.46489352
v 2.72567964 9.99367142 2.05383205 0.484893531 0.732340515 0.46489352
v 1.13015854 14.5662708 -3.30674267 0.300000012 0.850000024 0.280000001
v 1.27795386 12.6169167 -3.72023535 0.300000012 0.850000024 0.280000001
v 0.405767322 13.3474627 -1.04981744 0.300000012 0.850000024 0.280000001
v 0.585634232 12.5585318 -2.3106699 0.300000012 0.850000024 0.280000001
v 1.36181247 13.4267893 -0.199086547 0.850000024 0.5 0.830000043
v 1.36181247 13.4267893 -0.199086547 0.850000024 0.5 0.830000043
v 1.36181247 13.4267893 -0.199086547 0.850000024 0.5 0.830000043
v 1.36181247 13.4267893 -0.199086547 0.850000024 0.5 0.830000043
v -1.02233458 13.6309624 0.751443267 0.850000024 0.5 0.830000043
v -1.02233458 13.6309624 0.751443267 0.850000024 0.5 0.830000043
v -1.02233458 13.6309624 0.751443267 0.850000024 0.5 0.830000043
v -1.02233458 13.6309624 0.751443267 0.850000024 0.5 0.830000043
v -1.14008117 12.5837517 0.450601578 0.850000024 0.5 0.830000043
v -1.14008117 12.5837517 0.450601578 0.850000024 0.5 0.830000043
v -1.14008117 12.5837517 0.450601578 0.850000024 0.5 0.830000043
v -1.14008117 12.5837517 0.450601578 0.850000024 0.5 0.830000043
v -1.41347051 11.983798 0.505603969 0.850000024 0.5 0.830000043
v -1.41347051 11.983798 0.505603969 0.850000024 0.5 0.830000043
v -1.41347051 11.983798 0.505603969 0.850000024 0.5 0.830000043
v -1.41347051 11.983798 0.505603969 0.850000024 0.5 0.830000043
v -1.93929827 11.6609612 1.24279404 0.850000024 0.5 0.830000043
v -1.93929827 11.6609612 1.24279404 0.850000024 0.5 0.830000043
v -1.93929827 11.6609612 1.24279404 0.850000024 0.5 0.830000043
v -1.93929827 11.6609612 1.24279404 0.850000024 0.5 0.830000043
v 0.119240619 14.3221884 0.804878652 0.850000024 0.5 0.830000043
v 0.119240619 14.3221884 0.804878652 0.850000024 0.5 0.830000043
v 0.119240619 14.3221884 0.804878652 0.850000024 0.5 0.830000043
v 0.119240619 14.3221884 0.804878652 0.850000024 0.5 0.830000043
v -0.492196441 14.0969858 0.851066589 0.850000024 0.5 0.830000043
v -0.492196441 14.0969858 0.851066589 0.850000024 0.5 0.830000043
v -0.492196441 14.0969858 0.851066589 0.850000024 0.5 0.830000043
v -0.492196441 14.0969858 0.851066589 0.850000024 0.5 0.830000043
v 1.03729773 14.5889816 0.652140617 0.850000024 0.5 0.830000043
v 1.03729773 14.5889816 0.652140617 0.850000024 0.5 0.830000043
v 1.03729773 14.5889816 0.652140617 0.850000024 0.5 0.830000043
v 1.03729773 14.5889816 0.652140617 0.850000024 0.5 0.830000043
v 2.72261095 11.7416391 1.14397144 0.300000012 0.850000024 0.280000001
v 2.80009985 9.82979965 1.06256735 0.300000012 0.850000024 0.280000001
v 3.80483818 12.3266068 0.298282325 0.300000012 0.850000024 0.280000001
v 4.25465488 10.6164608 0.398080647 0.300000012 0.850000024 0.280000001
v 3.01965809 8.806674 -0.305464745 0.300000012 0.850000024 0.280000001
v 3.20485115 9.90567398 0.697747111 0.300000012 0.850000024 0.280000001
v 3.8865366 10.5986824 -0.063131839 0.300000012 0.850000024 0.280000001
v 3.93109322 9.61220169 -1.04499424 0.300000012 0.850000024 0.280000001
v 3.20802927 8.78885937 -0.451641083 0.300000012 0.850000024 0.280000001
v 3.07162809 8.64496517 -1.06839991 0.300000012 0.850000024 0.280000001
v 2.94506979 9.13316154 -1.08403921 0.300000012 0.850000024 0.280000001
v 3.1898315 8.93791962 -0.399233729 0.300000012 0.850000024 0.280000001
v 2.817173 9.36140347 -1.02162182 0.316349864 0.839595556 0.296349853
v 3.03790236 8.74948215 -1.36324215 0.316349864 0.839595556 0.296349853
v 4.05893612 9.81738281 -1.16332924 0.316349864 0.839595556 0.296349853
v 4.33500671 8.72645664 -1.53230059 0.316349864 0.839595556 0.296349853
v 3.1107707 8.20313263 -2.49462175 0.300000012 0.850000024 0.280000001
v 2.99247694 9.05643272 -1.38510227 0.300000012 0.850000024 0.280000001
v 4.03903294 9.33072472 -3.23193836 0.300000012 0.850000024 0.280000001
v 3.87998438 10.0518446 -2.22767353 0.300000012 0.850000024 0.280000001
v 2.86754346 9.29914188 -2.24972844 0.490635455 0.728686571 0.470635414
v 3.87715197 9.55095673 -3.29768014 0.490635455 0.728686571 0.470635414
v 3.70594215 10.2891302 -2.11994028 0.490635455 0.728686571 0.470635414
v 4.74822855 10.4712486 -3.16726351 0.490635455 0.728686571 0.470635414
v 3.66992474 10.6815882 -2.93536949 0.850000024 0.5 0.830000043
v 3.66992474 10.6815882 -2.93536949 0.850000024 0.5 0.830000043
v 3.66992474 10.6815882 -2.93536949 0.850000024 0.5 0.830000043
v 3.66992474 10.6815882 -2.93536949 0.850000024 0.5 0.830000043
v 3.37417197 11.2903137 -3.06049132 0.850000024 0.5 0.830000043
v 3.37417197 11.2903137 -3.06049132 0.850000024 0.5 0.830000043
v 3.37417197 11.2903137 -3.06049132 0.850000024 0.5 0.830000043
v 3.37417197 11.2903137 -3.06049132 0.850000024 0.5 0.830000043
v 3.27186346 12.4994354 -3.06755376 0.850000024 0.5 0.830000043
v 3.27186346 12.4994354 -3.06755376 0.850000024 0.5 0.830000043
v 3.27186346 12.4994354 -3.06755376 0.850000024 0.5 0.830000043
v 3.27186346 12.4994354 -3.06755376 0.850000024 0.5 0.830000043
v 2.59285736 12.9774876 -3.06280541 0.850000024 0.5 0.830000043
v 2.59285736 12.9774876 -3.06280541 0.850000024 0.5 0.830000043
v 2.59285736 12.9774876 -3.06280541 0.850000024 0.5 0.830000043
v 2.59285736 12.9774876 -3.06280541 0.850000024 0.5 0.830000043
v 1.82793081 12.5316544 -2.89329338 0.850000024 0.5 0.830000043
v 1.82793081 12.5316544 -2.89329338 0.850000024 0.5 0.830000043
v 1.82793081 12.5316544 -2.89329338 0.850000024 0.5 0.830000043
v 1.82793081 12.5316544 -2.89329338 0.850000024 0.5 0.830000043
v 0.409105062 11.9475927 -3.14763188 0.300000012 0.850000024 0.280000001
v 1.40028501 12.6964531 -3.80833626 0.300000012 0.850000024 0.280000001
v 0.842598021 13.134079 -2.92808199 0.300000012 0.850000024 0.280000001
v 1.5761795 13.5896454 -3.19547558 0.300000012 0.850000024 0.280000001
v -1.75830519 10.560338 1.82556355 0.850000024 0.5 0.830000043
v -1.75830519 10.560338 1.82556355 0.850000024 0.5 0.830000043
v -1.75830519 10.560338 1.82556355 0.850000024 0.5 0.830000043
v -1.75830519 10.560338 1.82556355 0.850000024 0.5 0.830000043
v -0.719883859 9.16966248 1.73865104 0.850000024 0.5 0.830000043
v -0.719883859 9.16966248 1.73865104 0.850000024 0.5 0.830000043
v -0.719883859 9.16966248 1.73865104 0.850000024 0.5 0.830000043
v -0.719883859 9.16966248 1.73865104 0.850000024 0.5 0.830000043
v 0.428980857 8.84653187 2.01650214 0.850000024 0.5 0.830000043
v 0.428980857 8.84653187 2.01650214 0.850000024 0.5 0.830000043
v 0.428980857 8.84653187 2.01650214 0.850000024 0.5 0.830000043
v 0.428980857 8.84653187 2.01650214 0.850000024 0.5 0.830000043
v 1.71533906 8.81809139 2.19739485 0.753584743 0.561355233 0.733584762
v 1.30073917 8.53628063 2.38060713 0.753584743 0.561355233 0.733584762
v 1.11850655 8.67697239 2.85581446 0.753584743 0.561355233 0.733584762
v 1.49929643 8.95887852 2.72395396 0.753584743 0.561355233 0.733584762
v 1.33159161 8.87714767 2.2219367 0.549997687 0.690910578 0.529997647
v 2.64088845 8.9814043 1.63502622 0.549997687 0.690910578 0.529997647
v 1.56249809 9.39680481 2.91486526 0.549997687 0.690910578 0.529997647
v 2.78966236 9.62544918 2.28126264 0.549997687 0.690910578 0.529997647
v 2.6704824 11.4819899 1.2463448 0.406671375 0.782118261 0.386671364
v 3.39215732 10.9382172 1.47804594 0.406671375 0.782118261 0.386671364
v 2.83324862 11.4183826 1.21073997 0.406671375 0.782118261 0.386671364
v 4.04374599 10.9530945 1.38047433 0.406671375 0.782118261 0.386671364
v 2.5514164 8.99501896 1.56938577 0.300000012 0.850000024 0.280000001
v 3.67937565 10.5104094 1.26640844 0.300000012 0.850000024 0.280000001
v 1.89588177 9.21421432 3.12276387 0.300000012 0.850000024 0.280000001
v 2.8846302 10.895052 2.84339237 0.300000012 0.850000024 0.280000001
v 1.42289078 13.3605137 -1.84576511 0.850000024 0.5 0.830000043
v 1.42289078 13.3605137 -1.84576511 0.850000024 0.5 0.830000043
v 1.42289078 13.3605137 -1.84576511 0.850000024 0.5 0.830000043
v 1.42289078 13.3605137 -1.84576511 0.850000024 0.5 0.830000043
v 0.775794148 13.2439795 -0.82590878 0.616228819 0.648763537 0.596228838
v 1.22608709 12.9529705 -0.21310088 0.616228819 0.648763537 0.596228838
v 1.89990044 14.1787777 -1.18430018 0.616228819 0.648763537 0.596228838
v 1.81030011 13.4876871 -0.655867696 0.616228819 0.648763537 0.596228838
v 1.52991211 13.4815903 0.453510195 0.748980999 0.564284921 0.728980958
v 1.76504898 13.7927742 0.364734232 0.748980999 0.564284921 0.728980958
v 1.92123938 13.9643278 0.607548952 0.748980999 0.564284921 0.728980958
v 2.14122224 14.2025709 0.413927078 0.748980999 0.564284921 0.728980958
v -1.40271473 13.9723005 1.16642046 0.850000024 0.5 0.830000043
v -1.40271473 13.9723005 1.16642046 0.850000024 0.5 0.830000043
v -1.40271473 13.9723005 1.16642046 0.850000024 0.5 0.830000043
v -1.40271473 13.9723005 1.16642046 0.850000024 0.5 0.830000043
v -1.44962335 13.0812206 0.683595181 0.850000024 0.5 0.830000043
v -1.44962335 13.0812206 0.683595181 0.850000024 0.5 0.830000043
v -1.44962335 13.0812206 0.683595181 0.850000024 0.5 0.830000043
v -1.44962335 13.0812206 0.683595181 0.850000024 0.5 0.830000043
v -1.75112438 12.4557762 0.808865011 0.850000024 0.5 0.830000043
v -1.75112438 12.4557762 0.808865011 0.850000024 0.5 0.830000043
v -1.75112438 12.4557762 0.808865011 0.850000024 0.5 0.830000043
v -1.75112438 12.4557762 0.808865011 0.850000024 0.5 0.830000043
v -2.13666821 12.8269615 1.58336306 0.850000024 0.5 0.830000043
v -2.13666821 12.8269615 1.58336306 0.850000024 0.5 0.830000043
v -2.13666821 12.8269615 1.58336306 0.850000024 0.5 0.830000043
v -2.13666821 12.8269615 1.58336306 0.850000024 0.5 0.830000043
v -0.0356602818 15.1353807 1.31379461 0.850000024 0.5 0.830000043
v -0.0356602818 15.1353807 1.31379461 0.850000024 0.5 0.830000043
v -0.0356602818 15.1353807 1.31379461 0.850000024 0.5 0.830000043
v -0.0356602818 15.1353807 1.31379461 0.850000024 0.5 0.830000043
v -0.773076534 14.5561152 1.30453312 0.850000024 0.5 0.830000043
v -0.773076534 14.5561152 1.30453312 0.850000024 0.5 0.830000043
v -0.773076534 14.5561152 1.30453312 0.850000024 0.5 0.830000043
v -0.773076534 14.5561152 1.30453312 0.850000024 0.5 0.830000043
v 0.646523118 15.5596628 1.30137849 0.850000024 0.5 0.830000043
v 0.646523118 15.5596628 1.30137849 0.850000024 0.5 0.830000043
v 0.646523118 15.5596628 1.30137849 0.850000024 0.5 0.830000043
v 0.646523118 15.5596628 1.30137849 0.850000024 0.5 0.830000043
v 1.5501194 14.9360142 1.12500763 0.850000024 0.5 0.830000043
v 1.5501194 14.9360142 1.12500763 0.850000024 0.5 0.830000043
v 1.5501194 14.9360142 1.12500763 0.850000024 0.5 0.830000043
v 1.5501194 14.9360142 1.12500763 0.850000024 0.5 0.830000043
v 2.56137037 11.8710899 1.40583313 0.300000012 0.850000024 0.280000001
v 3.84439564 10.7206984 0.709753752 0.300000012 0.850000024 0.280000001
v 3.25412273 13.6236439 0.927243412 0.300000012 0.850000024 0.280000001
v 4.68854523 12.6699677 0.332142353 0.300000012 0.850000024 0.280000001
v 3.8597827 10.8375912 0.118826836 0.300000012 0.850000024 0.280000001
v 4.41054296 10.906765 0.258901477 0.300000012 0.850000024 0.280000001
v 3.66750145 10.7055178 0.102122426 0.300000012 0.850000024 0.280000001
v 4.14092588 10.579711 0.337379783 0.300000012 0.850000024 0.280000001
v 3.92425776 10.8624229 -0.112448841 0.300000012 0.850000024 0.280000001
v 2.97655344 9.23340797 -0.282479882 0.300000012 0.850000024 0.280000001
v 4.17619753 8.75972652 -1.43116665 0.300000012 0.850000024 0.280000001
v 5.1302104 10.1501923 -1.28505635 0.300000012 0.850000024 0.280000001
v 4.05433655 9.5050869 -2.04996562 0.53071022 0.703184426 0.510710239
v 4.22415447 9.01788235 -1.45753658 0.53071022 0.703184426 0.510710239
v 3.91547728 10.0149689 -2.05209398 0.53071022 0.703184426 0.510710239
v 4.07198238 9.34523773 -1.44142306 0.53071022 0.703184426 0.510710239
v 4.72038412 10.0527592 -1.85203874 0.850000024 0.5 0.830000043
v 4.72038412 10.0527592 -1.85203874 0.850000024 0.5 0.830000043
v 4.72038412 10.0527592 -1.85203874 0.850000024 0.5 0.830000043
v 4.72038412 10.0527592 -1.85203874 0.850000024 0.5 0.830000043
v 3.77678895 10.1868048 -3.00545049 0.63372314 0.637630761 0.613723159
v 3.70370626 10.6118641 -2.33858514 0.63372314 0.637630761 0.613723159
v 4.2025218 11.4553528 -3.40203762 0.63372314 0.637630761 0.613723159
v 4.22934866 11.6875916 -2.87491941 0.63372314 0.637630761 0.613723159
v 3.9755764 11.8792934 -2.88183284 0.850000024 0.5 0.830000043
v 3.9755764 11.8792934 -2.88183284 0.850000024 0.5 0.830000043
v 3.9755764 11.8792934 -2.88183284 0.850000024 0.5 0.830000043
v 3.9755764 11.8792934 -2.88183284 0.850000024 0.5 0.830000043
v 3.60050535 13.5779114 -2.74602723 0.850000024 0.5 0.830000043
v 3.60050535 13.5779114 -2.74602723 0.850000024 0.5 0.830000043
v 3.60050535 13.5779114 -2.74602723 0.850000024 0.5 0.830000043
v 3.60050535 13.5779114 -2.74602723 0.850000024 0.5 0.830000043
v 2.83758259 13.9727783 -2.77188039 0.850000024 0.5 0.830000043
v 2.83758259 13.9727783 -2.77188039 0.850000024 0.5 0.830000043
v 2.83758259 13.9727783 -2.77188039 0.850000024 0.5 0.830000043
v 2.83758259 13.9727783 -2.77188039 0.850000024 0.5 0.830000043
v 2.08234286 13.3553629 -2.90954685 0.850000024 0.5 0.830000043
v 2.08234286 13.3553629 -2.90954685 0.850000024 0.5 0.830000043
v 2.08234286 13.3553629 -2.90954685 0.850000024 0.5 0.830000043
v 2.08234286 13.3553629 -2.90954685 0.850000024 0.5 0.830000043
v 1.56491113 13.1322536 -2.57083869 0.850000024 0.5 0.830000043
v 1.56491113 13.1322536 -2.57083869 0.850000024 0.5 0.830000043
v 1.56491113 13.1322536 -2.57083869 0.850000024 0.5 0.830000043
v 1.56491113 13.1322536 -2.57083869 0.850000024 0.5 0.830000043
v -1.95000398 11.3347969 2.61345291 0.850000024 0.5 0.830000043
v -1.95000398 11.3347969 2.61345291 0.850000024 0.5 0.830000043
v -1.95000398 11.3347969 2.61345291 0.850000024 0.5 0.830000043
v -1.95000398 11.3347969 2.61345291 0.850000024 0.5 0.830000043
v -1.22316635 9.56806087 2.35394621 0.850000024 0.5 0.830000043
v -1.22316635 9.56806087 2.35394621 0.850000024 0.5 0.830000043
v -1.22316635 9.56806087 2.35394621 0.850000024 0.5 0.830000043
v -1.22316635 9.56806087 2.35394621 0.850000024 0.5 0.830000043
v -0.25818938 8.74669266 2.31794596 0.850000024 0.5 0.830000043
v -0.25818938 8.74669266 2.31794596 0.850000024 0.5 0.830000043
v -0.25818938 8.74669266 2.31794596 0.850000024 0.5 0.830000043
v -0.25818938 8.74669266 2.31794596 0.850000024 0.5 0.830000043
v 0.902264774 7.78123331 1.89122903 0.400313258 0.786164284 0.380313277
v -0.530721307 8.28266907 2.55145335 0.400313258 0.786164284 0.380313277
v 1.268731 8.75786018 2.52152348 0.400313258 0.786164284 0.380313277
v -0.198614657 9.46891117 3.00108504 0.400313258 0.786164284 0.380313277
v 1.24536371 8.91501045 2.53954291 0.300000012 0.850000024 0.280000001
v 1.42693388 9.18306923 3.01516271 0.300000012 0.850000024 0.280000001
v 1.54847324 8.60508347 3.94040775 0.300000012 0.850000024 0.280000001
v 1.41715753 8.64543247 3.41881514 0.300000012 0.850000024 0.280000001
v 1.42044985 9.37410259 2.99554992 0.300000012 0.850000024 0.280000001
v 2.08046293 8.79079056 3.02339244 0.300000012 0.850000024 0.280000001
v 2.30686665 9.70013809 3.21150017 0.300000012 0.850000024 0.280000001
v 2.81859016 8.81005287 3.06475353 0.300000012 0.850000024 0.280000001
v 2.54489827 10.0137081 2.27546167 0.300000012 0.850000024 0.280000001
v 4.10576344 10.6607361 1.37542439 0.300000012 0.850000024 0.280000001
v 2.67367911 11.1070328 3.05078745 0.300000012 0.850000024 0.280000001
v 4.09028912 11.8488998 2.20828509 0.300000012 0.850000024 0.280000001
v 3.42612267 12.2718678 0.606394291 0.300000012 0.850000024 0.280000001
v 3.72310805 10.9868717 1.65576267 0.300000012 0.850000024 0.280000001
v 3.10013723 13.4095707 1.04098439 0.300000012 0.850000024 0.280000001
v 3.21743822 12.4461527 1.96873808 0.300000012 0.850000024 0.280000001
v 2.84830546 9.61402893 2.33164072 0.300000012 0.850000024 0.280000001
v 2.90089035 10.655467 2.86119556 0.300000012 0.850000024 0.280000001
v 2.66451669 8.97661114 3.19514728 0.300000012 0.850000024 0.280000001
v 2.44509673 10.0525112 3.85071707 0.300000012 0.850000024 0.280000001
v 1.69808602 13.8456869 -1.1657089 0.850000024 0.5 0.830000043
v 1.69808602 13.8456869 -1.1657089 0.850000024 0.5 0.830000043
v 1.69808602 13.8456869 -1.1657089 0.850000024 0.5 0.830000043
v 1.69808602 13.8456869 -1.1657089 0.850000024 0.5 0.830000043
v 1.72969878 14.1134586 -2.08831334 0.850000024 0.5 0.830000043
v 1.72969878 14.1134586 -2.08831334 0.850000024 0.5 0.830000043
v 1.72969878 14.1134586 -2.08831334 0.850000024 0.5 0.830000043
v 1.72969878 14.1134586 -2.08831334 0.850000024 0.5 0.830000043
v 2.22854424 14.2622175 -0.178055972 0.850000024 0.5 0.830000043
v 2.22854424 14.2622175 -0.178055972 0.850000024 0.5 0.830000043
v 2.22854424 14.2622175 -0.178055972 0.850000024 0.5 0.830000043
v 2.22854424 14.2622175 -0.178055972 0.850000024 0.5 0.830000043
v 1.75260937 13.4944601 -0.813502431 0.300461054 0.84970665 0.280461043
v 1.79851794 13.4686155 -0.679025531 0.300461054 0.84970665 0.280461043
v 1.87443006 14.2214813 0.678405881 0.300461054 0.84970665 0.280461043
v 1.85692239 13.8180361 0.2897093 0.300461054 0.84970665 0.280461043
v 1.68382215 14.1213894 0.844955742 0.32056877 0.836910784 0.300568759
v 1.37112319 14.5317602 1.25371397 0.32056877 0.836910784 0.300568759
v 3.02328157 14.3285522 0.929176629 0.32056877 0.836910784 0.300568759
v 2.50943589 14.2178755 1.36586547 0.32056877 0.836910784 0.300568759
v -1.79280519 13.956274 1.74584007 0.850000024 0.5 0.830000043
v -1.79280519 13.956274 1.74584007 0.850000024 0.5 0.830000043
v -1.79280519 13.956274 1.74584007 0.850000024 0.5 0.830000043
v -1.79280519 13.956274 1.74584007 0.850000024 0.5 0.830000043
v -1.79746628 13.2181435 1.01824665 0.850000024 0.5 0.830000043
v -1.79746628 13.2181435 1.01824665 0.850000024 0.5 0.830000043
v -1.79746628 13.2181435 1.01824665 0.850000024 0.5 0.830000043
v -1.79746628 13.2181435 1.01824665 0.850000024 0.5 0.830000043
v -2.25161219 12.6200523 2.35399485 0.850000024 0.5 0.830000043
v -2.25161219 12.6200523 2.35399485 0.850000024 0.5 0.830000043
v -2.25161219 12.6200523 2.35399485 0.850000024 0.5 0.830000043
v -2.25161219 12.6200523 2.35399485 0.850000024 0.5 0.830000043
v -0.329731196 15.4621601 2.02256751 0.850000024 0.5 0.830000043
v -0.329731196 15.4621601 2.02256751 0.850000024 0.5 0.830000043
v -0.329731196 15.4621601 2.02256751 0.850000024 0.5 0.830000043
v -0.329731196 15.4621601 2.02256751 0.850000024 0.5 0.830000043
v -1.0919919 14.6941938 1.92169785 0.850000024 0.5 0.830000043
v -1.0919919 14.6941938 1.92169785 0.850000024 0.5 0.830000043
v -1.0919919 14.6941938 1.92169785 0.850000024 0.5 0.830000043
v -1.0919919 14.6941938 1.92169785 0.850000024 0.5 0.830000043
v 1.06617606 15.808362 1.59828377 0.844461203 0.50352478 0.824461222
v 1.07590353 15.8183489 1.58741331 0.844461203 0.50352478 0.824461222
v 1.08469534 15.8323908 1.59887409 0.844461203 0.50352478 0.824461222
v 1.08862162 15.8417425 1.59149492 0.844461203 0.50352478 0.824461222
v 0.447752863 16.0515366 1.9285332 0.850000024 0.5 0.830000043
v 0.447752863 16.0515366 1.9285332 0.850000024 0.5 0.830000043
v 0.447752863 16.0515366 1.9285332 0.850000024 0.5 0.830000043
v 0.447752863 16.0515366 1.9285332 0.850000024 0.5 0.830000043
v 2.04641342 14.7959833 0.502802134 0.300000012 0.850000024 0.280000001
v 1.18386579 16.3115273 1.42924476 0.300000012 0.850000024 0.280000001
v 2.30285335 14.0863476 1.53937876 0.300000012 0.850000024 0.280000001
v 1.33495867 15.2983522 2.46321058 0.300000012 0.850000024 0.280000001
v 2.84409547 13.6475248 1.28598201 0.300000012 0.850000024 0.280000001
v 3.64144897 12.0494118 1.27126408 0.300000012 0.850000024 0.280000001
v 4.12181187 14.3283672 -0.0127503872 0.300000012 0.850000024 0.280000001
v 4.56121445 12.8561611 0.133606255 0.300000012 0.850000024 0.280000001
v 4.11612034 11.0315313 0.476880252 0.300000012 0.850000024 0.280000001
v 3.9556694 12.1893291 1.01591563 0.300000012 0.850000024 0.280000001
v 4.7274456 11.4679518 -0.223012269 0.300000012 0.850000024 0.280000001
v 4.46098995 12.8049469 0.193815827 0.300000012 0.850000024 0.280000001
v 3.76263571 11.0693979 0.000880129635 0.300000012 0.850000024 0.280000001
v 5.18854523 11.5626755 -0.544112563 0.300000012 0.850000024 0.280000001
v 3.85720897 9.75349236 -0.270172536 0.300000012 0.850000024 0.280000001
v 5.1969614 10.1984758 -1.01980054 0.300000012 0.850000024 0.280000001
v 4.07283163 9.0520525 -1.41369271 0.300000012 0.850000024 0.280000001
v 4.13945389 9.93682671 -0.507204533 0.300000012 0.850000024 0.280000001
v 4.9905138 9.6722374 -2.26953197 0.300000012 0.850000024 0.280000001
v 4.86286163 10.6140728 -1.35081339 0.300000012 0.850000024 0.280000001
v 3.74649549 9.72839737 -1.32932091 0.300000012 0.850000024 0.280000001
v 5.02335405 9.69782162 -2.57071948 0.300000012 0.850000024 0.280000001
v 4.68774748 10.906023 -1.25814366 0.300000012 0.850000024 0.280000001
v 5.86713219 11.0331011 -2.13614511 0.300000012 0.850000024 0.280000001
v 4.72566938 11.0740242 -2.47185016 0.748845458 0.564371109 0.728845477
v 4.88801813 10.6971407 -2.28712463 0.748845458 0.564371109 0.728845477
v 4.62028837 11.4878139 -2.43761873 0.748845458 0.564371109 0.728845477
v 4.73551083 11.2377787 -2.16110086 0.748845458 0.564371109 0.728845477
v 3.84758806 12.6957836 -2.72928739 0.742909193 0.568148732 0.722909212
v 4.08835411 12.6131945 -2.58026481 0.742909193 0.568148732 0.722909212
v 4.24270201 12.9808226 -2.80111337 0.742909193 0.568148732 0.722909212
v 4.49055338 13.0042162 -2.73171234 0.742909193 0.568148732 0.722909212
v 3.64812946 14.398016 -2.08282328 0.850000024 0.5 0.830000043
v 3.64812946 14.398016 -2.08282328 0.850000024 0.5 0.830000043
v 3.64812946 14.398016 -2.08282328 0.850000024 0.5 0.830000043
v 3.64812946 14.398016 -2.08282328 0.850000024 0.5 0.830000043
v 2.86653447 14.5391102 -2.16287303 0.850000024 0.5 0.830000043
v 2.86653447 14.5391102 -2.16287303 0.850000024 0.5 0.830000043
v 2.86653447 14.5391102 -2.16287303 0.850000024 0.5 0.830000043
v 2.86653447 14.5391102 -2.16287303 0.850000024 0.5 0.830000043
v 2.22068167 14.051589 -2.67663145 0.850000024 0.5 0.830000043
v 2.22068167 14.051589 -2.67663145 0.850000024 0.5 0.830000043
v 2.22068167 14.051589 -2.67663145 0.850000024 0.5 0.830000043
v 2.22068167 14.051589 -2.67663145 0.850000024 0.5 0.830000043
v 1.7993176 13.7543793 -2.58960915 0.850000024 0.5 0.830000043
v 1.7993176 13.7543793 -2.58960915 0.850000024 0.5 0.830000043
v 1.7993176 13.7543793 -2.58960915 0.850000024 0.5 0.830000043
v 1.7993176 13.7543793 -2.58960915 0.850000024 0.5 0.830000043
v -2.90088272 11.722909 2.85753441 0.451051652 0.753876269 0.431051642
v -1.83891702 10.7019339 2.71891356 0.451051652 0.753876269 0.431051642
v -2.2339108 13.4289799 2.9602282 0.451051652 0.753876269 0.431051642
v -1.38331985 12.4451504 2.88347363 0.451051652 0.753876269 0.431051642
v -1.37052083 10.3448009 3.04352355 0.850000024 0.5 0.830000043
v -1.37052083 10.3448009 3.04352355 0.850000024 0.5 0.830000043
v -1.37052083 10.3448009 3.04352355 0.850000024 0.5 0.830000043
v -1.37052083 10.3448009 3.04352355 0.850000024 0.5 0.830000043
v -0.683915794 9.00655937 2.7673111 0.838824332 0.507111788 0.818824291
v -0.685652375 9.08105373 2.77716732 0.838824332 0.507111788 0.818824291
v -0.637829542 8.99507713 2.7617085 0.838824332 0.507111788 0.818824291
v -0.633342564 9.04959869 2.77194738 0.838824332 0.507111788 0.818824291
v -0.0310944244 8.74716091 2.87743521 0.835622072 0.509149611 0.815622091
v -0.064472042 8.71418858 2.89086103 0.835622072 0.509149611 0.815622091
v -0.0646509677 8.77180767 2.94983149 0.835622072 0.509149611 0.815622091
v -0.10646522 8.74510288 2.9492445 0.835622072 0.509149611 0.815622091
v 0.414467543 7.93557405 3.35011911 0.361027837 0.811164141 0.341027826
v -0.323102474 9.20337391 3.22024441 0.361027837 0.811164141 0.341027826
v 1.39388537 8.51531029 3.46868277 0.361027837 0.811164141 0.341027826
v 0.523332477 9.82143879 3.27151036 0.361027837 0.811164141 0.341027826
v 2.18863845 9.4279213 3.39825678 0.300000012 0.850000024 0.280000001
v 1.27829146 8.5681324 3.62521529 0.300000012 0.850000024 0.280000001
v 0.91922617 9.88684845 4.58170462 0.300000012 0.850000024 0.280000001
v 1.85749078 10.7204494 4.32563114 0.300000012 0.850000024 0.280000001
v 1.31186867 8.89773369 4.18227434 0.300000012 0.850000024 0.280000001
v 2.63586259 8.69524956 3.3003397 0.300000012 0.850000024 0.280000001
v 3.37606502 10.3862915 3.05161858 0.300000012 0.850000024 0.280000001
v 1.96662664 11.0119944 4.17779398 0.300000012 0.850000024 0.280000001
v 2.653584 10.7865839 3.11331892 0.300000012 0.850000024 0.280000001
v 3.1415205 10.9316034 3.10505223 0.300000012 0.850000024 0.280000001
v 3.11046767 10.8481388 3.27324128 0.300000012 0.850000024 0.280000001
v 3.44061112 11.1476421 3.3023212 0.300000012 0.850000024 0.280000001
v 3.91716075 10.9230852 1.51210666 0.300000012 0.850000024 0.280000001
v 2.97936893 11.1833029 3.24014306 0.300000012 0.850000024 0.280000001
v 3.95729542 13.1820259 1.2785424 0.300000012 0.850000024 0.280000001
v 3.13640833 13.406333 2.79778409 0.300000012 0.850000024 0.280000001
v 2.86935115 13.4176559 1.260795 0.399144351 0.78690815 0.379144341
v 3.82443357 13.2008257 1.36053276 0.399144351 0.78690815 0.379144341
v 2.25329971 12.9248123 1.12878168 0.399144351 0.78690815 0.379144341
v 3.31269193 12.9206505 1.20297372 0.399144351 0.78690815 0.379144341
v 2.02327609 14.4084549 -1.68010747 0.850000024 0.5 0.830000043
v 2.02327609 14.4084549 -1.68010747 0.850000024 0.5 0.830000043
v 2.02327609 14.4084549 -1.68010747 0.850000024 0.5 0.830000043
v 2.02327609 14.4084549 -1.68010747 0.850000024 0.5 0.830000043
v 2.24413061 14.6089249 -0.999319315 0.75596714 0.559839129 0.735967159
v 2.29755807 14.3632793 -1.192523 0.75596714 0.559839129 0.735967159
v 2.33863378 14.7581444 -0.729429364 0.75596714 0.559839129 0.735967159
v 2.33961129 14.4416161 -0.903862476 0.75596714 0.559839129 0.735967159
v 2.21216106 14.4253254 -2.1858747 0.850000024 0.5 0.830000043
v 2.21216106 14.4253254 -2.1858747 0.850000024 0.5 0.830000043
v 2.21216106 14.4253254 -2.1858747 0.850000024 0.5 0.830000043
v 2.21216106 14.4253254 -2.1858747 0.850000024 0.5 0.830000043
v 2.11146116 15.171258 -0.483858466 0.300000012 0.850000024 0.280000001
v 1.75469279 14.0753841 0.414457202 0.300000012 0.850000024 0.280000001
v 3.55585241 14.5767546 -0.936894298 0.300000012 0.850000024 0.280000001
v 3.10434866 13.5114136 -0.00466488302 0.300000012 0.850000024 0.280000001
v 1.9436276 14.4065781 0.642763019 0.300000012 0.850000024 0.280000001
v 2.80574322 14.4355364 -0.634934843 0.300000012 0.850000024 0.280000001
v 2.01016665 13.0885181 1.31072044 0.300000012 0.850000024 0.280000001
v 3.1299181 13.2094698 -0.0508463979 0.300000012 0.850000024 0.280000001
v 1.90790105 14.1670361 0.677670121 0.377958298 0.800390184 0.357958287
v 2.3201828 13.8365288 1.67341864 0.377958298 0.800390184 0.357958287
v 2.98837137 13.5053949 0.358219266 0.377958298 0.800390184 0.357958287
v 3.20005083 12.9016657 1.27892482 0.377958298 0.800390184 0.357958287
v 2.06848717 13.7047014 1.90437341 0.300000012 0.850000024 0.280000001
v 2.4372282 14.1589785 1.43265605 0.300000012 0.850000024 0.280000001
v 2.50135136 14.8020344 2.33010149 0.300000012 0.850000024 0.280000001
v 3.09514618 15.1607943 1.87130463 0.300000012 0.850000024 0.280000001
v -1.97626877 13.7141685 2.4154861 0.850000024 0.5 0.830000043
v -1.97626877 13.7141685 2.4154861 0.850000024 0.5 0.830000043
v -1.97626877 13.7141685 2.4154861 0.850000024 0.5 0.830000043
v -1.97626877 13.7141685 2.4154861 0.850000024 0.5 0.830000043
v -2.1130836 12.8931208 2.62554336 0.723887324 0.580253601 0.703887284
v -2.09398341 12.9049959 2.4959321 0.723887324 0.580253601 0.703887284
v -2.13537383 13.2839231 3.00177312 0.723887324 0.580253601 0.703887284
v -2.14416432 13.1850491 2.81904531 0.723887324 0.580253601 0.703887284
v -0.531785846 15.125844 2.80654025 0.850000024 0.5 0.830000043
v -0.531785846 15.125844 2.80654025 0.850000024 0.5 0.830000043
v -0.531785846 15.125844 2.80654025 0.850000024 0.5 0.830000043
v -0.531785846 15.125844 2.80654025 0.850000024 0.5 0.830000043
v -1.3045938 14.4236488 2.60812998 0.850000024 0.5 0.830000043
v -1.3045938 14.4236488 2.60812998 0.850000024 0.5 0.830000043
v -1.3045938 14.4236488 2.60812998 0.850000024 0.5 0.830000043
v -1.3045938 14.4236488 2.60812998 0.850000024 0.5 0.830000043
v 0.980730236 16.1378803 1.58681989 0.300000012 0.850000024 0.280000001
v 0.258754611 16.0385952 2.19216275 0.300000012 0.850000024 0.280000001
v 2.04397488 15.7450466 1.67805815 0.300000012 0.850000024 0.280000001
v 1.35781109 15.4635258 2.19817686 0.300000012 0.850000024 0.280000001
v 0.23834455 16.3173847 2.57732534 0.733438849 0.574175358 0.713438809
v 0.862767994 16.1608067 2.11721277 0.733438849 0.574175358 0.713438809
v 0.929068863 15.7350559 2.50314927 0.733438849 0.574175358 0.713438809
v 0.462776661 15.9364157 2.90612173 0.733438849 0.574175358 0.713438809
v 2.15585709 13.97013 1.67809129 0.347741514 0.81961906 0.327741504
v 2.23881483 15.725421 1.50668526 0.347741514 0.81961906 0.327741504
v 2.02229095 14.4151173 2.95873737 0.347741514 0.81961906 0.327741504
v 2.02080512 16.1340351 2.90782881 0.347741514 0.81961906 0.327741504
v 2.77252102 13.6400127 1.34226394 0.300000012 0.850000024 0.280000001
v 3.219769 13.3447466 0.807554543 0.300000012 0.850000024 0.280000001
v 3.05211782 13.6909962 0.307536125 0.300000012 0.850000024 0.280000001
v 3.24518895 13.3534536 -0.127178192 0.300000012 0.850000024 0.280000001
v 3.23622084 13.687849 0.831139445 0.300000012 0.850000024 0.280000001
v 4.43616247 13.007205 0.229945272 0.300000012 0.850000024 0.280000001
v 3.69071794 14.6702423 -0.0779320598 0.300000012 0.850000024 0.280000001
v 4.78429508 13.7123337 -0.502462327 0.300000012 0.850000024 0.280000001
v 4.47142744 13.1797905 0.522031426 0.300000012 0.850000024 0.280000001
v 4.64314175 13.0346298 0.0867944956 0.300000012 0.850000024 0.280000001
v 4.17671108 12.8978395 0.409277678 0.300000012 0.850000024 0.280000001
v 4.12461138 12.976779 0.165930152 0.300000012 0.850000024 0.280000001
v 3.99613309 10.8208523 0.428656191 0.300000012 0.850000024 0.280000001
v 4.42398214 12.9946918 0.227096915 0.300000012 0.850000024 0.280000001
v 5.02771759 10.4465418 -0.932061136 0.300000012 0.850000024 0.280000001
v 5.36846924 12.5363817 -1.30293322 0.300000012 0.850000024 0.280000001
v 4.94795084 10.4760332 -1.19888997 0.300000012 0.850000024 0.280000001
v 5.26125002 10.4905329 -1.09198344 0.300000012 0.850000024 0.280000001
v 4.57758999 10.7564793 -1.17197275 0.300000012 0.850000024 0.280000001
v 4.70171404 10.5452919 -1.19583941 0.300000012 0.850000024 0.280000001
v 4.74228382 9.89098644 -2.42482805 0.300000012 0.850000024 0.280000001
v 4.47035837 10.7728949 -1.06260777 0.300000012 0.850000024 0.280000001
v 5.39554262 12.0103931 -2.9728117 0.300000012 0.850000024 0.280000001
v 5.07400703 12.8354616 -1.63828945 0.300000012 0.850000024 0.280000001
v 3.92461157 12.2758207 -2.68511033 0.496736467 0.724804103 0.476736456
v 5.08136749 12.0922642 -2.72291374 0.496736467 0.724804103 0.476736456
v 4.06068802 12.7873325 -2.28528953 0.496736467 0.724804103 0.476736456
v 4.79319572 12.0591297 -2.4695878 0.496736467 0.724804103 0.476736456
v 3.94152045 13.3795347 -2.88154864 0.553283811 0.688819408 0.53328383
v 3.7663393 12.9630642 -2.04969072 0.553283811 0.688819408 0.53328383
v 4.2280345 14.7994823 -2.47124863 0.553283811 0.688819408 0.53328383
v 4.10954666 14.3813381 -1.73580122 0.553283811 0.688819408 0.53328383
v 3.60808897 14.6939735 -1.62148345 0.776882768 0.546529174 0.756882787
v 3.26898479 14.9138136 -1.4821682 0.776882768 0.546529174 0.756882787
v 3.17434525 14.7633448 -1.2397368 0.776882768 0.546529174 0.756882787
v 3.51191187 14.599452 -1.34567642 0.776882768 0.546529174 0.756882787
v 2.6434536 14.649848 -1.51993501 0.828522444 0.513667583 0.808522463
v 2.68365788 14.7183962 -1.52441669 0.828522444 0.513667583 0.808522463
v 2.60716224 14.6523304 -1.50915337 0.828522444 0.513667583 0.808522463
v 2.72608924 14.715024 -1.51920354 0.828522444 0.513667583 0.808522463
v -1.3040669 12.9950619 3.69579601 0.849642932 0.500227213 0.829642892
v -1.30413806 12.9928913 3.69703794 0.849642932 0.500227213 0.829642892
v -1.30222881 12.995595 3.69510174 0.849642932 0.500227213 0.829642892
v -1.30256212 12.9935493 3.696419 0.849642932 0.500227213 0.829642892
v -1.38186085 11.0550146 3.32228565 0.765143871 0.553999424 0.74514389
v -1.48151851 11.4111042 3.60483932 0.765143871 0.553999424 0.74514389
v -1.21783447 11.0909853 3.43850946 0.765143871 0.553999424 0.74514389
v -1.30388534 11.4807816 3.67189169 0.765143871 0.553999424 0.74514389
v -1.01172781 9.77789688 3.22244048 0.765954733 0.553483427 0.745954692
v -0.751782477 9.9621315 3.14929128 0.765954733 0.553483427 0.745954692
v -0.903532982 9.36951351 3.43417549 0.765954733 0.553483427 0.745954692
v -0.638218462 9.54214859 3.36318874 0.765954733 0.553483427 0.745954692
v -0.0439783409 9.19384956 3.59915519 0.829121888 0.513286114 0.809121847
v -0.0360025838 9.20005035 3.53581524 0.829121888 0.513286114 0.809121847
v -0.0430159457 9.18613338 3.66180086 0.829121888 0.513286114 0.809121847
v -0.0348657407 9.2014122 3.58199239 0.829121888 0.513286114 0.809121847
v 1.2071445 8.35651398 3.75148416 0.300000012 0.850000024 0.280000001
v -0.4229756 8.93798828 4.24148321 0.300000012 0.850000024 0.280000001
v 1.62385857 10.6449385 3.90897965 0.300000012 0.850000024 0.280000001
v 0.0355098248 11.0882359 4.32096243 0.300000012 0.850000024 0.280000001
v 1.39436996 10.8701162 4.19519043 0.300000012 0.850000024 0.280000001
v 1.6088717 10.7659216 4.64333105 0.300000012 0.850000024 0.280000001
v 2.11430597 11.3508759 4.71376419 0.300000012 0.850000024 0.280000001
v 1.81235862 11.2385883 4.03548861 0.300000012 0.850000024 0.280000001
v 2.09248304 9.93436623 4.29877043 0.300000012 0.850000024 0.280000001
v 1.65621209 11.152936 4.56310654 0.300000012 0.850000024 0.280000001
v 3.37444448 10.7300377 3.40968919 0.300000012 0.850000024 0.280000001
v 3.07798171 12.3422079 3.76091957 0.300000012 0.850000024 0.280000001
v 3.65163946 11.6282282 2.61740875 0.300000012 0.850000024 0.280000001
v 3.05884147 11.3342419 3.68179488 0.300000012 0.850000024 0.280000001
v 3.27344561 13.157732 2.65445232 0.300000012 0.850000024 0.280000001
v 2.73428416 12.8728352 3.55334735 0.300000012 0.850000024 0.280000001
v 3.03504634 12.2605286 2.13923788 0.300000012 0.850000024 0.280000001
v 2.99051356 13.4462214 2.9368732 0.300000012 0.850000024 0.280000001
v 3.30386782 12.8436089 1.20950055 0.300000012 0.850000024 0.280000001
v 3.47999191 14.0660934 1.8260411 0.300000012 0.850000024 0.280000001
v 2.14491749 15.4660997 -0.452623248 0.300000012 0.850000024 0.280000001
v 3.02994061 15.1149979 -1.88951123 0.300000012 0.850000024 0.280000001
v 2.61956573 14.1452227 0.00438022614 0.300000012 0.850000024 0.280000001
v 3.54786253 13.9259863 -1.45371222 0.300000012 0.850000024 0.280000001
v 3.97594523 14.3495359 0.0895688832 0.300000012 0.850000024 0.280000001
v 2.72342134 14.0526829 -0.0920880735 0.300000012 0.850000024 0.280000001
v 3.11142302 13.6609974 0.00563231111 0.300000012 0.850000024 0.280000001
v 3.6041038 14.5412931 -0.0398214459 0.300000012 0.850000024 0.280000001
v 3.09797883 14.4101448 0.891006947 0.300000012 0.850000024 0.280000001
v 3.11676002 12.8026867 1.35965323 0.300000012 0.850000024 0.280000001
v 2.64597368 14.8423901 2.2008357 0.300000012 0.850000024 0.280000001
v 2.52516818 13.32195 2.75556993 0.300000012 0.850000024 0.280000001
v 2.55294991 14.7204542 2.27481699 0.300000012 0.850000024 0.280000001
v 2.28455448 14.4172945 2.69756007 0.300000012 0.850000024 0.280000001
v 3.2602036 13.9099789 1.99879384 0.300000012 0.850000024 0.280000001
v 3.02898073 13.581851 2.71443486 0.300000012 0.850000024 0.280000001
v -1.38676357 13.7937107 3.20849705 0.850000024 0.5 0.830000043
v -1.38676357 13.7937107 3.20849705 0.850000024 0.5 0.830000043
v -1.38676357 13.7937107 3.20849705 0.850000024 0.5 0.830000043
v -1.38676357 13.7937107 3.20849705 0.850000024 0.5 0.830000043
v 0.202824607 15.6234798 3.18642235 0.850000024 0.5 0.830000043
v 0.202824607 15.6234798 3.18642235 0.850000024 0.5 0.830000043
v 0.202824607 15.6234798 3.18642235 0.850000024 0.5 0.830000043
v 0.202824607 15.6234798 3.18642235 0.850000024 0.5 0.830000043
v -0.737026393 14.4532423 3.48574162 0.850000024 0.5 0.830000043
v -0.737026393 14.4532423 3.48574162 0.850000024 0.5 0.830000043
v -0.737026393 14.4532423 3.48574162 0.850000024 0.5 0.830000043
v -0.737026393 14.4532423 3.48574162 0.850000024 0.5 0.830000043
v 1.12562323 15.0808506 2.64884353 0.314894319 0.840521812 0.294894338
v 1.32608366 15.3794346 2.22049284 0.314894319 0.840521812 0.294894338
v 1.78933215 15.9117184 3.08431911 0.314894319 0.840521812 0.294894338
v 1.86801851 16.1172314 2.6189456 0.314894319 0.840521812 0.294894338
v 1.19954252 15.1380053 2.29403353 0.300000012 0.850000024 0.280000001
v 0.834881306 16.3526268 2.38401556 0.300000012 0.850000024 0.280000001
v 0.934236646 15.2143087 3.61325407 0.300000012 0.850000024 0.280000001
v 0.655589342 16.5583477 3.50251198 0.300000012 0.850000024 0.280000001
v 2.968503 14.8076248 1.92484808 0.300000012 0.850000024 0.280000001
v 2.07513762 15.9854622 2.81810093 0.300000012 0.850000024 0.280000001
v 2.7995038 13.3957233 2.92128778 0.300000012 0.850000024 0.280000001
v 1.71790659 14.3468351 3.85309267 0.300000012 0.850000024 0.280000001
v 3.81512165 14.9418612 -0.131003708 0.300000012 0.850000024 0.280000001
v 3.92174339 13.2464905 0.330101341 0.300000012 0.850000024 0.280000001
v 4.68080997 14.3236914 -1.61767137 0.300000012 0.850000024 0.280000001
v 4.51162863 12.5332823 -1.00697887 0.300000012 0.850000024 0.280000001
v 4.24131203 13.1091785 0.368786514 0.300000012 0.850000024 0.280000001
v 5.07129049 13.943078 -0.668963075 0.300000012 0.850000024 0.280000001
v 4.18386269 11.8966761 -0.296973169 0.300000012 0.850000024 0.280000001
v 4.86189604 12.5987968 -1.23092711 0.300000012 0.850000024 0.280000001
v 5.00261259 10.5974417 -0.935340643 0.300000012 0.850000024 0.280000001
v 5.40633488 11.1782217 -1.87361467 0.300000012 0.850000024 0.280000001
v 4.52464724 12.0170097 -0.542867661 0.300000012 0.850000024 0.280000001
v 4.92131805 12.707427 -1.54387701 0.300000012 0.850000024 0.280000001
v 4.12532043 11.4932995 -1.93222892 0.326666594 0.833030343 0.306666613
v 4.73210478 12.8051014 -1.42295051 0.326666594 0.833030343 0.306666613
v 4.75786448 12.0145454 -2.50383806 0.326666594 0.833030343 0.306666613
v 5.18282413 13.3273268 -2.2235105 0.326666594 0.833030343 0.306666613
v 4.67525148 13.3542089 -3.03872538 0.300000012 0.850000024 0.280000001
v 4.53851748 11.9765911 -2.37155342 0.300000012 0.850000024 0.280000001
v 4.27410984 14.5994501 -1.83591676 0.300000012 0.850000024 0.280000001
v 4.02932692 12.7993469 -1.22596884 0.300000012 0.850000024 0.280000001
v 3.14926505 14.32621 -1.6900996 0.300000012 0.850000024 0.280000001
v 3.92024374 14.4235029 -1.62327135 0.300000012 0.850000024 0.280000001
v 3.73933029 14.3334656 -1.5393312 0.300000012 0.850000024 0.280000001
v 4.5255022 14.517333 -1.49528384 0.300000012 0.850000024 0.280000001
v -1.10981798 13.7021275 3.97689629 0.778202116 0.545689583 0.758202076
v -0.962301493 13.4522123 4.00138092 0.778202116 0.545689583 0.758202076
v -0.857403278 14.0674953 3.91974592 0.778202116 0.545689583 0.758202076
v -0.74208945 13.8416624 3.94467521 0.778202116 0.545689583 0.758202076
v -1.22073805 12.3328905 3.31908441 0.637117743 0.63547051 0.617117763
v -1.02592468 12.2997332 3.613482 0.637117743 0.63547051 0.617117763
v -1.37987864 12.0781088 4.02154827 0.637117743 0.63547051 0.617117763
v -1.24438334 12.0712261 4.27558994 0.637117743 0.63547051 0.617117763
v -1.97326124 10.1370325 3.74545741 0.383043855 0.79715395 0.363043845
v -1.1633327 11.997406 3.37220526 0.383043855 0.79715395 0.363043845
v -0.737022579 9.12904549 3.712852 0.383043855 0.79715395 0.363043845
v 0.0148360729 11.0498047 3.33411741 0.383043855 0.79715395 0.363043845
v 0.293304682 9.68307209 3.6290307 0.490217686 0.728952408 0.470217645
v -0.400227726 9.29363918 3.43931365 0.490217686 0.728952408 0.470217645
v -0.0562029257 10.8980751 4.43711805 0.490217686 0.728952408 0.470217645
v -0.701286793 10.515933 4.12284279 0.490217686 0.728952408 0.470217645
v 0.540952921 9.82497978 5.10531712 0.300000012 0.850000024 0.280000001
v -0.20266068 11.1988163 4.65988874 0.300000012 0.850000024 0.280000001
v 1.76949894 10.9510088 4.08758307 0.300000012 0.850000024 0.280000001
v 1.02421308 12.0992327 3.73906159 0.300000012 0.850000024 0.280000001
v 2.62255096 12.2238894 4.24343491 0.300000012 0.850000024 0.280000001
v 1.47776437 11.3998137 4.4326911 0.300000012 0.850000024 0.280000001
v 0.993634343 12.525568 4.56478548 0.300000012 0.850000024 0.280000001
v 1.90287352 13.5693035 3.87259054 0.300000012 0.850000024 0.280000001
v 2.94287229 10.944705 3.83581591 0.300000012 0.850000024 0.280000001
v 1.81927299 11.9375429 5.07914162 0.300000012 0.850000024 0.280000001
v 3.47170401 12.9721947 2.79878807 0.300000012 0.850000024 0.280000001
v 2.04607725 13.9300089 3.77302313 0.300000012 0.850000024 0.280000001
v 2.92128897 13.3316202 3.00235987 0.300000012 0.850000024 0.280000001
v 3.30505037 13.5395441 2.99756598 0.300000012 0.850000024 0.280000001
v 2.57235432 13.1398382 2.70991755 0.300000012 0.850000024 0.280000001
v 3.19924712 13.4692526 2.54885149 0.300000012 0.850000024 0.280000001
v 3.67214131 14.912569 -0.967489541 0.300000012 0.850000024 0.280000001
v 3.62846494 14.8623447 -0.00530040264 0.300000012 0.850000024 0.280000001
v 3.62831831 14.0744352 -1.49386835 0.300000012 0.850000024 0.280000001
v 3.45777988 13.7983437 -0.520880997 0.300000012 0.850000024 0.280000001
v 0.127247453 15.5601158 3.38972116 0.541768432 0.696147382 0.521768451
v 0.334201008 15.1862869 3.38355756 0.541768432 0.696147382 0.521768451
v 0.677314341 16.2047043 3.47336435 0.541768432 0.696147382 0.521768451
v 1.11448801 15.915719 3.4070251 0.541768432 0.696147382 0.521768451
v -0.220194608 15.0661354 2.73086333 0.544412255 0.694464982 0.524412215
v 0.279519647 14.6832447 3.19720125 0.544412255 0.694464982 0.524412215
v -0.948631227 15.3008051 3.86178541 0.544412255 0.694464982 0.524412215
v -0.463469446 14.6250877 4.35951996 0.544412255 0.694464982 0.524412215
v 1.86005282 15.7568874 2.97393012 0.300000012 0.850000024 0.280000001
v 1.12181091 15.297821 3.42749238 0.300000012 0.850000024 0.280000001
v 2.35870075 14.7740097 3.0959661 0.300000012 0.850000024 0.280000001
v 1.86023664 14.6706762 3.43726563 0.300000012 0.850000024 0.280000001
v 1.77068734 15.7324867 2.61524224 0.300000012 0.850000024 0.280000001
v 0.699801385 16.4375706 3.41840076 0.300000012 0.850000024 0.280000001
v 0.48407644 15.3473082 4.23152304 0.300000012 0.850000024 0.280000001
v 1.69643378 14.4682961 3.5760324 0.300000012 0.850000024 0.280000001
v 2.33194113 12.6519117 3.97000027 0.300000012 0.850000024 0.280000001
v 3.07250881 13.2772398 2.65136957 0.300000012 0.850000024 0.280000001
v 2.69862103 14.8397818 2.77992582 0.300000012 0.850000024 0.280000001
v 1.68573236 14.0509291 4.19694805 0.300000012 0.850000024 0.280000001
v 4.12820673 14.4940815 -1.75425744 0.300000012 0.850000024 0.280000001
v 3.78576398 14.0059719 -0.741246879 0.300000012 0.850000024 0.280000001
v 4.70865107 12.7327709 -1.13391209 0.300000012 0.850000024 0.280000001
v 4.86526203 13.1803598 -2.04312062 0.300000012 0.850000024 0.280000001
v 5.20446014 12.6898394 -1.20379376 0.300000012 0.850000024 0.280000001
v 4.65143585 12.7093468 -1.37301123 0.300000012 0.850000024 0.280000001
v 4.93862391 12.7699776 -1.28033137 0.300000012 0.850000024 0.280000001
v 4.13202477 12.6711979 -1.29958296 0.300000012 0.850000024 0.280000001
v -1.08071744 15.0044889 3.76683998 0.425803661 0.769943118 0.40580368
v -1.40962052 13.5920963 4.67474508 0.425803661 0.769943118 0.40580368
v 0.318047583 14.9475679 3.43201017 0.425803661 0.769943118 0.40580368
v 0.032103911 13.4366131 4.18900394 0.425803661 0.769943118 0.40580368
v -0.868934631 12.7641802 4.0393734 0.723121166 0.580741167 0.703121126
v -0.927880049 13.169013 4.41470098 0.723121166 0.580741167 0.703121126
v -0.654216886 12.8799219 4.10941219 0.723121166 0.580741167 0.703121126
v -0.838944674 13.2609568 4.45901918 0.723121166 0.580741167 0.703121126
v -1.5391345 12.0006943 3.87373972 0.307879895 0.844985545 0.287879884
v -0.44255054 12.6449776 3.40064859 0.307879895 0.844985545 0.287879884
v -1.05272913 10.4963875 4.46805096 0.307879895 0.844985545 0.287879884
v 0.0118644834 11.3560791 3.8928268 0.307879895 0.844985545 0.287879884
v -0.291830271 11.0540953 4.77598238 0.300000012 0.850000024 0.280000001
v -0.145688862 11.1957817 3.54840326 0.300000012 0.850000024 0.280000001
v 0.0953024328 11.2635593 4.71891594 0.300000012 0.850000024 0.280000001
v 0.086378023 11.3125181 3.80657053 0.300000012 0.850000024 0.280000001
v 1.50076532 11.1514301 4.4024539 0.300000012 0.850000024 0.280000001
v -0.083165288 11.4694653 4.98784733 0.300000012 0.850000024 0.280000001
v 1.70867324 13.1479664 3.7662859 0.300000012 0.850000024 0.280000001
v 0.312151551 13.4385757 4.55940819 0.300000012 0.850000024 0.280000001
v 1.50981557 13.445322 4.0375576 0.300000012 0.850000024 0.280000001
v 1.67254984 13.6459179 4.1413765 0.300000012 0.850000024 0.280000001
v 1.14207935 13.4777842 4.27310276 0.300000012 0.850000024 0.280000001
v 1.4286375 13.0891972 3.88991833 0.300000012 0.850000024 0.280000001
v 0.37733674 14.8701277 3.09084249 0.315650523 0.840040624 0.295650512
v 0.514397979 14.9605684 4.08342028 0.315650523 0.840040624 0.295650512
v 0.228675872 15.2383232 3.59968615 0.315650523 0.840040624 0.295650512
v 0.335187674 15.1858015 4.58349037 0.315650523 0.840040624 0.295650512
v 1.73702526 13.8760986 3.75373435 0.300000012 0.850000024 0.280000001
v 1.53586864 13.9060564 4.34643793 0.300000012 0.850000024 0.280000001
v 2.05170894 14.4473572 3.19168139 0.300000012 0.850000024 0.280000001
v 1.75555277 14.5613308 3.65058708 0.300000012 0.850000024 0.280000001
v 1.37538218 15.862771 3.1221683 0.300000012 0.850000024 0.280000001
v 1.83329606 14.246047 3.38558316 0.300000012 0.850000024 0.280000001
v 0.799313843 13.6016226 4.72518444 0.300000012 0.850000024 0.280000001
v 0.461870432 15.4068661 4.49039364 0.300000012 0.850000024 0.280000001
v -0.43270129 14.3426514 4.27988625 0.300000012 0.850000024 0.280000001
v -0.0049597621 13.5041428 4.27109528 0.300000012 0.850000024 0.280000001
v 0.489857614 15.027976 4.33664131 0.300000012 0.850000024 0.280000001
v 0.770460129 14.126236 4.01924706 0.300000012 0.850000024 0.280000001
v -0.482739449 14.044857 3.57837892 0.300000012 0.850000024 0.280000001
v 0.173872635 13.2945175 3.99799776 0.300000012 0.850000024 0.280000001
v -1.12570071 13.6485586 4.58479548 0.300000012 0.850000024 0.280000001
v -0.705516577 12.5120869 4.9678874 0.300000012 0.850000024 0.280000001
v -1.47549748 12.033782 4.51463652 0.311116129 0.842926145 0.291116118
v -0.963663042 13.6303205 4.34206057 0.311116129 0.842926145 0.291116118
v -0.178199887 11.3231096 4.15308762 0.311116129 0.842926145 0.291116118
v 0.246724725 13.2252178 3.89847469 0.311116129 0.842926145 0.291116118
v 0.664659262 12.201417 4.17883205 0.300000012 0.850000024 0.280000001
v -0.0832141638 11.4270267 4.03183746 0.300000012 0.850000024 0.280000001
v 0.200391486 13.2918062 4.67755747 0.300000012 0.850000024 0.280000001
v -0.53821528 12.5283508 4.73196793 0.300000012 0.850000024 0.280000001
v 0.767539144 12.3775759 4.83806896 0.300000012 0.850000024 0.280000001
v 0.131527901 13.5708485 4.82369709 0.300000012 0.850000024 0.280000001
v 1.4309051 12.8635693 3.86138034 0.300000012 0.850000024 0.280000001
v 1.02443385 14.1438532 3.72191763 0.300000012 0.850000024 0.280000001
v 1.71937144 14.2865667 3.63104153 0.300000012 0.850000024 0.280000001
v 1.32918632 13.0273361 3.99557686 0.300000012 0.850000024 0.280000001
v 0.532878935 15.1504173 4.32695818 0.300000012 0.850000024 0.280000001
v 0.137559175 13.4089308 4.74514484 0.300000012 0.850000024 0.280000001
v 0.178268909 13.3094931 4.00538206 0.300000012 0.850000024 0.280000001
v 0.072285533 13.4232655 4.87442684 0.300000012 0.850000024 0.280000001
v 0.187019646 13.1836529 4.63836002 0.300000012 0.850000024 0.280000001
v 0.0971135795 13.3360033 4.11950779 0.300000012 0.850000024 0.280000001
vn -0.949992299 -0.297009647 0.0964358225
vn -0.806219816 -0.450208068 0.38382563
vn -0.689616442 -0.605081618 0.397875398
vn -0.869795144 -0.397001326 0.292995632
vn -0.949992299 -0.297009647 0.0964358225
vn -0.806219816 -0.450208068 0.38382563
vn -0.790023029 -0.277904421 0.546473265
vn -0.978487194 -0.191460073 0.0768484622
vn -0.806219816 -0.450208068 0.38382563
vn -0.689616442 -0.605081618 0.397875398
vn -0.405781299 -0.606568873 0.683677971
vn -0.314014852 -0.759385407 0.569849491
vn -0.689616442 -0.605081618 0.397875398
vn -0.869795144 -0.397001326 0.292995632
vn -0.772018611 -0.616555095 0.15442276
vn -0.954583466 -0.29665941 0.0276241377
vn -0.949992299 -0.297009647 0.0964358225
vn -0.869795144 -0.397001326 0.292995632
vn -0.954583466 -0.29665941 0.0276241377
vn -0.985252917 -0.108647928 -0.13218154
vn -0.806219816 -0.450208068 0.38382563
vn -0.790023029 -0.277904421 0.546473265
vn -0.405781299 -0.606568873 0.683677971
vn -0.518916368 -0.276186794 0.808978736
vn -0.949992299 -0.297009647 0.0964358225
vn -0.978487194 -0.191460073 0.0768484622
vn -0.985252917 -0.108647928 -0.13218154
vn -0.973795891 0.101238295 -0.203647256
vn -0.790023029 -0.277904421 0.546473265
vn -0.978487194 -0.191460073 0.0768484622
vn -0.967363596 0.16742596 0.190199271
vn -0.713142872 -0.0484405085 0.699343026
vn -0.405781299 -0.606568873 0.683677971
vn -0.314014852 -0.759385407 0.569849491
vn 0.133704409 -0.642520607 0.754513085
vn 0.117619894 -0.734955311 0.667837024
vn -0.689616442 -0.605081618 0.397875398
vn -0.314014852 -0.759385407 0.569849491
vn -0.772018611 -0.616555095 0.15442276
vn -0.411247343 -0.794890344 0.44612205
vn -0.772018611 -0.616555095 0.15442276
vn -0.954583466 -0.29665941 0.0276241377
vn -0.799506545 -0.586105585 -0.131411836
vn -0.888813794 -0.23944889 -0.390735686
vn -0.954583466 -0.29665941 0.0276241377
vn -0.985252917 -0.108647928 -0.13218154
vn -0.888813794 -0.23944889 -0.390735686
vn -0.909439385 0.0451376177 -0.413379431
vn -0.790023029 -0.277904421 0.546473265
vn -0.518916368 -0.276186794 0.808978736
vn -0.713142872 -0.0484405085 0.699343026
vn -0.570016086 -0.110413603 0.814180851
vn -0.405781299 -0.606568873 0.683677971
vn -0.518916368 -0.276186794 0.808978736
vn 0.133704409 -0.642520607 0.754513085
vn -0.0490442812 -0.330308467 0.942597985
vn -0.985252917 -0.108647928 -0.13218154
vn -0.973795891 0.101238295 -0.203647256
vn -0.909439385 0.0451376177 -0.413379431
vn -0.742732584 0.214059532 -0.634450197
vn -0.978487194 -0.191460073 0.0768484622
vn -0.973795891 0.101238295 -0.203647256
vn -0.967363596 0.16742596 0.190199271
vn -0.975192547 0.13314493 0.17683804
vn -0.967363596 0.16742596 0.190199271
vn -0.713142872 -0.0484405085 0.699343026
vn -0.570016086 -0.110413603 0.814180851
vn -0.673347831 0.059901379 0.736895204
vn 0.133704409 -0.642520607 0.754513085
vn 0.117619894 -0.734955311 0.667837024
vn 0.304659605 -0.548992157 0.77832514
vn 0.487337142 -0.674839795 0.554160357
vn -0.314014852 -0.759385407 0.569849491
vn 0.117619894 -0.734955311 0.667837024
vn -0.411247343 -0.794890344 0.44612205
vn 0.272187173 -0.798073173 0.537580788
vn -0.772018611 -0.616555095 0.15442276
vn -0.411247343 -0.794890344 0.44612205
vn -0.799506545 -0.586105585 -0.131411836
vn -0.427003443 -0.885834396 -0.181562752
vn -0.799506545 -0.586105585 -0.131411836
vn -0.888813794 -0.23944889 -0.390735686
vn -0.597287059 -0.519234955 -0.611263573
vn -0.643220365 -0.184973747 -0.743002236
vn -0.888813794 -0.23944889 -0.390735686
vn -0.909439385 0.0451376177 -0.413379431
vn -0.643220365 -0.184973747 -0.743002236
vn -0.633962989 0.110003509 -0.76549983
vn -0.518916368 -0.276186794 0.808978736
vn -0.570016086 -0.110413603 0.814180851
vn -0.0490442812 -0.330308467 0.942597985
vn -0.389598548 -0.0501806103 0.919616699
vn 0.133704409 -0.642520607 0.754513085
vn -0.0490442812 -0.330308467 0.942597985
vn 0.304659605 -0.548992157 0.77832514
vn 0.216463536 -0.388973087 0.895457149
vn -0.909439385 0.0451376177 -0.413379431
vn -0.742732584 0.214059532 -0.634450197
vn -0.633962989 0.110003509 -0.76549983
vn -0.464391798 0.248718768 -0.849987805
vn -0.973795891 0.101238295 -0.203647256
vn -0.742732584 0.214059532 -0.634450197
vn -0.975192547 0.13314493 0.17683804
vn -0.893610477 0.233000547 -0.383628726
vn -0.967363596 0.16742596 0.190199271
vn -0.975192547 0.13314493 0.17683804
vn -0.673347831 0.059901379 0.736895204
vn -0.976665556 0.10248068 0.188737065
vn -0.570016086 -0.110413603 0.814180851
vn -0.673347831 0.059901379 0.736895204
vn -0.389598548 -0.0501806103 0.919616699
vn -0.417925209 0.171937406 0.892062783
vn 0.304659605 -0.548992157 0.77832514
vn 0.487337142 -0.674839795 0.554160357
vn -0.294129491 -0.743237019 0.600905061
vn 0.541684151 -0.818037152 0.193373725
vn 0.117619894 -0.734955311 0.667837024
vn 0.487337142 -0.674839795 0.554160357
vn 0.272187173 -0.798073173 0.537580788
vn 0.763829947 -0.576498389 0.290195256
vn -0.411247343 -0.794890344 0.44612205
vn 0.272187173 -0.798073173 0.537580788
vn -0.427003443 -0.885834396 -0.181562752
vn 0.319994062 -0.942523897 -0.0961874947
vn -0.799506545 -0.586105585 -0.131411836
vn -0.427003443 -0.885834396 -0.181562752
vn -0.597287059 -0.519234955 -0.611263573
vn -0.11829631 -0.707215846 -0.697030485
vn -0.597287059 -0.519234955 -0.611263573
vn -0.643220365 -0.184973747 -0.743002236
vn -0.11829631 -0.707215846 -0.697030485
vn -0.293741196 -0.346980631 -0.890685499
vn -0.643220365 -0.184973747 -0.743002236
vn -0.633962989 0.110003509 -0.76549983
vn -0.293741196 -0.346980631 -0.890685499
vn -0.254828066 0.0254653059 -0.966650963
vn -0.0490442812 -0.330308467 0.942597985
vn -0.389598548 -0.0501806103 0.919616699
vn 0.216463536 -0.388973087 0.895457149
vn -0.365629137 -0.18659541 0.911864519
vn 0.304659605 -0.548992157 0.77832514
vn 0.216463536 -0.388973087 0.895457149
vn -0.294129491 -0.743237019 0.600905061
vn -0.578894138 -0.723407626 0.376248628
vn -0.633962989 0.110003509 -0.76549983
vn -0.464391798 0.248718768 -0.849987805
vn -0.254828066 0.0254653059 -0.966650963
vn -0.0732384101 0.232355475 -0.969869554
vn -0.742732584 0.214059532 -0.634450197
vn -0.464391798 0.248718768 -0.849987805
vn -0.340863824 0.260209918 -0.90338397
vn -0.577036321 0.422965914 -0.698662221
vn -0.975192547 0.13314493 0.17683804
vn -0.893610477 0.233000547 -0.383628726
vn -0.976665556 0.10248068 0.188737065
vn -0.85713017 0.479810476 -0.187375963
vn -0.742732584 0.214059532 -0.634450197
vn -0.893610477 0.233000547 -0.383628726
vn -0.577036321 0.422965914 -0.698662221
vn -0.643801212 0.622375309 -0.4451617
vn -0.673347831 0.059901379 0.736895204
vn -0.976665556 0.10248068 0.188737065
vn -0.417925209 0.171937406 0.892062783
vn -0.550210297 0.446476012 0.705639601
vn -0.389598548 -0.0501806103 0.919616699
vn -0.417925209 0.171937406 0.892062783
vn -0.365629137 -0.18659541 0.911864519
vn -0.258115649 0.333351284 0.906781793
vn -0.294129491 -0.743237019 0.600905061
vn 0.541684151 -0.818037152 0.193373725
vn -0.747191668 -0.650706172 -0.135225743
vn -0.254164875 -0.680693984 -0.687063217
vn 0.487337142 -0.674839795 0.554160357
vn 0.541684151 -0.818037152 0.193373725
vn 0.763829947 -0.576498389 0.290195256
vn 0.900986791 -0.406318456 -0.152077556
vn 0.272187173 -0.798073173 0.537580788
vn 0.763829947 -0.576498389 0.290195256
vn 0.319994062 -0.942523897 -0.0961874947
vn 0.761407912 -0.648085356 0.0155967521
vn -0.427003443 -0.885834396 -0.181562752
vn 0.319994062 -0.942523897 -0.0961874947
vn -0.11829631 -0.707215846 -0.697030485
vn 0.36326918 -0.717193365 -0.594700694
vn -0.11829631 -0.707215846 -0.697030485
vn -0.293741196 -0.346980631 -0.890685499
vn 0.36326918 -0.717193365 -0.594700694
vn 0.327781081 -0.410745859 -0.850792229
vn -0.293741196 -0.346980631 -0.890685499
vn -0.254828066 0.0254653059 -0.966650963
vn 0.327781081 -0.410745859 -0.850792229
vn 0.147474393 -0.0888445675 -0.985067248
vn 0.216463536 -0.388973087 0.895457149
vn -0.365629137 -0.18659541 0.911864519
vn -0.578894138 -0.723407626 0.376248628
vn -0.492394 -0.788382769 -0.36878261
vn -0.294129491 -0.743237019 0.600905061
vn -0.578894138 -0.723407626 0.376248628
vn -0.690685093 -0.671828389 0.267583013
vn -0.776266515 -0.629031897 0.0415803716
vn -0.254828066 0.0254653059 -0.966650963
vn -0.0732384101 0.232355475 -0.969869554
vn 0.147474393 -0.0888445675 -0.985067248
vn 0.326314837 -0.0276649762 -0.944856167
vn -0.464391798 0.248718768 -0.849987805
vn -0.0732384101 0.232355475 -0.969869554
vn -0.340863824 0.260209918 -0.90338397
vn 0.0624923445 0.223835841 -0.972621083
vn -0.340863824 0.260209918 -0.90338397
vn -0.577036321 0.422965914 -0.698662221
vn 0.000487264537 0.514693737 -0.857374072
vn -0.427289248 0.734722733 -0.526883841
vn -0.893610477 0.233000547 -0.383628726
vn -0.85713017 0.479810476 -0.187375963
vn -0.643801212 0.622375309 -0.4451617
vn -0.635923624 0.757324159 0.148528814
vn -0.976665556 0.10248068 0.188737065
vn -0.85713017 0.479810476 -0.187375963
vn -0.550210297 0.446476012 0.705639601
vn -0.635923624 0.757324159 0.148528814
vn -0.577036321 0.422965914 -0.698662221
vn -0.643801212 0.622375309 -0.4451617
vn -0.427289248 0.734722733 -0.526883841
vn -0.543682873 0.831515789 -0.113975115
vn -0.417925209 0.171937406 0.892062783
vn -0.550210297 0.446476012 0.705639601
vn -0.258115649 0.333351284 0.906781793
vn -0.28850314 0.565156579 0.77289331
vn -0.365629137 -0.18659541 0.911864519
vn -0.258115649 0.333351284 0.906781793
vn -0.492394 -0.788382769 -0.36878261
vn -0.983183444 -0.0465853773 -0.176577762
vn -0.294129491 -0.743237019 0.600905061
vn -0.747191668 -0.650706172 -0.135225743
vn -0.690685093 -0.671828389 0.267583013
vn -0.714333057 -0.635974407 0.292001039
vn -0.747191668 -0.650706172 -0.135225743
vn -0.254164875 -0.680693984 -0.687063217
vn -0.515726864 -0.80217123 -0.300910652
vn -0.414012969 -0.413769335 -0.81079483
vn 0.541684151 -0.818037152 0.193373725
vn -0.254164875 -0.680693984 -0.687063217
vn 0.900986791 -0.406318456 -0.152077556
vn 0.593129098 -0.351736188 -0.724209607
vn 0.763829947 -0.576498389 0.290195256
vn 0.900986791 -0.406318456 -0.152077556
vn 0.761407912 -0.648085356 0.0155967521
vn 0.782139063 -0.469433188 -0.409745067
vn 0.319994062 -0.942523897 -0.0961874947
vn 0.761407912 -0.648085356 0.0155967521
vn 0.36326918 -0.717193365 -0.594700694
vn 0.782139063 -0.469433188 -0.409745067
vn 0.36326918 -0.717193365 -0.594700694
vn 0.327781081 -0.410745859 -0.850792229
vn 0.782139063 -0.469433188 -0.409745067
vn 0.632828474 -0.260625064 -0.729110897
vn 0.327781081 -0.410745859 -0.850792229
vn 0.147474393 -0.0888445675 -0.985067248
vn 0.326314837 -0.0276649762 -0.944856167
vn 0.632828474 -0.260625064 -0.729110897
vn -0.578894138 -0.723407626 0.376248628
vn -0.492394 -0.788382769 -0.36878261
vn -0.776266515 -0.629031897 0.0415803716
vn -0.315382779 -0.8565346 -0.408512294
vn -0.690685093 -0.671828389 0.267583013
vn -0.776266515 -0.629031897 0.0415803716
vn -0.233725891 -0.696070611 0.678865194
vn -0.242691845 -0.729289055 0.639717162
vn -0.0732384101 0.232355475 -0.969869554
vn 0.326314837 -0.0276649762 -0.944856167
vn 0.0624923445 0.223835841 -0.972621083
vn 0.417354137 0.0191521719 -0.908542037
vn -0.340863824 0.260209918 -0.90338397
vn 0.0624923445 0.223835841 -0.972621083
vn 0.000487264537 0.514693737 -0.857374072
vn 0.291820496 0.239615217 -0.925972641
vn 0.000487264537 0.514693737 -0.857374072
vn -0.427289248 0.734722733 -0.526883841
vn 0.457681715 0.78546226 -0.416624665
vn 0.0957167149 0.968471169 -0.230004549
vn -0.643801212 0.622375309 -0.4451617
vn -0.635923624 0.757324159 0.148528814
vn -0.543682873 0.831515789 -0.113975115
vn -0.379480183 0.859225094 0.343113452
vn -0.550210297 0.446476012 0.705639601
vn -0.635923624 0.757324159 0.148528814
vn -0.28850314 0.565156579 0.77289331
vn -0.379480183 0.859225094 0.343113452
vn -0.427289248 0.734722733 -0.526883841
vn -0.543682873 0.831515789 -0.113975115
vn 0.0957167149 0.968471169 -0.230004549
vn -0.275697559 0.961222291 -0.00655182498
vn -0.258115649 0.333351284 0.906781793
vn -0.28850314 0.565156579 0.77289331
vn 0.0797315165 0.58141619 0.809690356
vn -0.154715836 0.701172888 0.696002305
vn -0.492394 -0.788382769 -0.36878261
vn -0.983183444 -0.0465853773 -0.176577762
vn -0.202731401 -0.461509824 -0.863659859
vn -0.40495339 -0.0938110277 -0.909512103
vn -0.258115649 0.333351284 0.906781793
vn -0.983183444 -0.0465853773 -0.176577762
vn -0.154715836 0.701172888 0.696002305
vn -0.602294087 0.481467456 -0.636734486
vn -0.690685093 -0.671828389 0.267583013
vn -0.714333057 -0.635974407 0.292001039
vn -0.242691845 -0.729289055 0.639717162
vn -0.210771263 -0.710652649 0.671228886
vn -0.747191668 -0.650706172 -0.135225743
vn -0.714333057 -0.635974407 0.292001039
vn -0.515726864 -0.80217123 -0.300910652
vn -0.467455864 -0.879718184 0.0870681405
vn -0.515726864 -0.80217123 -0.300910652
vn -0.414012969 -0.413769335 -0.81079483
vn 0.0544168651 -0.854461908 -0.516656101
vn -0.0430358499 -0.289054483 -0.956344783
vn -0.254164875 -0.680693984 -0.687063217
vn -0.414012969 -0.413769335 -0.81079483
vn 0.593129098 -0.351736188 -0.724209607
vn -0.20686619 -0.00685884571 -0.978345156
vn 0.900986791 -0.406318456 -0.152077556
vn 0.593129098 -0.351736188 -0.724209607
vn 0.944185436 -0.159608439 -0.288165331
vn 0.869467974 -0.16039148 -0.467225999
vn 0.900986791 -0.406318456 -0.152077556
vn 0.782139063 -0.469433188 -0.409745067
vn 0.632828474 -0.260625064 -0.729110897
vn 0.75976932 -0.304185331 -0.574649215
vn 0.326314837 -0.0276649762 -0.944856167
vn 0.632828474 -0.260625064 -0.729110897
vn 0.417354137 0.0191521719 -0.908542037
vn 0.75976932 -0.304185331 -0.574649215
vn -0.492394 -0.788382769 -0.36878261
vn -0.315382779 -0.8565346 -0.408512294
vn -0.202731401 -0.461509824 -0.863659859
vn 0.0814131126 -0.589571476 -0.803602457
vn -0.776266515 -0.629031897 0.0415803716
vn -0.315382779 -0.8565346 -0.408512294
vn -0.233725891 -0.696070611 0.678865194
vn 0.0850582346 -0.97856307 -0.187561452
vn -0.233725891 -0.696070611 0.678865194
vn -0.242691845 -0.729289055 0.639717162
vn 0.287963629 -0.573915422 0.766614735
vn 0.205168098 -0.559192479 0.803249478
vn 0.0624923445 0.223835841 -0.972621083
vn 0.417354137 0.0191521719 -0.908542037
vn 0.291820496 0.239615217 -0.925972641
vn 0.645589232 0.119062625 -0.754346132
vn 0.000487264537 0.514693737 -0.857374072
vn 0.291820496 0.239615217 -0.925972641
vn 0.457681715 0.78546226 -0.416624665
vn 0.67089349 0.34899649 -0.6542961
vn 0.457681715 0.78546226 -0.416624665
vn 0.0957167149 0.968471169 -0.230004549
vn 0.726395607 0.654169381 0.210740358
vn 0.316349 0.877174556 0.361231387
vn -0.543682873 0.831515789 -0.113975115
vn -0.379480183 0.859225094 0.343113452
vn -0.275697559 0.961222291 -0.00655182498
vn -0.126815945 0.889438927 0.439108253
vn -0.28850314 0.565156579 0.77289331
vn -0.379480183 0.859225094 0.343113452
vn 0.0797315165 0.58141619 0.809690356
vn -0.126815945 0.889438927 0.439108253
vn 0.0957167149 0.968471169 -0.230004549
vn -0.275697559 0.961222291 -0.00655182498
vn 0.316349 0.877174556 0.361231387
vn -0.126815945 0.889438927 0.439108253
vn 0.0797315165 0.58141619 0.809690356
vn -0.154715836 0.701172888 0.696002305
vn 0.572529554 0.662938476 0.482413292
vn -0.811590254 0.581495404 -0.0564292781
vn -0.983183444 -0.0465853773 -0.176577762
vn -0.40495339 -0.0938110277 -0.909512103
vn -0.602294087 0.481467456 -0.636734486
vn -0.369462252 0.226430327 -0.901236355
vn -0.202731401 -0.461509824 -0.863659859
vn -0.40495339 -0.0938110277 -0.909512103
vn -0.589768827 -0.0826884061 -0.803327739
vn -0.475731075 -0.439807445 -0.761740923
vn -0.154715836 0.701172888 0.696002305
vn -0.602294087 0.481467456 -0.636734486
vn -0.811590254 0.581495404 -0.0564292781
vn -0.312525928 0.431632191 -0.84618032
vn -0.242691845 -0.729289055 0.639717162
vn -0.210771263 -0.710652649 0.671228886
vn 0.287963629 -0.573915422 0.766614735
vn 0.284547627 -0.570123553 0.770708501
vn -0.714333057 -0.635974407 0.292001039
vn -0.210771263 -0.710652649 0.671228886
vn -0.467455864 -0.879718184 0.0870681405
vn -0.331380188 -0.83796525 0.433591396
vn -0.515726864 -0.80217123 -0.300910652
vn -0.467455864 -0.879718184 0.0870681405
vn 0.360683203 -0.89788264 -0.252416223
vn 0.0268874764 -0.999631703 -0.00370740076
vn -0.515726864 -0.80217123 -0.300910652
vn 0.0544168651 -0.854461908 -0.516656101
vn 0.360683203 -0.89788264 -0.252416223
vn 0.674181104 -0.722327232 -0.154022932
vn 0.0544168651 -0.854461908 -0.516656101
vn -0.0430358499 -0.289054483 -0.956344783
vn 0.455813766 -0.497170955 -0.738278151
vn 0.413697839 -0.0880149379 -0.906149805
vn -0.414012969 -0.413769335 -0.81079483
vn -0.0430358499 -0.289054483 -0.956344783
vn -0.20686619 -0.00685884571 -0.978345156
vn 0.127277568 0.0261930637 -0.991521358
vn 0.593129098 -0.351736188 -0.724209607
vn -0.20686619 -0.00685884571 -0.978345156
vn 0.869467974 -0.16039148 -0.467225999
vn -0.100322165 0.162652284 -0.981570184
vn 0.900986791 -0.406318456 -0.152077556
vn 0.944185436 -0.159608439 -0.288165331
vn 0.75976932 -0.304185331 -0.574649215
vn 0.840083599 -0.0993222743 -0.533286572
vn 0.944185436 -0.159608439 -0.288165331
vn 0.869467974 -0.16039148 -0.467225999
vn 0.929727256 0.0432550348 -0.365699977
vn 0.854675829 0.0428996012 -0.517386436
vn 0.417354137 0.0191521719 -0.908542037
vn 0.75976932 -0.304185331 -0.574649215
vn 0.645589232 0.119062625 -0.754346132
vn 0.840083599 -0.0993222743 -0.533286572
vn -0.202731401 -0.461509824 -0.863659859
vn 0.0814131126 -0.589571476 -0.803602457
vn -0.475731075 -0.439807445 -0.761740923
vn -0.270540476 -0.716602206 -0.642875254
vn -0.315382779 -0.8565346 -0.408512294
vn 0.0814131126 -0.589571476 -0.803602457
vn 0.0850582346 -0.97856307 -0.187561452
vn 0.209672064 -0.714682102 -0.667283416
vn -0.233725891 -0.696070611 0.678865194
vn 0.0850582346 -0.97856307 -0.187561452
vn 0.205168098 -0.559192479 0.803249478
vn 0.459474593 -0.846436262 0.269126117
vn 0.287963629 -0.573915422 0.766614735
vn 0.205168098 -0.559192479 0.803249478
vn 0.459474593 -0.846436262 0.269126117
vn 0.804524124 -0.407974333 0.431622267
vn 0.291820496 0.239615217 -0.925972641
vn 0.645589232 0.119062625 -0.754346132
vn 0.67089349 0.34899649 -0.6542961
vn 0.854675829 0.0428996012 -0.517386436
vn 0.457681715 0.78546226 -0.416624665
vn 0.67089349 0.34899649 -0.6542961
vn 0.726395607 0.654169381 0.210740358
vn 0.924037933 0.341832608 -0.171185076
vn 0.726395607 0.654169381 0.210740358
vn 0.316349 0.877174556 0.361231387
vn 0.572529554 0.662938476 0.482413292
vn -0.116609529 0.988411129 0.0971881896
vn 0.0797315165 0.58141619 0.809690356
vn 0.316349 0.877174556 0.361231387
vn -0.126815945 0.889438927 0.439108253
vn 0.572529554 0.662938476 0.482413292
vn 0.572529554 0.662938476 0.482413292
vn -0.811590254 0.581495404 -0.0564292781
vn -0.116609529 0.988411129 0.0971881896
vn -0.435671985 0.522771001 -0.732734799
vn -0.602294087 0.481467456 -0.636734486
vn -0.369462252 0.226430327 -0.901236355
vn -0.251087725 0.43592608 -0.864247262
vn -0.243321911 0.26765579 -0.932284713
vn -0.40495339 -0.0938110277 -0.909512103
vn -0.369462252 0.226430327 -0.901236355
vn -0.589768827 -0.0826884061 -0.803327739
vn -0.319515228 0.114809833 -0.940600157
vn -0.589768827 -0.0826884061 -0.803327739
vn -0.475731075 -0.439807445 -0.761740923
vn -0.854534209 -0.336002618 -0.39607209
vn -0.779416203 -0.0993306637 -0.618582249
vn -0.602294087 0.481467456 -0.636734486
vn -0.312525928 0.431632191 -0.84618032
vn -0.251087725 0.43592608 -0.864247262
vn -0.14254348 0.427046388 -0.892923653
vn -0.811590254 0.581495404 -0.0564292781
vn -0.312525928 0.431632191 -0.84618032
vn -0.435671985 0.522771001 -0.732734799
vn -0.196080372 0.539234817 -0.819010556
vn 0.287963629 -0.573915422 0.766614735
vn 0.284547627 -0.570123553 0.770708501
vn 0.804524124 -0.407974333 0.431622267
vn 0.431125492 -0.470853359 0.769693136
vn -0.210771263 -0.710652649 0.671228886
vn 0.284547627 -0.570123553 0.770708501
vn -0.331380188 -0.83796525 0.433591396
vn 0.458070487 -0.71085006 0.533725679
vn -0.467455864 -0.879718184 0.0870681405
vn -0.331380188 -0.83796525 0.433591396
vn 0.0268874764 -0.999631703 -0.00370740076
vn 0.458070487 -0.71085006 0.533725679
vn 0.360683203 -0.89788264 -0.252416223
vn 0.0268874764 -0.999631703 -0.00370740076
vn 0.458070487 -0.71085006 0.533725679
vn 0.769526124 -0.636694789 0.0494880602
vn 0.360683203 -0.89788264 -0.252416223
vn 0.674181104 -0.722327232 -0.154022932
vn 0.769526124 -0.636694789 0.0494880602
vn 0.701687574 -0.703880191 -0.110395201
vn 0.0544168651 -0.854461908 -0.516656101
vn 0.674181104 -0.722327232 -0.154022932
vn 0.455813766 -0.497170955 -0.738278151
vn 0.804968596 -0.462287724 -0.371908426
vn 0.455813766 -0.497170955 -0.738278151
vn 0.413697839 -0.0880149379 -0.906149805
vn 0.804968596 -0.462287724 -0.371908426
vn 0.724996328 -0.187960029 -0.662609518
vn -0.0430358499 -0.289054483 -0.956344783
vn 0.413697839 -0.0880149379 -0.906149805
vn 0.127277568 0.0261930637 -0.991521358
vn 0.313126385 0.0377827063 -0.948959649
vn -0.20686619 -0.00685884571 -0.978345156
vn 0.127277568 0.0261930637 -0.991521358
vn 0.0159307383 0.0288289562 -0.999457121
vn 0.219230682 0.00283470144 -0.975668907
vn -0.20686619 -0.00685884571 -0.978345156
vn -0.100322165 0.162652284 -0.981570184
vn 0.0159307383 0.0288289562 -0.999457121
vn -0.29757452 0.0453127027 -0.95362258
vn 0.869467974 -0.16039148 -0.467225999
vn -0.100322165 0.162652284 -0.981570184
vn 0.929727256 0.0432550348 -0.365699977
vn 0.312816143 0.416632593 -0.853559196
vn 0.944185436 -0.159608439 -0.288165331
vn 0.645589232 0.119062625 -0.754346132
vn 0.840083599 -0.0993222743 -0.533286572
vn 0.854675829 0.0428996012 -0.517386436
vn 0.67089349 0.34899649 -0.6542961
vn 0.929727256 0.0432550348 -0.365699977
vn 0.854675829 0.0428996012 -0.517386436
vn 0.924037933 0.341832608 -0.171185076
vn -0.475731075 -0.439807445 -0.761740923
vn -0.270540476 -0.716602206 -0.642875254
vn -0.854534209 -0.336002618 -0.39607209
vn -0.782284617 -0.565547466 -0.261125505
vn 0.0814131126 -0.589571476 -0.803602457
vn -0.270540476 -0.716602206 -0.642875254
vn 0.209672064 -0.714682102 -0.667283416
vn -0.0316732079 -0.859517753 -0.510123014
vn 0.0850582346 -0.97856307 -0.187561452
vn 0.209672064 -0.714682102 -0.667283416
vn 0.333586961 -0.762914121 -0.553788364
vn 0.16992265 -0.874352336 -0.454570621
vn 0.0850582346 -0.97856307 -0.187561452
vn 0.459474593 -0.846436262 0.269126117
vn 0.333586961 -0.762914121 -0.553788364
vn 0.539213896 -0.662006676 -0.520572186
vn 0.459474593 -0.846436262 0.269126117
vn 0.804524124 -0.407974333 0.431622267
vn 0.539213896 -0.662006676 -0.520572186
vn 0.800715387 -0.553077459 -0.230130672
vn 0.726395607 0.654169381 0.210740358
vn 0.924037933 0.341832608 -0.171185076
vn -0.116609529 0.988411129 0.0971881896
vn -0.709058225 0.704002798 -0.0402043313
vn -0.116609529 0.988411129 0.0971881896
vn -0.435671985 0.522771001 -0.732734799
vn -0.719795048 0.682219923 0.128339455
vn 0.384724379 0.561741352 -0.732416093
vn -0.251087725 0.43592608 -0.864247262
vn -0.243321911 0.26765579 -0.932284713
vn -0.333917767 0.567068458 -0.752949119
vn -0.429291576 0.447124124 -0.78472203
vn -0.369462252 0.226430327 -0.901236355
vn -0.243321911 0.26765579 -0.932284713
vn -0.319515228 0.114809833 -0.940600157
vn -0.483950526 0.108453408 -0.868348598
vn -0.589768827 -0.0826884061 -0.803327739
vn -0.319515228 0.114809833 -0.940600157
vn -0.779416203 -0.0993306637 -0.618582249
vn -0.483950526 0.108453408 -0.868348598
vn -0.854534209 -0.336002618 -0.39607209
vn -0.779416203 -0.0993306637 -0.618582249
vn -0.912897766 0.0308152623 -0.407022983
vn -0.976124763 -0.190551668 -0.10426081
vn -0.312525928 0.431632191 -0.84618032
vn -0.14254348 0.427046388 -0.892923653
vn -0.196080372 0.539234817 -0.819010556
vn -0.328812867 0.541166425 -0.773964465
vn -0.251087725 0.43592608 -0.864247262
vn -0.14254348 0.427046388 -0.892923653
vn -0.333917767 0.567068458 -0.752949119
vn -0.328812867 0.541166425 -0.773964465
vn -0.435671985 0.522771001 -0.732734799
vn -0.196080372 0.539234817 -0.819010556
vn 0.384724379 0.561741352 -0.732416093
vn 0.260033906 0.512886107 -0.818126142
vn 0.804524124 -0.407974333 0.431622267
vn 0.431125492 -0.470853359 0.769693136
vn 0.937663019 -0.092630513 0.334973425
vn 0.415526032 -0.234358206 0.878870785
vn 0.284547627 -0.570123553 0.770708501
vn 0.431125492 -0.470853359 0.769693136
vn 0.574762225 -0.53114152 0.622524917
vn 0.584195971 -0.648439586 0.488099456
vn 0.284547627 -0.570123553 0.770708501
vn 0.458070487 -0.71085006 0.533725679
vn 0.769526124 -0.636694789 0.0494880602
vn 0.584195971 -0.648439586 0.488099456
vn 0.769526124 -0.636694789 0.0494880602
vn 0.701687574 -0.703880191 -0.110395201
vn 0.584195971 -0.648439586 0.488099456
vn 0.506263435 -0.825421453 0.249752373
vn 0.674181104 -0.722327232 -0.154022932
vn 0.701687574 -0.703880191 -0.110395201
vn 0.804968596 -0.462287724 -0.371908426
vn 0.674878955 -0.580384552 -0.455732584
vn 0.804968596 -0.462287724 -0.371908426
vn 0.724996328 -0.187960029 -0.662609518
vn 0.674878955 -0.580384552 -0.455732584
vn 0.556157053 -0.376544505 -0.740880311
vn 0.413697839 -0.0880149379 -0.906149805
vn 0.724996328 -0.187960029 -0.662609518
vn 0.313126385 0.0377827063 -0.948959649
vn 0.34649542 -0.070147492 -0.935425103
vn 0.127277568 0.0261930637 -0.991521358
vn 0.313126385 0.0377827063 -0.948959649
vn 0.219230682 0.00283470144 -0.975668907
vn 0.34649542 -0.070147492 -0.935425103
vn 0.0159307383 0.0288289562 -0.999457121
vn 0.219230682 0.00283470144 -0.975668907
vn 0.424698174 0.144285589 -0.893763304
vn 0.137957424 0.22278066 -0.965057671
vn 0.0159307383 0.0288289562 -0.999457121
vn -0.29757452 0.0453127027 -0.95362258
vn 0.137957424 0.22278066 -0.965057671
vn -0.122562319 0.350115627 -0.928653538
vn -0.100322165 0.162652284 -0.981570184
vn -0.29757452 0.0453127027 -0.95362258
vn 0.312816143 0.416632593 -0.853559196
vn -0.568729043 0.198902309 -0.798113346
vn 0.929727256 0.0432550348 -0.365699977
vn 0.924037933 0.341832608 -0.171185076
vn 0.312816143 0.416632593 -0.853559196
vn -0.709058225 0.704002798 -0.0402043313
vn -0.854534209 -0.336002618 -0.39607209
vn -0.782284617 -0.565547466 -0.261125505
vn -0.976124763 -0.190551668 -0.10426081
vn -0.88871485 -0.388965368 0.242676303
vn -0.270540476 -0.716602206 -0.642875254
vn -0.782284617 -0.565547466 -0.261125505
vn -0.0316732079 -0.859517753 -0.510123014
vn -0.609208405 -0.792768717 -0.0195673462
vn 0.209672064 -0.714682102 -0.667283416
vn -0.0316732079 -0.859517753 -0.510123014
vn 0.16992265 -0.874352336 -0.454570621
vn -0.0639530122 -0.994690478 -0.0806270093
vn 0.333586961 -0.762914121 -0.553788364
vn 0.16992265 -0.874352336 -0.454570621
vn 0.0767131373 -0.984848738 0.15552482
vn 0.467445999 -0.881666899 -0.0644789487
vn 0.333586961 -0.762914121 -0.553788364
vn 0.539213896 -0.662006676 -0.520572186
vn 0.467445999 -0.881666899 -0.0644789487
vn 0.756676435 -0.645652294 -0.102827847
vn 0.804524124 -0.407974333 0.431622267
vn 0.800715387 -0.553077459 -0.230130672
vn 0.937663019 -0.092630513 0.334973425
vn 0.968966544 -0.143715739 -0.201120153
vn 0.539213896 -0.662006676 -0.520572186
vn 0.800715387 -0.553077459 -0.230130672
vn 0.756676435 -0.645652294 -0.102827847
vn 0.897769451 -0.402379155 0.179167882
vn -0.116609529 0.988411129 0.0971881896
vn -0.709058225 0.704002798 -0.0402043313
vn -0.863986135 0.462175459 0.199804768
vn -0.873675525 0.293264449 -0.38818413
vn -0.116609529 0.988411129 0.0971881896
vn -0.719795048 0.682219923 0.128339455
vn -0.805879593 0.591048598 0.0349224247
vn -0.791951776 0.275773287 0.544757724
vn -0.719795048 0.682219923 0.128339455
vn 0.384724379 0.561741352 -0.732416093
vn 0.344759852 0.93233794 -0.109025784
vn 0.599649012 0.520221889 -0.608103752
vn -0.333917767 0.567068458 -0.752949119
vn -0.429291576 0.447124124 -0.78472203
vn -0.570673585 0.68108815 -0.458748817
vn -0.775250077 0.413451821 -0.477540404
vn -0.243321911 0.26765579 -0.932284713
vn -0.429291576 0.447124124 -0.78472203
vn -0.483950526 0.108453408 -0.868348598
vn -0.752775431 0.190325335 -0.630162954
vn -0.779416203 -0.0993306637 -0.618582249
vn -0.483950526 0.108453408 -0.868348598
vn -0.912897766 0.0308152623 -0.407022983
vn -0.752775431 0.190325335 -0.630162954
vn -0.912897766 0.0308152623 -0.407022983
vn -0.976124763 -0.190551668 -0.10426081
vn -0.775250077 0.413451821 -0.477540404
vn -0.962122321 0.239066944 -0.131023899
vn -0.196080372 0.539234817 -0.819010556
vn -0.328812867 0.541166425 -0.773964465
vn -0.532553136 0.608434737 -0.588382304
vn -0.620024085 0.641741931 -0.451372713
vn -0.333917767 0.567068458 -0.752949119
vn -0.328812867 0.541166425 -0.773964465
vn -0.570673585 0.68108815 -0.458748817
vn -0.620024085 0.641741931 -0.451372713
vn -0.196080372 0.539234817 -0.819010556
vn 0.260033906 0.512886107 -0.818126142
vn -0.532553136 0.608434737 -0.588382304
vn 0.0481478423 0.68976301 -0.722432196
vn 0.384724379 0.561741352 -0.732416093
vn 0.260033906 0.512886107 -0.818126142
vn 0.599649012 0.520221889 -0.608103752
vn 0.558455825 0.661064923 -0.501118481
vn 0.937663019 -0.092630513 0.334973425
vn 0.415526032 -0.234358206 0.878870785
vn 0.593769848 0.467639953 0.654790282
vn 0.536324918 0.0181193836 0.843817055
vn 0.431125492 -0.470853359 0.769693136
vn 0.415526032 -0.234358206 0.878870785
vn 0.574762225 -0.53114152 0.622524917
vn 0.749918997 -0.247789741 0.613369226
vn 0.574762225 -0.53114152 0.622524917
vn 0.584195971 -0.648439586 0.488099456
vn 0.506263435 -0.825421453 0.249752373
vn 0.67066437 -0.511299729 0.537384272
vn 0.701687574 -0.703880191 -0.110395201
vn 0.506263435 -0.825421453 0.249752373
vn 0.674878955 -0.580384552 -0.455732584
vn 0.637726426 -0.741899967 -0.207098216
vn 0.674878955 -0.580384552 -0.455732584
vn 0.556157053 -0.376544505 -0.740880311
vn 0.637726426 -0.741899967 -0.207098216
vn 0.744042397 -0.255017817 -0.617549062
vn 0.724996328 -0.187960029 -0.662609518
vn 0.556157053 -0.376544505 -0.740880311
vn 0.34649542 -0.070147492 -0.935425103
vn 0.631663322 -0.108419061 -0.767623842
vn 0.219230682 0.00283470144 -0.975668907
vn 0.34649542 -0.070147492 -0.935425103
vn 0.424698174 0.144285589 -0.893763304
vn 0.631663322 -0.108419061 -0.767623842
vn 0.424698174 0.144285589 -0.893763304
vn 0.137957424 0.22278066 -0.965057671
vn 0.298672289 0.661129177 -0.688260674
vn 0.60513097 0.442025661 -0.662139952
vn 0.137957424 0.22278066 -0.965057671
vn -0.122562319 0.350115627 -0.928653538
vn 0.298672289 0.661129177 -0.688260674
vn -0.121937841 0.778660893 -0.61548233
vn -0.29757452 0.0453127027 -0.95362258
vn -0.122562319 0.350115627 -0.928653538
vn -0.568729043 0.198902309 -0.798113346
vn -0.504662156 0.34001261 -0.793541074
vn 0.312816143 0.416632593 -0.853559196
vn -0.709058225 0.704002798 -0.0402043313
vn -0.568729043 0.198902309 -0.798113346
vn -0.873675525 0.293264449 -0.38818413
vn -0.976124763 -0.190551668 -0.10426081
vn -0.88871485 -0.388965368 0.242676303
vn -0.864817619 -0.117632277 0.488111913
vn -0.77842772 -0.253850341 0.574116945
vn -0.782284617 -0.565547466 -0.261125505
vn -0.88871485 -0.388965368 0.242676303
vn -0.609208405 -0.792768717 -0.0195673462
vn -0.7514503 -0.511337698 0.416960686
vn -0.0316732079 -0.859517753 -0.510123014
vn -0.609208405 -0.792768717 -0.0195673462
vn -0.0639530122 -0.994690478 -0.0806270093
vn -0.329967707 -0.906215429 0.264375925
vn 0.16992265 -0.874352336 -0.454570621
vn -0.0639530122 -0.994690478 -0.0806270093
vn 0.0767131373 -0.984848738 0.15552482
vn -0.279485643 -0.861184716 0.424556643
vn 0.0767131373 -0.984848738 0.15552482
vn 0.467445999 -0.881666899 -0.0644789487
vn 0.425896406 -0.645169199 0.634325624
vn 0.0190491434 -0.63454318 0.772652626
vn 0.467445999 -0.881666899 -0.0644789487
vn 0.756676435 -0.645652294 -0.102827847
vn 0.425896406 -0.645169199 0.634325624
vn 0.767397106 -0.524699271 0.368500024
vn 0.800715387 -0.553077459 -0.230130672
vn 0.968966544 -0.143715739 -0.201120153
vn 0.897769451 -0.402379155 0.179167882
vn 0.933006823 -0.0746417567 0.352032423
vn 0.937663019 -0.092630513 0.334973425
vn 0.968966544 -0.143715739 -0.201120153
vn 0.593769848 0.467639953 0.654790282
vn 0.93994987 0.338477492 -0.0439005308
vn 0.756676435 -0.645652294 -0.102827847
vn 0.897769451 -0.402379155 0.179167882
vn 0.767397106 -0.524699271 0.368500024
vn 0.79739821 -0.256772429 0.54609853
vn -0.116609529 0.988411129 0.0971881896
vn -0.863986135 0.462175459 0.199804768
vn -0.805879593 0.591048598 0.0349224247
vn -0.499092966 0.862659097 0.0820095092
vn -0.863986135 0.462175459 0.199804768
vn -0.873675525 0.293264449 -0.38818413
vn -0.529055357 0.688190401 -0.496481478
vn -0.563542068 0.825504005 -0.0310366247
vn -0.805879593 0.591048598 0.0349224247
vn -0.791951776 0.275773287 0.544757724
vn -0.224330664 0.92675668 0.30132696
vn -0.253199577 0.726760209 0.638521373
vn -0.719795048 0.682219923 0.128339455
vn -0.791951776 0.275773287 0.544757724
vn 0.344759852 0.93233794 -0.109025784
vn -0.253199577 0.726760209 0.638521373
vn 0.344759852 0.93233794 -0.109025784
vn 0.599649012 0.520221889 -0.608103752
vn 0.731892943 0.476931304 -0.486691982
vn 0.652957916 0.655917227 -0.378706664
vn -0.570673585 0.68108815 -0.458748817
vn -0.775250077 0.413451821 -0.477540404
vn -0.962122321 0.239066944 -0.131023899
vn -0.741336405 0.67082417 0.0203653499
vn -0.429291576 0.447124124 -0.78472203
vn -0.912897766 0.0308152623 -0.407022983
vn -0.775250077 0.413451821 -0.477540404
vn -0.752775431 0.190325335 -0.630162954
vn -0.976124763 -0.190551668 -0.10426081
vn -0.962122321 0.239066944 -0.131023899
vn -0.864817619 -0.117632277 0.488111913
vn -0.866389871 0.222901747 0.446859479
vn -0.532553136 0.608434737 -0.588382304
vn -0.620024085 0.641741931 -0.451372713
vn -0.580670953 0.790138602 0.196219578
vn -0.717098892 0.693063319 0.0737046078
vn -0.570673585 0.68108815 -0.458748817
vn -0.620024085 0.641741931 -0.451372713
vn -0.741336405 0.67082417 0.0203653499
vn -0.717098892 0.693063319 0.0737046078
vn 0.260033906 0.512886107 -0.818126142
vn 0.0481478423 0.68976301 -0.722432196
vn 0.558455825 0.661064923 -0.501118481
vn 0.233379677 0.972040892 -0.0258933138
vn -0.532553136 0.608434737 -0.588382304
vn 0.0481478423 0.68976301 -0.722432196
vn -0.580670953 0.790138602 0.196219578
vn 0.233379677 0.972040892 -0.0258933138
vn 0.599649012 0.520221889 -0.608103752
vn 0.558455825 0.661064923 -0.501118481
vn 0.652957916 0.655917227 -0.378706664
vn 0.643095136 0.734748721 -0.215807438
vn 0.593769848 0.467639953 0.654790282
vn 0.536324918 0.0181193836 0.843817055
vn 0.146029547 0.646726191 0.748612583
vn 0.637498736 0.412790656 0.65053767
vn 0.415526032 -0.234358206 0.878870785
vn 0.536324918 0.0181193836 0.843817055
vn 0.749918997 -0.247789741 0.613369226
vn 0.903448224 0.0453634113 0.426290303
vn 0.574762225 -0.53114152 0.622524917
vn 0.749918997 -0.247789741 0.613369226
vn 0.67066437 -0.511299729 0.537384272
vn 0.900180399 -0.097279489 0.424513519
vn 0.506263435 -0.825421453 0.249752373
vn 0.67066437 -0.511299729 0.537384272
vn 0.637726426 -0.741899967 -0.207098216
vn 0.896079004 -0.430086851 0.109852858
vn 0.637726426 -0.741899967 -0.207098216
vn 0.744042397 -0.255017817 -0.617549062
vn 0.896079004 -0.430086851 0.109852858
vn 0.995506108 -0.0822356865 0.0469562598
vn 0.556157053 -0.376544505 -0.740880311
vn 0.744042397 -0.255017817 -0.617549062
vn 0.631663322 -0.108419061 -0.767623842
vn 0.843256712 0.161951452 -0.51253283
vn 0.424698174 0.144285589 -0.893763304
vn 0.631663322 -0.108419061 -0.767623842
vn 0.60513097 0.442025661 -0.662139952
vn 0.779688418 0.283753335 -0.558184206
vn 0.298672289 0.661129177 -0.688260674
vn 0.60513097 0.442025661 -0.662139952
vn 0.541511953 0.759494603 -0.360461533
vn 0.0219233483 0.966217279 -0.256795228
vn 0.298672289 0.661129177 -0.688260674
vn -0.121937841 0.778660893 -0.61548233
vn 0.0219233483 0.966217279 -0.256795228
vn -0.228670061 0.956085324 -0.183332503
vn -0.122562319 0.350115627 -0.928653538
vn -0.121937841 0.778660893 -0.61548233
vn -0.504662156 0.34001261 -0.793541074
vn -0.529055357 0.688190401 -0.496481478
vn -0.568729043 0.198902309 -0.798113346
vn -0.873675525 0.293264449 -0.38818413
vn -0.504662156 0.34001261 -0.793541074
vn -0.529055357 0.688190401 -0.496481478
vn -0.864817619 -0.117632277 0.488111913
vn -0.77842772 -0.253850341 0.574116945
vn -0.746009588 0.174185261 0.642751217
vn -0.757120132 -0.0808162466 0.648257494
vn -0.88871485 -0.388965368 0.242676303
vn -0.77842772 -0.253850341 0.574116945
vn -0.7514503 -0.511337698 0.416960686
vn -0.679736733 -0.318042308 0.660913825
vn -0.609208405 -0.792768717 -0.0195673462
vn -0.7514503 -0.511337698 0.416960686
vn -0.329967707 -0.906215429 0.264375925
vn -0.540344 -0.631955922 0.555572033
vn -0.0639530122 -0.994690478 -0.0806270093
vn -0.329967707 -0.906215429 0.264375925
vn -0.279485643 -0.861184716 0.424556643
vn -0.540344 -0.631955922 0.555572033
vn 0.0767131373 -0.984848738 0.15552482
vn -0.279485643 -0.861184716 0.424556643
vn 0.0190491434 -0.63454318 0.772652626
vn -0.386087984 -0.520367563 0.761678278
vn 0.425896406 -0.645169199 0.634325624
vn 0.0190491434 -0.63454318 0.772652626
vn 0.0892280638 -0.242710605 0.96598655
vn 0.464276105 -0.310250789 0.829573452
vn 0.425896406 -0.645169199 0.634325624
vn 0.767397106 -0.524699271 0.368500024
vn 0.79739821 -0.256772429 0.54609853
vn 0.464276105 -0.310250789 0.829573452
vn 0.897769451 -0.402379155 0.179167882
vn 0.933006823 -0.0746417567 0.352032423
vn 0.79739821 -0.256772429 0.54609853
vn 0.835719109 0.0123238387 0.549018383
vn 0.968966544 -0.143715739 -0.201120153
vn 0.933006823 -0.0746417567 0.352032423
vn 0.93994987 0.338477492 -0.0439005308
vn 0.908034146 0.278995246 0.3124668
vn 0.593769848 0.467639953 0.654790282
vn 0.93994987 0.338477492 -0.0439005308
vn 0.358317167 0.848790646 0.388796926
vn 0.844425797 0.472705662 -0.251980692
vn -0.863986135 0.462175459 0.199804768
vn -0.499092966 0.862659097 0.0820095092
vn -0.563542068 0.825504005 -0.0310366247
vn -0.228670061 0.956085324 -0.183332503
vn -0.805879593 0.591048598 0.0349224247
vn -0.499092966 0.862659097 0.0820095092
vn -0.224330664 0.92675668 0.30132696
vn -0.143703803 0.988127828 0.0543365777
vn -0.121937841 0.778660893 -0.61548233
vn -0.529055357 0.688190401 -0.496481478
vn -0.563542068 0.825504005 -0.0310366247
vn -0.228670061 0.956085324 -0.183332503
vn -0.224330664 0.92675668 0.30132696
vn -0.253199577 0.726760209 0.638521373
vn 0.133092523 0.848613858 0.511996925
vn -0.0683576241 0.710180283 0.700693369
vn 0.344759852 0.93233794 -0.109025784
vn -0.253199577 0.726760209 0.638521373
vn 0.358317167 0.848790646 0.388796926
vn -0.0683576241 0.710180283 0.700693369
vn 0.344759852 0.93233794 -0.109025784
vn 0.731892943 0.476931304 -0.486691982
vn 0.358317167 0.848790646 0.388796926
vn 0.844425797 0.472705662 -0.251980692
vn 0.731892943 0.476931304 -0.486691982
vn 0.652957916 0.655917227 -0.378706664
vn 0.932135761 0.335704446 -0.135740429
vn 0.837428749 0.545189798 -0.0384796448
vn -0.962122321 0.239066944 -0.131023899
vn -0.741336405 0.67082417 0.0203653499
vn -0.866389871 0.222901747 0.446859479
vn -0.673399985 0.48281467 0.559841335
vn -0.864817619 -0.117632277 0.488111913
vn -0.866389871 0.222901747 0.446859479
vn -0.746009588 0.174185261 0.642751217
vn -0.673399985 0.48281467 0.559841335
vn -0.580670953 0.790138602 0.196219578
vn -0.717098892 0.693063319 0.0737046078
vn -0.677266955 0.623865664 0.390001267
vn -0.634383738 0.631603956 0.445682824
vn -0.741336405 0.67082417 0.0203653499
vn -0.717098892 0.693063319 0.0737046078
vn -0.673399985 0.48281467 0.559841335
vn -0.634383738 0.631603956 0.445682824
vn 0.558455825 0.661064923 -0.501118481
vn 0.233379677 0.972040892 -0.0258933138
vn 0.643095136 0.734748721 -0.215807438
vn 0.454350263 0.865585029 0.210543334
vn -0.580670953 0.790138602 0.196219578
vn 0.233379677 0.972040892 -0.0258933138
vn 0.454350263 0.865585029 0.210543334
vn -0.143506631 0.943945587 0.297275007
vn 0.652957916 0.655917227 -0.378706664
vn 0.643095136 0.734748721 -0.215807438
vn 0.837428749 0.545189798 -0.0384796448
vn 0.696973741 0.638578475 0.326258719
vn 0.593769848 0.467639953 0.654790282
vn 0.146029547 0.646726191 0.748612583
vn 0.358317167 0.848790646 0.388796926
vn -0.0683576241 0.710180283 0.700693369
vn 0.146029547 0.646726191 0.748612583
vn 0.637498736 0.412790656 0.65053767
vn 0.482010305 0.805590212 0.344514579
vn 0.879411459 0.410929322 0.240358755
vn 0.536324918 0.0181193836 0.843817055
vn 0.637498736 0.412790656 0.65053767
vn 0.903448224 0.0453634113 0.426290303
vn 0.879411459 0.410929322 0.240358755
vn 0.749918997 -0.247789741 0.613369226
vn 0.903448224 0.0453634113 0.426290303
vn 0.900180399 -0.097279489 0.424513519
vn 0.955249846 0.148006812 0.256108671
vn 0.67066437 -0.511299729 0.537384272
vn 0.900180399 -0.097279489 0.424513519
vn 0.896079004 -0.430086851 0.109852858
vn 0.995506108 -0.0822356865 0.0469562598
vn 0.744042397 -0.255017817 -0.617549062
vn 0.995506108 -0.0822356865 0.0469562598
vn 0.843256712 0.161951452 -0.51253283
vn 0.965316713 0.249269068 -0.0776419044
vn 0.631663322 -0.108419061 -0.767623842
vn 0.843256712 0.161951452 -0.51253283
vn 0.779688418 0.283753335 -0.558184206
vn 0.909909189 0.327821553 -0.254161417
vn 0.60513097 0.442025661 -0.662139952
vn 0.779688418 0.283753335 -0.558184206
vn 0.541511953 0.759494603 -0.360461533
vn 0.875867009 0.437899113 -0.20273371
vn 0.541511953 0.759494603 -0.360461533
vn 0.0219233483 0.966217279 -0.256795228
vn -0.143703803 0.988127828 0.0543365777
vn 0.321612328 0.90602833 0.27509585
vn -0.499092966 0.862659097 0.0820095092
vn 0.0219233483 0.966217279 -0.256795228
vn -0.228670061 0.956085324 -0.183332503
vn -0.143703803 0.988127828 0.0543365777
vn -0.746009588 0.174185261 0.642751217
vn -0.757120132 -0.0808162466 0.648257494
vn -0.781259656 0.375530511 0.498608202
vn -0.753614068 0.0571876541 0.654824793
vn -0.77842772 -0.253850341 0.574116945
vn -0.757120132 -0.0808162466 0.648257494
vn -0.679736733 -0.318042308 0.660913825
vn -0.55705899 -0.191432133 0.808108032
vn -0.7514503 -0.511337698 0.416960686
vn -0.679736733 -0.318042308 0.660913825
vn -0.540344 -0.631955922 0.555572033
vn -0.524856091 -0.350934297 0.775480926
vn -0.279485643 -0.861184716 0.424556643
vn -0.540344 -0.631955922 0.555572033
vn -0.386087984 -0.520367563 0.761678278
vn -0.524856091 -0.350934297 0.775480926
vn 0.0190491434 -0.63454318 0.772652626
vn -0.386087984 -0.520367563 0.761678278
vn 0.0892280638 -0.242710605 0.96598655
vn -0.325167567 -0.201409519 0.923958719
vn 0.0892280638 -0.242710605 0.96598655
vn 0.464276105 -0.310250789 0.829573452
vn 0.45934701 0.118720375 0.88028729
vn 0.00994881801 0.0529375263 0.99854821
vn 0.79739821 -0.256772429 0.54609853
vn 0.464276105 -0.310250789 0.829573452
vn 0.835719109 0.0123238387 0.549018383
vn 0.45934701 0.118720375 0.88028729
vn 0.933006823 -0.0746417567 0.352032423
vn 0.835719109 0.0123238387 0.549018383
vn 0.908034146 0.278995246 0.3124668
vn 0.71686554 0.2714203 0.642211139
vn 0.93994987 0.338477492 -0.0439005308
vn 0.908034146 0.278995246 0.3124668
vn 0.844425797 0.472705662 -0.251980692
vn 0.942139864 0.334894389 0.0147644188
vn -0.224330664 0.92675668 0.30132696
vn -0.143703803 0.988127828 0.0543365777
vn 0.133092523 0.848613858 0.511996925
vn 0.321612328 0.90602833 0.27509585
vn 0.146029547 0.646726191 0.748612583
vn 0.133092523 0.848613858 0.511996925
vn -0.0683576241 0.710180283 0.700693369
vn 0.482010305 0.805590212 0.344514579
vn 0.731892943 0.476931304 -0.486691982
vn 0.844425797 0.472705662 -0.251980692
vn 0.932135761 0.335704446 -0.135740429
vn 0.942139864 0.334894389 0.0147644188
vn 0.932135761 0.335704446 -0.135740429
vn 0.837428749 0.545189798 -0.0384796448
vn 0.942139864 0.334894389 0.0147644188
vn 0.84304291 0.370074093 0.390286416
vn -0.746009588 0.174185261 0.642751217
vn -0.673399985 0.48281467 0.559841335
vn -0.634383738 0.631603956 0.445682824
vn -0.781259656 0.375530511 0.498608202
vn -0.580670953 0.790138602 0.196219578
vn -0.677266955 0.623865664 0.390001267
vn -0.143506631 0.943945587 0.297275007
vn -0.539951205 0.67685914 0.500314236
vn -0.677266955 0.623865664 0.390001267
vn -0.634383738 0.631603956 0.445682824
vn -0.781259656 0.375530511 0.498608202
vn -0.636444211 0.607564092 0.475189239
vn 0.643095136 0.734748721 -0.215807438
vn 0.454350263 0.865585029 0.210543334
vn 0.696973741 0.638578475 0.326258719
vn 0.501833439 0.765364587 0.402964145
vn 0.454350263 0.865585029 0.210543334
vn -0.143506631 0.943945587 0.297275007
vn 0.501833439 0.765364587 0.402964145
vn 0.235294044 0.925670862 0.296260387
vn 0.837428749 0.545189798 -0.0384796448
vn 0.696973741 0.638578475 0.326258719
vn 0.84304291 0.370074093 0.390286416
vn 0.684148431 0.30487442 0.662564933
vn 0.482010305 0.805590212 0.344514579
vn 0.879411459 0.410929322 0.240358755
vn 0.774662375 0.616690457 0.139966145
vn 0.937590957 0.34773773 -0.00108817068
vn 0.903448224 0.0453634113 0.426290303
vn 0.879411459 0.410929322 0.240358755
vn 0.955249846 0.148006812 0.256108671
vn 0.937590957 0.34773773 -0.00108817068
vn 0.900180399 -0.097279489 0.424513519
vn 0.995506108 -0.0822356865 0.0469562598
vn 0.955249846 0.148006812 0.256108671
vn 0.965316713 0.249269068 -0.0776419044
vn 0.843256712 0.161951452 -0.51253283
vn 0.965316713 0.249269068 -0.0776419044
vn 0.909909189 0.327821553 -0.254161417
vn 0.914962292 0.360781342 -0.180777282
vn 0.779688418 0.283753335 -0.558184206
vn 0.909909189 0.327821553 -0.254161417
vn 0.875867009 0.437899113 -0.20273371
vn 0.914962292 0.360781342 -0.180777282
vn 0.541511953 0.759494603 -0.360461533
vn 0.875867009 0.437899113 -0.20273371
vn 0.321612328 0.90602833 0.27509585
vn 0.774662375 0.616690457 0.139966145
vn -0.781259656 0.375530511 0.498608202
vn -0.753614068 0.0571876541 0.654824793
vn -0.636444211 0.607564092 0.475189239
vn -0.622506022 0.290461063 0.72671771
vn -0.757120132 -0.0808162466 0.648257494
vn -0.753614068 0.0571876541 0.654824793
vn -0.55705899 -0.191432133 0.808108032
vn -0.545033455 -0.181624383 0.818505526
vn -0.679736733 -0.318042308 0.660913825
vn -0.55705899 -0.191432133 0.808108032
vn -0.524856091 -0.350934297 0.775480926
vn -0.499410391 -0.199681133 0.843040228
vn -0.386087984 -0.520367563 0.761678278
vn -0.524856091 -0.350934297 0.775480926
vn -0.325167567 -0.201409519 0.923958719
vn -0.499410391 -0.199681133 0.843040228
vn 0.0892280638 -0.242710605 0.96598655
vn -0.325167567 -0.201409519 0.923958719
vn 0.00994881801 0.0529375263 0.99854821
vn -0.148209974 -0.033598531 0.988384843
vn 0.45934701 0.118720375 0.88028729
vn 0.00994881801 0.0529375263 0.99854821
vn 0.377035767 0.20147337 0.904019952
vn 0.489867866 0.347301692 0.799631834
vn 0.835719109 0.0123238387 0.549018383
vn 0.45934701 0.118720375 0.88028729
vn 0.71686554 0.2714203 0.642211139
vn 0.489867866 0.347301692 0.799631834
vn 0.908034146 0.278995246 0.3124668
vn 0.71686554 0.2714203 0.642211139
vn 0.942139864 0.334894389 0.0147644188
vn 0.84304291 0.370074093 0.390286416
vn 0.133092523 0.848613858 0.511996925
vn 0.482010305 0.805590212 0.344514579
vn 0.321612328 0.90602833 0.27509585
vn 0.774662375 0.616690457 0.139966145
vn -0.143506631 0.943945587 0.297275007
vn -0.539951205 0.67685914 0.500314236
vn 0.235294044 0.925670862 0.296260387
vn 0.082530126 0.606540442 0.790757656
vn -0.677266955 0.623865664 0.390001267
vn -0.539951205 0.67685914 0.500314236
vn -0.636444211 0.607564092 0.475189239
vn -0.307075471 0.537560999 0.785323501
vn 0.696973741 0.638578475 0.326258719
vn 0.501833439 0.765364587 0.402964145
vn 0.684148431 0.30487442 0.662564933
vn 0.598208845 0.382968813 0.703903854
vn 0.501833439 0.765364587 0.402964145
vn 0.235294044 0.925670862 0.296260387
vn 0.082530126 0.606540442 0.790757656
vn 0.598208845 0.382968813 0.703903854
vn 0.71686554 0.2714203 0.642211139
vn 0.84304291 0.370074093 0.390286416
vn 0.684148431 0.30487442 0.662564933
vn 0.489867866 0.347301692 0.799631834
vn 0.875867009 0.437899113 -0.20273371
vn 0.774662375 0.616690457 0.139966145
vn 0.937590957 0.34773773 -0.00108817068
vn 0.914962292 0.360781342 -0.180777282
vn 0.955249846 0.148006812 0.256108671
vn 0.965316713 0.249269068 -0.0776419044
vn 0.937590957 0.34773773 -0.00108817068
vn 0.914962292 0.360781342 -0.180777282
vn -0.636444211 0.607564092 0.475189239
vn -0.622506022 0.290461063 0.72671771
vn -0.307075471 0.537560999 0.785323501
vn -0.0607153587 0.282874137 0.957233429
vn -0.753614068 0.0571876541 0.654824793
vn -0.622506022 0.290461063 0.72671771
vn -0.545033455 -0.181624383 0.818505526
vn -0.456285536 -0.0587469935 0.887891769
vn -0.55705899 -0.191432133 0.808108032
vn -0.545033455 -0.181624383 0.818505526
vn -0.499410391 -0.199681133 0.843040228
vn -0.344636083 -0.186270833 0.920070171
vn -0.325167567 -0.201409519 0.923958719
vn -0.499410391 -0.199681133 0.843040228
vn -0.148209974 -0.033598531 0.988384843
vn -0.344636083 -0.186270833 0.920070171
vn 0.00994881801 0.0529375263 0.99854821
vn -0.148209974 -0.033598531 0.988384843
vn 0.377035767 0.20147337 0.904019952
vn 0.161385715 0.0771013126 0.983874857
vn 0.377035767 0.20147337 0.904019952
vn 0.489867866 0.347301692 0.799631834
vn 0.459035188 0.15957661 0.873969078
vn 0.313513011 0.219691232 0.923821032
vn -0.539951205 0.67685914 0.500314236
vn 0.082530126 0.606540442 0.790757656
vn -0.307075471 0.537560999 0.785323501
vn 0.186785057 0.25582695 0.948506236
vn 0.684148431 0.30487442 0.662564933
vn 0.489867866 0.347301692 0.799631834
vn 0.598208845 0.382968813 0.703903854
vn 0.459035188 0.15957661 0.873969078
vn 0.082530126 0.606540442 0.790757656
vn 0.598208845 0.382968813 0.703903854
vn 0.459035188 0.15957661 0.873969078
vn 0.186785057 0.25582695 0.948506236
vn -0.307075471 0.537560999 0.785323501
vn -0.0607153587 0.282874137 0.957233429
vn 0.186785057 0.25582695 0.948506236
vn 0.244146675 0.134775013 0.960327089
vn -0.622506022 0.290461063 0.72671771
vn -0.0607153587 0.282874137 0.957233429
vn -0.456285536 -0.0587469935 0.887891769
vn -0.083824724 -0.0717983246 0.993890524
vn -0.545033455 -0.181624383 0.818505526
vn -0.456285536 -0.0587469935 0.887891769
vn -0.344636083 -0.186270833 0.920070171
vn -0.083824724 -0.0717983246 0.993890524
vn -0.148209974 -0.033598531 0.988384843
vn -0.344636083 -0.186270833 0.920070171
vn 0.161385715 0.0771013126 0.983874857
vn -0.083824724 -0.0717983246 0.993890524
vn 0.377035767 0.20147337 0.904019952
vn 0.161385715 0.0771013126 0.983874857
vn 0.313513011 0.219691232 0.923821032
vn 0.244146675 0.134775013 0.960327089
vn 0.459035188 0.15957661 0.873969078
vn 0.313513011 0.219691232 0.923821032
vn 0.186785057 0.25582695 0.948506236
vn 0.244146675 0.134775013 0.960327089
vn -0.0607153587 0.282874137 0.957233429
vn 0.161385715 0.0771013126 0.983874857
vn 0.244146675 0.134775013 0.960327089
vn -0.083824724 -0.0717983246 0.993890524
g 
f 1//1 2//2 3//3 4//4
f 7//7 6//6 5//5 8//8
f 10//10 9//9 11//11 12//12
f 13//13 15//15 16//16 14//14
f 19//19 20//20 17//17 18//18
f 23//23 21//21 22//22 24//24
f 25//25 27//27 28//28 26//26
f 31//31 32//32 29//29 30//30
f 33//33 35//35 36//36 34//34
f 40//40 39//39 37//37 38//38
f 42//42 41//41 43//43 44//44
f 48//48 46//46 45//45 47//47
f 49//49 51//51 52//52 50//50
f 56//56 55//55 53//53 54//54
f 58//58 57//57 59//59 60//60
f 62//62 64//64 63//63 61//61
f 67//67 66//66 65//65 68//68
f 70//70 69//69 71//71 72//72
f 74//74 76//76 75//75 73//73
f 79//79 77//77 78//78 80//80
f 81//81 83//83 84//84 82//82
f 87//87 88//88 86//86 85//85
f 90//90 92//92 91//91 89//89
f 95//95 93//93 94//94 96//96
f 97//97 99//99 100//100 98//98
f 104//104 103//103 101//101 102//102
f 105//105 106//106 108//108 107//107
f 112//112 111//111 109//109 110//110
f 113//113 115//115 116//116 114//114
f 120//120 119//119 117//117 118//118
f 121//121 122//122 124//124 123//123
f 128//128 127//127 125//125 126//126
f 130//130 129//129 131//131 132//132
f 136//136 134//134 133//133 135//135
f 137//137 138//138 140//140 139//139
f 144//144 143//143 141//141 142//142
f 146//146 145//145 147//147 148//148
f 150//150 151//151 152//152 149//149
f 155//155 153//153 154//154 156//156
f 159//159 160//160 158//158 157//157
f 162//162 164//164 163//163 161//161
f 167//167 165//165 166//166 168//168
f 170//170 169//169 171//171 172//172
f 174//174 176//176 175//175 173//173
f 179//179 177//177 178//178 180//180
f 182//182 184//184 183//183 181//181
f 185//185 187//187 188//188 186//186
f 191//191 192//192 190//190 189//189
f 194//194 196//196 195//195 193//193
f 199//199 197//197 198//198 200//200
f 201//201 203//203 204//204 202//202
f 208//208 207//207 205//205 206//206
f 210//210 209//209 211//211 212//212
f 213//213 215//215 216//216 214//214
f 220//220 219//219 217//217 218//218
f 224//224 222//222 221//221 223//223
f 225//225 226//226 228//228 227//227
f 232//232 231//231 229//229 230//230
f 234//234 233//233 235//235 236//236
f 237//237 239//239 240//240 238//238
f 244//244 243//243 241//241 242//242
f 245//245 246//246 248//248 247//247
f 252//252 251//251 249//249 250//250
f 254//254 253//253 255//255 256//256
f 259//259 258//258 257//257 260//260
f 261//261 262//262 264//264 263//263
f 267//267 268//268 265//265 266//266
f 270//270 272//272 271//271 269//269
f 275//275 273//273 274//274 276//276
f 277//277 279//279 280//280 278//278
f 282//282 281//281 283//283 284//284
f 287//287 285//285 286//286 288//288
f 291//291 292//292 290//290 289//289
f 294//294 295//295 296//296 293//293
f 299//299 297//297 298//298 300//300
f 303//303 304//304 302//302 301//301
f 305//305 307//307 308//308 306//306
f 312//312 311//311 309//309 310//310
f 314//314 313//313 315//315 316//316
f 318//318 320//320 319//319 317//317
f 323//323 321//321 322//322 324//324
f 326//326 325//325 328//328 327//327
f 332//332 331//331 329//329 330//330
f 334//334 333//333 335//335 336//336
f 338//338 340//340 339//339 337//337
f 343//343 342//342 341//341 344//344
f 345//345 346//346 348//348 347//347
f 352//352 351//351 349//349 350//350
f 354//354 353//353 355//355 356//356
f 357//357 359//359 360//360 358//358
f 364//364 363//363 361//361 362//362
f 368//368 366//366 365//365 367//367
f 370//370 369//369 371//371 372//372
f 373//373 375//375 376//376 374//374
f 379//379 380//380 377//377 378//378
f 384//384 382//382 381//381 383//383
f 386//386 385//385 387//387 388//388
f 390//390 392//392 391//391 389//389
f 395//395 393//393 394//394 396//396
f 398//398 397//397 399//399 400//400
f 401//401 403//403 404//404 402//402
f 408//408 407//407 405//405 406//406
f 409//409 410//410 412//412 411//411
f 415//415 413//413 414//414 416//416
f 419//419 420//420 417//417 418//418
f 423//423 421//421 422//422 424//424
f 425//425 427//427 428//428 426//426
f 432//432 431//431 429//429 430//430
f 433//433 434//434 436//436 435//435
f 439//439 440//440 437//437 438//438
f 442//442 444//444 443//443 441//441
f 447//447 445//445 446//446 448//448
f 449//449 452//452 451//451 450//450
f 456//456 453//453 455//455 454//454
f 457//457 459//459 460//460 458//458
f 462//462 461//461 463//463 464//464
f 466//466 468//468 467//467 465//465
f 471//471 470//470 469//469 472//472
f 475//475 473//473 474//474 476//476
f 479//479 480//480 478//478 477//477
f 481//481 483//483 484//484 482//482
f 488//488 487//487 485//485 486//486
f 489//489 490//490 492//492 491//491
f 495//495 496//496 493//493 494//494
f 497//497 499//499 500//500 498//498
f 504//504 503//503 501//501 502//502
f 506//506 505//505 507//507 508//508
f 510//510 512//512 511//511 509//509
f 515//515 513//513 514//514 516//516
f 518//518 517//517 519//519 520//520
f 522//522 524//524 523//523 521//521
f 525//525 528//528 526//526 527//527
f 529//529 531//531 530//530 532//532
f 534//534 533//533 535//535 536//536
f 538//538 540//540 539//539 537//537
f 543//543 541//541 542//542 544//544
f 546//546 545//545 547//547 548//548
f 552//552 550//550 549//549 551//551
f 556//556 555//555 553//553 554//554
f 558//558 557//557 559//559 560//560
f 561//561 563//563 564//564 562//562
f 568//568 567//567 565//565 566//566
f 569//569 570//570 572//572 571//571
f 575//575 576//576 573//573 574//574
f 577//577 579//579 580//580 578//578
f 584//584 583//583 581//581 582//582
f 588//588 586//586 585//585 587//587
f 590//590 589//589 591//591 592//592
f 594//594 595//595 596//596 593//593
f 600//600 599//599 598//598 597//597
f 602//602 601//601 603//603 604//604
f 606//606 608//608 607//607 605//605
f 609//609 611//611 612//612 610//610
f 616//616 615//615 613//613 614//614
f 617//617 618//618 620//620 619//619
f 623//623 624//624 621//621 622//622
f 625//625 627//627 628//628 626//626
f 632//632 631//631 629//629 630//630
f 633//633 635//635 636//636 634//634
f 637//637 639//639 640//640 638//638
f 644//644 643//643 641//641 642//642
f 645//645 646//646 648//648 647//647
f 651//651 652//652 649//649 650//650
f 653//653 655//655 656//656 654//654
f 659//659 657//657 658//658 660//660
f 663//663 664//664 662//662 661//661
f 667//667 665//665 666//666 668//668
f 670//670 669//669 671//671 672//672
f 673//673 675//675 676//676 674//674
f 678//678 677//677 679//679 680//680
f 682//682 684//684 683//683 681//681
f 686//686 688//688 687//687 685//685
f 692//692 690//690 689//689 691//691
f 694//694 693//693 695//695 696//696
f 699//699 697//697 698//698 700//700
f 703//703 701//701 702//702 704//704
f 707//707 708//708 706//706 705//705
f 709//709 711//711 712//712 710//710
f 716//716 715//715 713//713 714//714
f 718//718 717//717 720//720 719//719
f 724//724 723//723 721//721 722//722
f 726//726 725//725 727//727 728//728
f 730//730 732//732 731//731 729//729
f 734//734 736//736 735//735 733//733
f 739//739 738//738 737//737 740//740
f 742//742 741//741 743//743 744//744
f 746//746 748//748 747//747 745//745
f 750//750 749//749 751//751 752//752
f 754//754 753//753 755//755 756//756
f 758//758 760//760 759//759 757//757
f 763//763 761//761 762//762 764//764
f 766//766 768//768 767//767 765//765
f 771//771 770//770 769//769 772//772
f 774//774 773//773 775//775 776//776
f 777//777 779//779 780//780 778//778
f 784//784 783//783 781//781 782//782
f 788//788 786//786 785//785 787//787
f 791//791 789//789 790//790 792//792
f 795//795 796//796 793//793 794//794
f 797//797 799//799 800//800 798//798
f 804//804 803//803 801//801 802//802
f 806//806 805//805 807//807 808//808
f 809//809 812//812 811//811 810//810
f 814//814 816//816 813//813 815//815
f 819//819 817//817 818//818 820//820
f 821//821 823//823 824//824 822//822
f 828//828 827//827 825//825 826//826
f 829//829 831//831 832//832 830//830
f 836//836 835//835 833//833 834//834
f 840//840 838//838 837//837 839//839
f 842//842 841//841 843//843 844//844
f 846//846 848//848 847//847 845//845
f 851//851 849//849 850//850 852//852
f 854//854 856//856 855//855 853//853
f 857//857 859//859 860//860 858//858
f 864//864 863//863 861//861 862//862
f 865//865 866//866 868//868 867//867
f 871//871 872//872 869//869 870//870
f 873//873 875//875 876//876 874//874
f 880//880 879//879 877//877 878//878
f 881//881 883//883 884//884 882//882
f 885//885 887//887 888//888 886//886
f 892//892 891//891 889//889 890//890
f 893//893 894//894 896//896 895//895
f 900//900 899//899 897//897 898//898
f 901//901 902//902 904//904 903//903
f 907//907 908//908 905//905 906//906
f 909//909 912//912 911//911 910//910
f 914//914 913//913 915//915 916//916
f 918//918 920//920 919//919 917//917
f 923//923 921//921 922//922 924//924
f 925//925 927//927 928//928 926//926
f 932//932 931//931 929//929 930//930
f 936//936 935//935 934//934 933//933
f 938//938 937//937 939//939 940//940
f 943//943 941//941 942//942 944//944
f 946//946 945//945 947//947 948//948
f 949//949 951//951 952//952 950//950
f 953//953 954//954 956//956 955//955
f 960//960 959//959 957//957 958//958
f 962//962 961//961 963//963 964//964
f 967//967 965//965 966//966 968//968
f 970//970 969//969 971//971 972//972
f 976//976 973//973 974//974 975//975
f 979//979 980//980 978//978 977//977
f 982//982 981//981 983//983 984//984
f 985//985 987//987 988//988 986//986
f 992//992 991//991 989//989 990//990
f 993//993 994//994 996//996 995//995
f 1000//1000 999//999 997//997 998//998
f 1002//1002 1004//1004 1003//1003 1001//1001
f 1007//1007 1005//1005 1006//1006 1008//1008
f 1010//1010 1012//1012 1011//1011 1009//1009
f 1015//1015 1014//1014 1013//1013 1016//1016
f 1019//1019 1018//1018 1020//1020 1017//1017
f 1022//1022 1021//1021 1023//1023 1024//1024
f 1026//1026 1028//1028 1027//1027 1025//1025
f 1031//1031 1029//1029 1030//1030 1032//1032
f 1035//1035 1033//1033 1034//1034 1036//1036
f 1038//1038 1040//1040 1039//1039 1037//1037
f 1043//1043 1042//1042 1041//1041 1044//1044
f 1045//1045 1046//1046 1048//1048 1047//1047
f 1052//1052 1051//1051 1049//1049 1050//1050
f 1053//1053 1054//1054 1056//1056 1055//1055
f 1059//1059 1057//1057 1058//1058 1060//1060
f 1062//1062 1064//1064 1061//1061 1063//1063
f 1068//1068 1067//1067 1065//1065 1066//1066
f 1070//1070 1069//1069 1071//1071 1072//1072
f 1076//1076 1073//1073 1074//1074 1075//1075
f 1078//1078 1077//1077 1079//1079 1080//1080
f 1081//1081 1084//1084 1083//1083 1082//1082
f 1085//1085 1087//1087 1088//1088 1086//1086
f 1091//1091 1092//1092 1090//1090 1089//1089
f 1096//1096 1094//1094 1093//1093 1095//1095
f 1098//1098 1097//1097 1099//1099 1100//1100
f 1103//1103 1101//1101 1102//1102 1104//1104
f 1107//1107 1108//1108 1106//1106 1105//1105
f 1109//1109 1110//1110 1112//1112 1111//1111
f 1116//1116 1115//1115 1113//1113 1114//1114
f 1117//1117 1118//1118 1120//1120 1119//1119
f 1121//1121 1123//1123 1124//1124 1122//1122
f 1128//1128 1127//1127 1125//1125 1126//1126
f 1129//1129 1130//1130 1132//1132 1131//1131
f 1136//1136 1135//1135 1133//1133 1134//1134
f 1137//1137 1138//1138 1140//1140 1139//1139
f 1143//1143 1144//1144 1141//1141 1142//1142
f 1146//1146 1148//1148 1147//1147 1145//1145
f 1151//1151 1149//1149 1150//1150 1152//1152
f 1156//1156 1154//1154 1153//1153 1155//1155
f 1157//1157 1159//1159 1160//1160 1158//1158
f 1164//1164 1163//1163 1161//1161 1162//1162
f 1166//1166 1165//1165 1167//1167 1168//1168
f 1171//1171 1170//1170 1169//1169 1172//1172
f 1173//1173 1176//1176 1175//1175 1174//1174
f 1178//1178 1177//1177 1180//1180 1179//1179
f 1184//1184 1182//1182 1181//1181 1183//1183
f 1186//1186 1185//1185 1187//1187 1188//1188
f 1190//1190 1192//1192 1191//1191 1189//1189
f 1195//1195 1193//1193 1194//1194 1196//1196
f 1199//1199 1197//1197 1198//1198 1200//1200
f 1202//1202 1204//1204 1203//1203 1201//1201
f 1207//1207 1206//1206 1205//1205 1208//1208
f 1210//1210 1212//1212 1211//1211 1209//1209
f 1213//1213 1214//1214 1216//1216 1215//1215
f 1219//1219 1220//1220 1217//1217 1218//1218
f 1221//1221 1223//1223 1224//1224 1222//1222
f 1228//1228 1227//1227 1225//1225 1226//1226
f 1229//1229 1230//1230 1232//1232 1231//1231
f 1236//1236 1235//1235 1233//1233 1234//1234
f 1237//1237 1238//1238 1240//1240 1239//1239
f 1244//1244 1243//1243 1241//1241 1242//1242
f 1247//1247 1246//1246 1248//1248 1245//1245
