# File exported by Houdini 20.5.370 (www.sidefx.com)
# 1248 points
# 1248 vertices
# 312 primitives
# Bounds: [-2.89045405, 7.42380857, -5.12751532] to [5.4913435, 16.3027668, 4.78359175]
g 
v -2.58839393 9.77427769 -2.52091241 0 0 0
v -2.24072218 9.22266102 -1.9949367 0 1 0
v -2.07238531 8.66218853 -2.47755361 1 1 0
v -2.43145442 9.1259985 -2.72717905 1 0 0
v -2.58839393 9.77427769 -2.52091241 1 1 0
v -2.24072218 9.22266102 -1.9949367 0 1 0
v -2.43542504 10.0609264 -1.60454929 0 0 0
v -2.84522843 10.5974751 -2.26277995 1 0 0
v -2.24072218 9.22266102 -1.9949367 0 1 0
v -2.07238531 8.66218853 -2.47755361 0 0 0
v -1.62262726 8.84164238 -1.56740308 1 1 0
v -1.4271369 8.32670403 -2.24441814 1 0 0
v -2.07238531 8.66218853 -2.47755361 0 0 0
v -2.43145442 9.1259985 -2.72717905 1 0 0
v -2.03354907 8.27294159 -3.08585906 0 1 0
v -2.51974082 9.08958721 -3.24187636 1 1 0
v -2.58839393 9.77427769 -2.52091241 1 1 0
v -2.43145442 9.1259985 -2.72717905 1 0 0
v -2.51974082 9.08958721 -3.24187636 0 0 0
v -2.64655137 10.1530695 -3.21725798 0 1 0
v -2.24072218 9.22266102 -1.9949367 0 1 0
v -2.43542504 10.0609264 -1.60454929 1 1 0
v -1.62262726 8.84164238 -1.56740308 0 0 0
v -1.82502913 9.834095 -1.12805843 1 0 0
v -2.58839393 9.77427769 -2.52091241 0 0 0
v -2.84522843 10.5974751 -2.26277995 1 0 0
v -2.64655137 10.1530695 -3.21725798 0 1 0
v -2.7833097 11.3191643 -3.09781313 1 1 0
v -2.43542504 10.0609264 -1.60454929 1 1 0
v -2.84522843 10.5974751 -2.26277995 1 0 0
v -2.89045405 11.5888882 -1.92585456 0 0 0
v -2.48746824 10.8652201 -1.4620266 0 1 0
v -1.62262726 8.84164238 -1.56740308 0 0 0
v -1.4271369 8.32670403 -2.24441814 1 0 0
v -0.798506558 8.92276382 -1.39128578 0 1 0
v -0.666478157 8.33962345 -2.12263441 1 1 0
v -2.07238531 8.66218853 -2.47755361 1 1 0
v -1.4271369 8.32670403 -2.24441814 1 0 0
v -2.03354907 8.27294159 -3.08585906 0 1 0
v -1.37358737 7.7353034 -2.90496826 0 0 0
v -2.03354907 8.27294159 -3.08585906 0 1 0
v -2.51974082 9.08958721 -3.24187636 0 0 0
v -1.9386152 8.17429352 -3.78709793 1 1 0
v -2.42670822 9.06172848 -3.99941659 1 0 0
v -2.51974082 9.08958721 -3.24187636 1 1 0
v -2.64655137 10.1530695 -3.21725798 0 1 0
v -2.42670822 9.06172848 -3.99941659 1 0 0
v -2.46344352 10.4734821 -3.98751473 0 0 0
v -2.43542504 10.0609264 -1.60454929 0 0 0
v -1.82502913 9.834095 -1.12805843 1 0 0
v -2.48746824 10.8652201 -1.4620266 0 1 0
v -2.01561594 10.9591846 -1.07958174 1 1 0
v -1.62262726 8.84164238 -1.56740308 1 1 0
v -1.82502913 9.834095 -1.12805843 1 0 0
v -0.798506558 8.92276382 -1.39128578 0 1 0
v -1.03384304 9.86448288 -0.764855087 0 0 0
v -2.64655137 10.1530695 -3.21725798 0 1 0
v -2.7833097 11.3191643 -3.09781313 0 0 0
v -2.46344352 10.4734821 -3.98751473 1 1 0
v -2.35687661 12.0459013 -3.84105563 1 0 0
v -2.84522843 10.5974751 -2.26277995 1 0 0
v -2.7833097 11.3191643 -3.09781313 0 0 0
v -2.89045405 11.5888882 -1.92585456 1 1 0
v -2.53072786 12.1791925 -2.99052358 0 1 0
v -2.89045405 11.5888882 -1.92585456 1 1 0
v -2.48746824 10.8652201 -1.4620266 0 1 0
v -2.01561594 10.9591846 -1.07958174 0 0 0
v -2.48444843 11.9847031 -1.29295814 1 0 0
v -0.798506558 8.92276382 -1.39128578 0 1 0
v -0.666478157 8.33962345 -2.12263441 0 0 0
v -0.00482614199 9.3291111 -1.42284656 1 1 0
v 0.114382096 8.65193558 -2.16504192 1 0 0
v -1.4271369 8.32670403 -2.24441814 1 0 0
v -0.666478157 8.33962345 -2.12263441 0 0 0
v -1.37358737 7.7353034 -2.90496826 1 1 0
v -0.548721492 7.67890501 -2.80308938 0 1 0
v -2.03354907 8.27294159 -3.08585906 0 1 0
v -1.37358737 7.7353034 -2.90496826 1 1 0
v -1.9386152 8.17429352 -3.78709793 0 0 0
v -1.30168629 7.4663434 -3.6712687 1 0 0
v -1.9386152 8.17429352 -3.78709793 0 0 0
v -2.42670822 9.06172848 -3.99941659 1 0 0
v -1.7679832 8.17997551 -4.34080362 0 1 0
v -1.92110312 9.06288433 -4.59074736 1 1 0
v -2.42670822 9.06172848 -3.99941659 1 0 0
v -2.46344352 10.4734821 -3.98751473 1 1 0
v -1.92110312 9.06288433 -4.59074736 0 0 0
v -1.92700064 10.3440084 -4.73888302 0 1 0
v -1.82502913 9.834095 -1.12805843 1 0 0
v -2.01561594 10.9591846 -1.07958174 0 0 0
v -1.03384304 9.86448288 -0.764855087 1 1 0
v -1.35909629 11.120554 -0.635887206 0 1 0
v -0.798506558 8.92276382 -1.39128578 0 1 0
v -1.03384304 9.86448288 -0.764855087 1 1 0
v -0.00482614199 9.3291111 -1.42284656 0 0 0
v -0.214760348 10.3480654 -0.839318752 1 0 0
v -2.46344352 10.4734821 -3.98751473 0 0 0
v -2.35687661 12.0459013 -3.84105563 1 0 0
v -1.92700064 10.3440084 -4.73888302 0 1 0
v -1.56378114 11.5543213 -4.53247166 1 1 0
v -2.7833097 11.3191643 -3.09781313 1 1 0
v -2.35687661 12.0459013 -3.84105563 1 0 0
v -2.53072786 12.1791925 -2.99052358 0 1 0
v -2.51308203 12.9754305 -3.12421656 0 0 0
v -2.89045405 11.5888882 -1.92585456 0 0 0
v -2.53072786 12.1791925 -2.99052358 0 1 0
v -2.48444843 11.9847031 -1.29295814 1 0 0
v -2.82289267 12.8571863 -1.94860494 1 1 0
v -2.01561594 10.9591846 -1.07958174 1 1 0
v -2.48444843 11.9847031 -1.29295814 1 0 0
v -1.35909629 11.120554 -0.635887206 0 1 0
v -1.69072711 12.3423347 -0.890433848 0 0 0
v -0.00482614199 9.3291111 -1.42284656 0 0 0
v 0.114382096 8.65193558 -2.16504192 1 0 0
v 0.801164865 9.68980122 -1.47619402 0 1 0
v 0.792858064 9.19515419 -2.35305405 1 1 0
v -0.666478157 8.33962345 -2.12263441 1 1 0
v 0.114382096 8.65193558 -2.16504192 1 0 0
v -0.548721492 7.67890501 -2.80308938 0 1 0
v 0.170885146 8.22512531 -2.91795993 0 0 0
v -1.37358737 7.7353034 -2.90496826 0 0 0
v -0.548721492 7.67890501 -2.80308938 0 1 0
v -1.30168629 7.4663434 -3.6712687 1 0 0
v -0.528147817 7.42380857 -3.55236864 1 1 0
v -1.9386152 8.17429352 -3.78709793 1 1 0
v -1.30168629 7.4663434 -3.6712687 1 0 0
v -1.7679832 8.17997551 -4.34080362 0 1 0
v -1.19382668 7.93641853 -4.35318661 0 0 0
v -1.7679832 8.17997551 -4.34080362 0 1 0
v -1.92110312 9.06288433 -4.59074736 0 0 0
v -1.19382668 7.93641853 -4.35318661 1 1 0
v -1.23713171 8.69146061 -4.93492365 1 0 0
v -1.92110312 9.06288433 -4.59074736 1 1 0
v -1.92700064 10.3440084 -4.73888302 0 1 0
v -1.23713171 8.69146061 -4.93492365 1 0 0
v -1.19584155 9.92537403 -5.12751532 0 0 0
v -1.03384304 9.86448288 -0.764855087 0 0 0
v -1.35909629 11.120554 -0.635887206 0 1 0
v -0.214760348 10.3480654 -0.839318752 1 0 0
v -0.593997717 11.2658768 -0.439583272 1 1 0
v -0.00482614199 9.3291111 -1.42284656 1 1 0
v -0.214760348 10.3480654 -0.839318752 1 0 0
v 0.801164865 9.68980122 -1.47619402 0 1 0
v 0.637243509 10.9554901 -0.700846553 0 0 0
v -1.92700064 10.3440084 -4.73888302 0 1 0
v -1.56378114 11.5543213 -4.53247166 0 0 0
v -1.19584155 9.92537403 -5.12751532 1 1 0
v -0.816007555 10.9524508 -4.99988747 1 0 0
v -2.35687661 12.0459013 -3.84105563 1 0 0
v -1.56378114 11.5543213 -4.53247166 0 0 0
v -1.08584118 12.673418 -4.51451492 0 1 0
v -1.67440963 13.3075809 -3.78924847 1 1 0
v -2.53072786 12.1791925 -2.99052358 0 1 0
v -2.51308203 12.9754305 -3.12421656 1 1 0
v -2.82289267 12.8571863 -1.94860494 0 0 0
v -2.59209752 13.4047356 -2.45460224 1 0 0
v -2.35687661 12.0459013 -3.84105563 1 0 0
v -2.51308203 12.9754305 -3.12421656 1 1 0
v -1.67440963 13.3075809 -3.78924847 0 0 0
v -2.0086391 13.8424683 -3.05993509 0 1 0
v -2.48444843 11.9847031 -1.29295814 1 0 0
v -2.82289267 12.8571863 -1.94860494 0 0 0
v -1.69072711 12.3423347 -0.890433848 1 1 0
v -2.06853819 13.4980993 -1.42586207 0 1 0
v -1.35909629 11.120554 -0.635887206 0 1 0
v -1.69072711 12.3423347 -0.890433848 1 1 0
v -0.593997717 11.2658768 -0.439583272 0 0 0
v -0.780434251 12.5362902 -0.592411876 1 0 0
v 0.801164865 9.68980122 -1.47619402 0 1 0
v 0.792858064 9.19515419 -2.35305405 0 0 0
v 1.42693222 9.01665688 -1.69470489 1 1 0
v 1.36970735 9.43006039 -2.45541358 1 0 0
v 0.114382096 8.65193558 -2.16504192 1 0 0
v 0.792858064 9.19515419 -2.35305405 0 0 0
v 0.170885146 8.22512531 -2.91795993 1 1 0
v 0.860070765 9.29449844 -3.38597655 0 1 0
v -0.548721492 7.67890501 -2.80308938 0 1 0
v 0.170885146 8.22512531 -2.91795993 1 1 0
v -0.528147817 7.42380857 -3.55236864 0 0 0
v 0.0422534831 7.8886447 -3.46567512 1 0 0
v -1.30168629 7.4663434 -3.6712687 1 0 0
v -0.528147817 7.42380857 -3.55236864 0 0 0
v -1.19382668 7.93641853 -4.35318661 1 1 0
v -0.41378054 7.88116741 -4.24346304 0 1 0
v -1.19382668 7.93641853 -4.35318661 0 0 0
v -1.23713171 8.69146061 -4.93492365 1 0 0
v -0.41378054 7.88116741 -4.24346304 0 1 0
v -0.455317378 8.58651352 -4.90468025 1 1 0
v -1.23713171 8.69146061 -4.93492365 1 0 0
v -1.19584155 9.92537403 -5.12751532 1 1 0
v -0.455317378 8.58651352 -4.90468025 0 0 0
v -0.575565636 9.51083565 -5.12584782 0 1 0
v -0.214760348 10.3480654 -0.839318752 1 0 0
v -0.593997717 11.2658768 -0.439583272 0 0 0
v 0.637243509 10.9554901 -0.700846553 1 1 0
v 0.0098498445 11.0974417 -0.106160365 0 1 0
v 0.801164865 9.68980122 -1.47619402 0 1 0
v 0.637243509 10.9554901 -0.700846553 1 1 0
v 1.30679202 9.60492325 -0.384175897 0 0 0
v 0.968392551 9.92965126 0.0921687409 1 0 0
v -1.19584155 9.92537403 -5.12751532 0 0 0
v -0.816007555 10.9524508 -4.99988747 1 0 0
v -0.575565636 9.51083565 -5.12584782 0 1 0
v -0.19268088 10.1013365 -5.00068855 1 1 0
v -1.56378114 11.5543213 -4.53247166 1 1 0
v -0.816007555 10.9524508 -4.99988747 1 0 0
v -1.08584118 12.673418 -4.51451492 0 1 0
v -0.308607161 11.814661 -4.74290943 0 0 0
v -1.08584118 12.673418 -4.51451492 0 1 0
v -1.67440963 13.3075809 -3.78924847 0 0 0
v -0.359408647 13.8909121 -4.27207518 1 1 0
v -1.01096451 14.3271942 -3.57327056 1 0 0
v -2.51308203 12.9754305 -3.12421656 0 0 0
v -2.59209752 13.4047356 -2.45460224 1 0 0
v -2.0086391 13.8424683 -3.05993509 0 1 0
v -2.10853863 13.9801674 -2.22036195 1 1 0
v -2.82289267 12.8571863 -1.94860494 1 1 0
v -2.59209752 13.4047356 -2.45460224 1 0 0
v -2.06853819 13.4980993 -1.42586207 0 1 0
v -2.10853863 13.9801674 -2.22036195 0 0 0
v -1.67440963 13.3075809 -3.78924847 1 1 0
v -2.0086391 13.8424683 -3.05993509 0 1 0
v -1.01096451 14.3271942 -3.57327056 1 0 0
v -1.34918296 14.356122 -2.84708834 0 0 0
v -1.69072711 12.3423347 -0.890433848 0 0 0
v -2.06853819 13.4980993 -1.42586207 0 1 0
v -0.780434251 12.5362902 -0.592411876 1 0 0
v -1.18536544 13.7557669 -1.23592746 1 1 0
v -0.593997717 11.2658768 -0.439583272 1 1 0
v -0.780434251 12.5362902 -0.592411876 1 0 0
v 0.0098498445 11.0974417 -0.106160365 0 1 0
v -0.431656599 12.0687628 -0.116289079 0 0 0
v 0.801164865 9.68980122 -1.47619402 0 1 0
v 1.42693222 9.01665688 -1.69470489 0 0 0
v 1.30679202 9.60492325 -0.384175897 1 1 0
v 1.75022137 8.68805218 -0.763287783 1 0 0
v 1.42693222 9.01665688 -1.69470489 0 0 0
v 1.36970735 9.43006039 -2.45541358 1 0 0
v 2.05269957 8.34351158 -1.91321528 0 1 0
v 1.96631694 9.21342468 -2.84665489 1 1 0
v 0.792858064 9.19515419 -2.35305405 1 1 0
v 1.36970735 9.43006039 -2.45541358 1 0 0
v 0.860070765 9.29449844 -3.38597655 0 1 0
v 1.31834173 10.316453 -2.94967747 0 0 0
v 0.170885146 8.22512531 -2.91795993 0 0 0
v 0.860070765 9.29449844 -3.38597655 0 1 0
v 0.0422534831 7.8886447 -3.46567512 1 0 0
v 0.275046229 8.34121704 -3.97992635 1 1 0
v -0.528147817 7.42380857 -3.55236864 1 1 0
v 0.0422534831 7.8886447 -3.46567512 1 0 0
v -0.41378054 7.88116741 -4.24346304 0 1 0
v 0.275046229 8.34121704 -3.97992635 0 0 0
v -0.41378054 7.88116741 -4.24346304 0 1 0
v -0.455317378 8.58651352 -4.90468025 0 0 0
v 0.275046229 8.34121704 -3.97992635 1 1 0
v 0.161929652 9.14808369 -4.60455704 1 0 0
v -0.455317378 8.58651352 -4.90468025 1 1 0
v -0.575565636 9.51083565 -5.12584782 0 1 0
v -0.19268088 10.1013365 -5.00068855 0 0 0
v 0.161929652 9.14808369 -4.60455704 1 0 0
v 0.637243509 10.9554901 -0.700846553 0 0 0
v 0.0098498445 11.0974417 -0.106160365 0 1 0
v 0.968392551 9.92965126 0.0921687409 1 0 0
v 0.688594043 10.4300709 0.523448765 1 1 0
v 1.30679202 9.60492325 -0.384175897 1 1 0
v 0.968392551 9.92965126 0.0921687409 1 0 0
v 1.68697417 9.7473135 0.897680938 0 0 0
v 1.81241918 9.52004528 0.70784241 0 1 0
v -0.816007555 10.9524508 -4.99988747 1 0 0
v -0.19268088 10.1013365 -5.00068855 0 0 0
v -0.308607161 11.814661 -4.74290943 1 1 0
v 0.357821673 10.8378849 -4.84478331 0 1 0
v -1.08584118 12.673418 -4.51451492 0 1 0
v -0.308607161 11.814661 -4.74290943 1 1 0
v -0.359408647 13.8909121 -4.27207518 0 0 0
v 0.330762237 12.7466259 -4.51550102 1 0 0
v -0.359408647 13.8909121 -4.27207518 0 0 0
v -1.01096451 14.3271942 -3.57327056 1 0 0
v 0.384262681 14.338769 -3.48262811 0 1 0
v -0.361273229 14.6276627 -2.99286294 1 1 0
v -2.0086391 13.8424683 -3.05993509 0 1 0
v -2.10853863 13.9801674 -2.22036195 0 0 0
v -1.34918296 14.356122 -2.84708834 1 1 0
v -1.35711098 14.3128719 -2.06957316 1 0 0
v -2.06853819 13.4980993 -1.42586207 0 1 0
v -2.10853863 13.9801674 -2.22036195 1 1 0
v -1.18536544 13.7557669 -1.23592746 0 0 0
v -1.35711098 14.3128719 -2.06957316 1 0 0
v -1.01096451 14.3271942 -3.57327056 1 0 0
v -1.34918296 14.356122 -2.84708834 1 1 0
v -0.361273229 14.6276627 -2.99286294 0 0 0
v -0.814123869 14.6817083 -2.63676071 0 1 0
v -0.780434251 12.5362902 -0.592411876 1 0 0
v -1.18536544 13.7557669 -1.23592746 0 0 0
v -0.331809431 13.9599676 -1.11894143 0 1 0
v -0.133163318 12.5631514 -0.684604168 1 1 0
v 0.0098498445 11.0974417 -0.106160365 0 1 0
v -0.431656599 12.0687628 -0.116289079 1 1 0
v -0.421521932 10.7297888 0.30886656 0 0 0
v -0.756031334 11.6453638 0.0282945428 1 0 0
v -0.780434251 12.5362902 -0.592411876 1 0 0
v -0.431656599 12.0687628 -0.116289079 1 1 0
v -0.133163318 12.5631514 -0.684604168 0 0 0
v -0.235131517 12.7996235 0.150237665 0 1 0
v 1.30679202 9.60492325 -0.384175897 0 0 0
v 1.75022137 8.68805218 -0.763287783 1 0 0
v 1.81241918 9.52004528 0.70784241 0 1 0
v 2.30724049 8.80867004 -0.0220730808 1 1 0
v 1.42693222 9.01665688 -1.69470489 1 1 0
v 1.75022137 8.68805218 -0.763287783 1 0 0
v 2.05269957 8.34351158 -1.91321528 0 1 0
v 2.25518632 8.2113781 -1.00557554 0 0 0
v 2.05269957 8.34351158 -1.91321528 0 1 0
v 1.96631694 9.21342468 -2.84665489 0 0 0
v 2.95382428 8.45546341 -2.51227045 1 1 0
v 2.78039908 9.39566422 -3.14416385 1 0 0
v 1.36970735 9.43006039 -2.45541358 1 0 0
v 1.96631694 9.21342468 -2.84665489 0 0 0
v 1.31834173 10.316453 -2.94967747 1 1 0
v 2.09980154 10.7983303 -3.16334987 0 1 0
v 0.860070765 9.29449844 -3.38597655 0 1 0
v 1.31834173 10.316453 -2.94967747 1 1 0
v 1.19495702 10.7188377 -3.74299407 0 0 0
v 1.44430637 11.2211628 -3.21540022 1 0 0
v 0.860070765 9.29449844 -3.38597655 0 1 0
v 0.275046229 8.34121704 -3.97992635 0 0 0
v 0.161929652 9.14808369 -4.60455704 1 0 0
v 0.70689559 9.84464645 -4.34570742 1 1 0
v -0.19268088 10.1013365 -5.00068855 1 1 0
v 0.161929652 9.14808369 -4.60455704 1 0 0
v 0.357821673 10.8378849 -4.84478331 0 1 0
v 0.70689559 9.84464645 -4.34570742 0 0 0
v 0.0098498445 11.0974417 -0.106160365 0 1 0
v 0.688594043 10.4300709 0.523448765 0 0 0
v -0.421521932 10.7297888 0.30886656 1 1 0
v 0.0942820758 9.85008335 0.795268655 1 0 0
v 0.968392551 9.92965126 0.0921687409 1 0 0
v 0.688594043 10.4300709 0.523448765 0 0 0
v 1.68697417 9.7473135 0.897680938 1 1 0
v 1.5615294 9.97458076 1.08751953 0 1 0
v 1.68697417 9.7473135 0.897680938 1 1 0
v 1.81241918 9.52004528 0.70784241 0 1 0
v 2.54285932 10.2343445 0.968216598 0 0 0
v 2.22339654 10.1024876 1.03356004 1 0 0
v -0.308607161 11.814661 -4.74290943 0 0 0
v 0.357821673 10.8378849 -4.84478331 0 1 0
v 0.330762237 12.7466259 -4.51550102 1 0 0
v 0.792828918 11.5953856 -4.51979971 1 1 0
v -0.359408647 13.8909121 -4.27207518 1 1 0
v 0.330762237 12.7466259 -4.51550102 1 0 0
v 0.384262681 14.338769 -3.48262811 0 1 0
v 0.975079417 13.3522406 -3.93556428 0 0 0
v 0.384262681 14.338769 -3.48262811 0 1 0
v -0.361273229 14.6276627 -2.99286294 0 0 0
v 0.938391328 14.1148233 -2.39325762 1 1 0
v 0.144293144 14.510704 -2.11535931 1 0 0
v -1.34918296 14.356122 -2.84708834 0 0 0
v -1.35711098 14.3128719 -2.06957316 1 0 0
v -0.814123869 14.6817083 -2.63676071 0 1 0
v -0.652283549 14.5317211 -1.99321282 1 1 0
v -1.18536544 13.7557669 -1.23592746 1 1 0
v -1.35711098 14.3128719 -2.06957316 1 0 0
v -0.331809431 13.9599676 -1.11894143 0 1 0
v -0.652283549 14.5317211 -1.99321282 0 0 0
v -0.361273229 14.6276627 -2.99286294 1 1 0
v -0.814123869 14.6817083 -2.63676071 0 1 0
v 0.144293144 14.510704 -2.11535931 1 0 0
v -0.652283549 14.5317211 -1.99321282 0 0 0
v -0.331809431 13.9599676 -1.11894143 0 1 0
v -0.133163318 12.5631514 -0.684604168 0 0 0
v 0.451285332 13.5444727 -1.18626988 1 1 0
v 0.79770875 12.6700258 -0.350546181 1 0 0
v -0.431656599 12.0687628 -0.116289079 0 0 0
v -0.756031334 11.6453638 0.0282945428 1 0 0
v -0.235131517 12.7996235 0.150237665 0 1 0
v -0.817227721 12.467639 0.31550467 1 1 0
v -0.421521932 10.7297888 0.30886656 1 1 0
v -0.756031334 11.6453638 0.0282945428 1 0 0
v -1.25711966 11.4437809 0.344883919 0 0 0
v -1.11239326 10.2897873 0.567913294 0 1 0
v -0.133163318 12.5631514 -0.684604168 1 1 0
v -0.235131517 12.7996235 0.150237665 0 1 0
v 0.79770875 12.6700258 -0.350546181 1 0 0
v 0.28588137 13.5801954 0.453883916 0 0 0
v 1.81241918 9.52004528 0.70784241 0 1 0
v 2.30724049 8.80867004 -0.0220730808 0 0 0
v 2.54285932 10.2343445 0.968216598 1 1 0
v 3.17596674 9.22251129 0.249954805 1 0 0
v 1.75022137 8.68805218 -0.763287783 1 0 0
v 2.30724049 8.80867004 -0.0220730808 0 0 0
v 2.25518632 8.2113781 -1.00557554 1 1 0
v 2.55322051 8.1936264 -0.480434179 0 1 0
v 2.05269957 8.34351158 -1.91321528 0 1 0
v 2.25518632 8.2113781 -1.00557554 1 1 0
v 2.98493528 8.18551445 -1.41933191 0 0 0
v 2.80497599 8.09445953 -0.989465356 1 0 0
v 2.05269957 8.34351158 -1.91321528 0 1 0
v 2.95382428 8.45546341 -2.51227045 0 0 0
v 2.98493528 8.18551445 -1.41933191 1 1 0
v 3.44235492 8.66213799 -1.92652965 1 0 0
v 2.95382428 8.45546341 -2.51227045 0 0 0
v 2.78039908 9.39566422 -3.14416385 1 0 0
v 3.4893961 8.92669487 -2.79788637 0 1 0
v 3.46642041 9.87751961 -3.11884499 1 1 0
v 1.96631694 9.21342468 -2.84665489 1 1 0
v 2.78039908 9.39566422 -3.14416385 1 0 0
v 2.09980154 10.7983303 -3.16334987 0 1 0
v 2.88414955 10.7757101 -3.23441482 0 0 0
v 1.31834173 10.316453 -2.94967747 0 0 0
v 2.09980154 10.7983303 -3.16334987 0 1 0
v 1.44430637 11.2211628 -3.21540022 1 0 0
v 1.82782698 11.7218018 -2.9015069 1 1 0
v 0.860070765 9.29449844 -3.38597655 0 1 0
v 1.19495702 10.7188377 -3.74299407 1 1 0
v 0.70689559 9.84464645 -4.34570742 0 0 0
v 1.02840352 10.6570215 -4.26480865 1 0 0
v 1.19495702 10.7188377 -3.74299407 1 1 0
v 1.44430637 11.2211628 -3.21540022 1 0 0
v 1.47618008 12.2678442 -3.29943538 0 0 0
v 1.10534382 12.022294 -4.01682949 0 1 0
v 0.357821673 10.8378849 -4.84478331 0 1 0
v 0.70689559 9.84464645 -4.34570742 1 1 0
v 0.792828918 11.5953856 -4.51979971 0 0 0
v 1.02840352 10.6570215 -4.26480865 1 0 0
v -0.421521932 10.7297888 0.30886656 0 0 0
v 0.0942820758 9.85008335 0.795268655 1 0 0
v -1.11239326 10.2897873 0.567913294 0 1 0
v -0.629577935 9.41880703 1.14098632 1 1 0
v 0.688594043 10.4300709 0.523448765 1 1 0
v 0.0942820758 9.85008335 0.795268655 1 0 0
v 1.5615294 9.97458076 1.08751953 0 1 0
v 0.646818876 9.29387283 1.46868682 0 0 0
v 1.68697417 9.7473135 0.897680938 0 0 0
v 1.5615294 9.97458076 1.08751953 0 1 0
v 2.22339654 10.1024876 1.03356004 1 0 0
v 2.41741419 10.4616108 1.15805519 1 1 0
v 2.54285932 10.2343445 0.968216598 1 1 0
v 2.22339654 10.1024876 1.03356004 1 0 0
v 2.41741419 10.4616108 1.15805519 0 0 0
v 3.27329898 10.9486418 1.22859085 0 1 0
v 0.330762237 12.7466259 -4.51550102 1 0 0
v 0.792828918 11.5953856 -4.51979971 0 0 0
v 0.975079417 13.3522406 -3.93556428 1 1 0
v 1.10534382 12.022294 -4.01682949 0 1 0
v 0.384262681 14.338769 -3.48262811 0 1 0
v 0.975079417 13.3522406 -3.93556428 1 1 0
v 0.938391328 14.1148233 -2.39325762 0 0 0
v 1.42381334 13.3746662 -3.02339864 1 0 0
v 0.938391328 14.1148233 -2.39325762 0 0 0
v 0.144293144 14.510704 -2.11535931 1 0 0
v 0.451285332 13.5444727 -1.18626988 1 1 0
v 1.21584177 12.6023264 -1.10119116 0 1 0
v -0.331809431 13.9599676 -1.11894143 0 1 0
v 0.144293144 14.510704 -2.11535931 1 0 0
v -0.652283549 14.5317211 -1.99321282 1 1 0
v 0.451285332 13.5444727 -1.18626988 0 0 0
v 0.451285332 13.5444727 -1.18626988 0 0 0
v 0.79770875 12.6700258 -0.350546181 1 0 0
v 1.21584177 12.6023264 -1.10119116 0 1 0
v 0.924878418 13.82549 -0.05552046 1 1 0
v -0.235131517 12.7996235 0.150237665 0 1 0
v -0.817227721 12.467639 0.31550467 0 0 0
v -0.621480644 13.5890713 0.618858397 1 1 0
v -1.08223045 13.1368694 0.546876848 1 0 0
v -0.756031334 11.6453638 0.0282945428 1 0 0
v -0.817227721 12.467639 0.31550467 0 0 0
v -1.25711966 11.4437809 0.344883919 1 1 0
v -1.17333996 12.1814957 0.381188005 0 1 0
v -1.25711966 11.4437809 0.344883919 1 1 0
v -1.11239326 10.2897873 0.567913294 0 1 0
v -1.72415268 10.6822319 1.17595005 0 0 0
v -1.73589587 11.7609119 0.737507343 1 0 0
v -0.235131517 12.7996235 0.150237665 0 1 0
v 0.28588137 13.5801954 0.453883916 1 1 0
v -0.621480644 13.5890713 0.618858397 0 0 0
v -0.150692135 14.0016794 0.712418139 1 0 0
v 0.79770875 12.6700258 -0.350546181 1 0 0
v 0.28588137 13.5801954 0.453883916 1 1 0
v 0.924878418 13.82549 -0.05552046 0 0 0
v 0.633915246 15.0486555 0.990150213 0 1 0
v 2.54285932 10.2343445 0.968216598 0 0 0
v 3.17596674 9.22251129 0.249954805 1 0 0
v 3.27329898 10.9486418 1.22859085 0 1 0
v 3.82522178 10.2348785 0.769235432 1 1 0
v 2.30724049 8.80867004 -0.0220730808 1 1 0
v 3.17596674 9.22251129 0.249954805 1 0 0
v 2.55322051 8.1936264 -0.480434179 0 1 0
v 3.09191871 8.20859146 -0.391305029 0 0 0
v 2.25518632 8.2113781 -1.00557554 0 0 0
v 2.55322051 8.1936264 -0.480434179 0 1 0
v 2.80497599 8.09445953 -0.989465356 1 0 0
v 3.09191871 8.20859146 -0.391305029 1 1 0
v 2.98493528 8.18551445 -1.41933191 1 1 0
v 2.80497599 8.09445953 -0.989465356 1 0 0
v 3.09191871 8.20859146 -0.391305029 0 0 0
v 3.52880168 8.62564945 -0.901104152 0 1 0
v 2.98493528 8.18551445 -1.41933191 0 0 0
v 3.44235492 8.66213799 -1.92652965 1 0 0
v 3.52880168 8.62564945 -0.901104152 0 1 0
v 3.90237594 9.10320759 -1.35550749 1 1 0
v 2.95382428 8.45546341 -2.51227045 1 1 0
v 3.44235492 8.66213799 -1.92652965 1 0 0
v 3.4893961 8.92669487 -2.79788637 0 1 0
v 3.86974835 9.20324707 -2.33292913 0 0 0
v 3.4893961 8.92669487 -2.79788637 0 1 0
v 3.46642041 9.87751961 -3.11884499 0 0 0
v 3.86974835 9.20324707 -2.33292913 1 1 0
v 3.96893024 10.2203884 -2.68001723 1 0 0
v 2.78039908 9.39566422 -3.14416385 1 0 0
v 3.46642041 9.87751961 -3.11884499 0 0 0
v 2.88414955 10.7757101 -3.23441482 1 1 0
v 3.27922177 11.2193899 -3.09123135 0 1 0
v 2.09980154 10.7983303 -3.16334987 0 1 0
v 2.88414955 10.7757101 -3.23441482 1 1 0
v 2.68027687 12.1554155 -3.13165116 0 0 0
v 3.368191 11.757102 -3.06493449 1 0 0
v 2.09980154 10.7983303 -3.16334987 0 1 0
v 1.82782698 11.7218018 -2.9015069 0 0 0
v 2.68027687 12.1554155 -3.13165116 1 1 0
v 2.14978337 12.6701298 -3.06409597 1 0 0
v 1.44430637 11.2211628 -3.21540022 1 0 0
v 1.82782698 11.7218018 -2.9015069 0 0 0
v 1.47618008 12.2678442 -3.29943538 1 1 0
v 1.57732022 12.4932785 -2.82390833 0 1 0
v 1.19495702 10.7188377 -3.74299407 0 0 0
v 0.792828918 11.5953856 -4.51979971 1 1 0
v 1.02840352 10.6570215 -4.26480865 1 0 0
v 1.10534382 12.022294 -4.01682949 0 1 0
v 0.975079417 13.3522406 -3.93556428 0 0 0
v 1.47618008 12.2678442 -3.29943538 1 1 0
v 1.10534382 12.022294 -4.01682949 0 1 0
v 1.42381334 13.3746662 -3.02339864 1 0 0
v -1.11239326 10.2897873 0.567913294 0 1 0
v -0.629577935 9.41880703 1.14098632 0 0 0
v -1.72415268 10.6822319 1.17595005 1 1 0
v -1.32938325 9.58533287 1.73610508 1 0 0
v 0.0942820758 9.85008335 0.795268655 1 0 0
v -0.629577935 9.41880703 1.14098632 0 0 0
v 0.646818876 9.29387283 1.46868682 1 1 0
v -0.131424665 8.81152058 1.80013478 0 1 0
v 1.5615294 9.97458076 1.08751953 0 1 0
v 0.646818876 9.29387283 1.46868682 1 1 0
v 1.82863271 9.11278915 2.05998349 0 0 0
v 0.984135449 8.71795464 2.2876997 1 0 0
v 1.5615294 9.97458076 1.08751953 0 1 0
v 2.41741419 10.4616108 1.15805519 0 0 0
v 1.82863271 9.11278915 2.05998349 1 1 0
v 2.64508295 9.65366077 2.00008249 1 0 0
v 2.41741419 10.4616108 1.15805519 1 1 0
v 3.27329898 10.9486418 1.22859085 0 1 0
v 2.64508295 9.65366077 2.00008249 1 0 0
v 3.37325597 10.3948193 2.02650046 0 0 0
v 0.938391328 14.1148233 -2.39325762 1 1 0
v 1.42381334 13.3746662 -3.02339864 1 0 0
v 1.21584177 12.6023264 -1.10119116 0 1 0
v 1.4267199 13.0567112 -2.31122065 0 0 0
v 1.21584177 12.6023264 -1.10119116 0 1 0
v 0.924878418 13.82549 -0.05552046 0 0 0
v 1.83046198 13.0757589 -0.170732662 1 1 0
v 1.47606742 14.2035809 0.531098127 1 0 0
v -0.621480644 13.5890713 0.618858397 0 0 0
v -1.08223045 13.1368694 0.546876848 1 0 0
v -0.90447098 14.1389732 1.00992739 0 1 0
v -1.48115623 13.6589346 0.83011049 1 1 0
v -0.817227721 12.467639 0.31550467 1 1 0
v -1.08223045 13.1368694 0.546876848 1 0 0
v -1.17333996 12.1814957 0.381188005 0 1 0
v -1.48752654 12.5490026 0.558836699 0 0 0
v -1.25711966 11.4437809 0.344883919 0 0 0
v -1.17333996 12.1814957 0.381188005 0 1 0
v -1.73589587 11.7609119 0.737507343 1 0 0
v -1.48752654 12.5490026 0.558836699 1 1 0
v -1.72415268 10.6822319 1.17595005 1 1 0
v -1.73589587 11.7609119 0.737507343 1 0 0
v -2.03349423 12.5331163 1.1405592 0 0 0
v -2.26365042 11.6675816 1.91715956 0 1 0
v 0.28588137 13.5801954 0.453883916 0 0 0
v -0.150692135 14.0016794 0.712418139 1 0 0
v 0.633915246 15.0486555 0.990150213 0 1 0
v -0.292142004 14.6582212 1.06306243 1 1 0
v -0.621480644 13.5890713 0.618858397 1 1 0
v -0.150692135 14.0016794 0.712418139 1 0 0
v -0.90447098 14.1389732 1.00992739 0 1 0
v -0.292142004 14.6582212 1.06306243 0 0 0
v 0.924878418 13.82549 -0.05552046 1 1 0
v 0.633915246 15.0486555 0.990150213 0 1 0
v 1.47606742 14.2035809 0.531098127 1 0 0
v 1.11432981 15.2782011 1.14283442 0 0 0
v 3.27329898 10.9486418 1.22859085 0 1 0
v 3.82522178 10.2348785 0.769235432 0 0 0
v 3.36739302 11.9240875 1.23494267 1 1 0
v 4.19493055 11.3779383 1.01662207 1 0 0
v 3.17596674 9.22251129 0.249954805 1 0 0
v 3.82522178 10.2348785 0.769235432 0 0 0
v 4.40255737 10.1659269 0.100263178 0 1 0
v 3.88356781 9.36679745 -0.330517232 1 1 0
v 3.17596674 9.22251129 0.249954805 1 0 0
v 3.09191871 8.20859146 -0.391305029 1 1 0
v 3.52880168 8.62564945 -0.901104152 0 1 0
v 3.88356781 9.36679745 -0.330517232 0 0 0
v 3.52880168 8.62564945 -0.901104152 0 1 0
v 3.90237594 9.10320759 -1.35550749 0 0 0
v 3.88356781 9.36679745 -0.330517232 1 1 0
v 4.42742443 9.48930168 -0.894759595 1 0 0
v 3.44235492 8.66213799 -1.92652965 1 0 0
v 3.90237594 9.10320759 -1.35550749 0 0 0
v 3.86974835 9.20324707 -2.33292913 1 1 0
v 4.26473188 9.50325298 -1.83652365 0 1 0
v 3.86974835 9.20324707 -2.33292913 0 0 0
v 3.96893024 10.2203884 -2.68001723 1 0 0
v 4.26473188 9.50325298 -1.83652365 0 1 0
v 4.45788193 10.5509863 -2.22403097 1 1 0
v 3.46642041 9.87751961 -3.11884499 1 1 0
v 3.96893024 10.2203884 -2.68001723 1 0 0
v 3.27922177 11.2193899 -3.09123135 0 1 0
v 3.96512651 11.4090538 -2.85138464 0 0 0
v 2.88414955 10.7757101 -3.23441482 0 0 0
v 3.27922177 11.2193899 -3.09123135 0 1 0
v 3.368191 11.757102 -3.06493449 1 0 0
v 3.96512651 11.4090538 -2.85138464 1 1 0
v 2.68027687 12.1554155 -3.13165116 1 1 0
v 3.368191 11.757102 -3.06493449 1 0 0
v 3.91795683 12.7522974 -2.99947476 0 0 0
v 3.12102866 13.3329258 -3.07415462 0 1 0
v 2.68027687 12.1554155 -3.13165116 0 0 0
v 2.14978337 12.6701298 -3.06409597 1 0 0
v 3.12102866 13.3329258 -3.07415462 0 1 0
v 2.42034054 13.7514772 -2.98131895 1 1 0
v 1.82782698 11.7218018 -2.9015069 1 1 0
v 2.14978337 12.6701298 -3.06409597 1 0 0
v 1.57732022 12.4932785 -2.82390833 0 1 0
v 1.75679266 13.2414074 -2.78366327 0 0 0
v 1.47618008 12.2678442 -3.29943538 0 0 0
v 1.42381334 13.3746662 -3.02339864 1 0 0
v 1.57732022 12.4932785 -2.82390833 0 1 0
v 1.4267199 13.0567112 -2.31122065 1 1 0
v -1.72415268 10.6822319 1.17595005 0 0 0
v -1.32938325 9.58533287 1.73610508 1 0 0
v -2.26365042 11.6675816 1.91715956 0 1 0
v -1.71603465 10.3062057 2.47303939 1 1 0
v -0.629577935 9.41880703 1.14098632 1 1 0
v -1.32938325 9.58533287 1.73610508 1 0 0
v -0.131424665 8.81152058 1.80013478 0 1 0
v -0.789149582 8.86298943 2.27737808 0 0 0
v 0.646818876 9.29387283 1.46868682 0 0 0
v -0.131424665 8.81152058 1.80013478 0 1 0
v 0.984135449 8.71795464 2.2876997 1 0 0
v 0.216393858 8.56278133 2.50948739 1 1 0
v 1.82863271 9.11278915 2.05998349 1 1 0
v 0.984135449 8.71795464 2.2876997 1 0 0
v 1.16098595 8.48303318 3.20984674 0 0 0
v 2.02585721 8.7592783 3.02796102 0 1 0
v 1.82863271 9.11278915 2.05998349 0 0 0
v 2.64508295 9.65366077 2.00008249 1 0 0
v 2.02585721 8.7592783 3.02796102 0 1 0
v 2.74333525 9.33487988 2.90272284 1 1 0
v 3.27329898 10.9486418 1.22859085 0 1 0
v 3.37325597 10.3948193 2.02650046 1 1 0
v 3.36739302 11.9240875 1.23494267 0 0 0
v 3.91433835 11.4952106 1.99944913 1 0 0
v 2.64508295 9.65366077 2.00008249 1 0 0
v 3.37325597 10.3948193 2.02650046 1 1 0
v 2.74333525 9.33487988 2.90272284 0 0 0
v 3.29312563 10.2598906 2.98417091 0 1 0
v 1.21584177 12.6023264 -1.10119116 0 1 0
v 1.4267199 13.0567112 -2.31122065 1 1 0
v 1.55018985 14.0454035 -1.60608613 0 0 0
v 1.49881172 13.7376156 -2.36456251 1 0 0
v 1.21584177 12.6023264 -1.10119116 0 1 0
v 1.83046198 13.0757589 -0.170732662 0 0 0
v 1.87211096 14.1514578 -0.668615162 1 1 0
v 1.8158251 14.0492353 -0.0047965995 1 0 0
v 1.83046198 13.0757589 -0.170732662 0 0 0
v 1.47606742 14.2035809 0.531098127 1 0 0
v 2.44508171 13.5491943 0.759725869 0 1 0
v 2.04645634 14.6559153 1.17061698 1 1 0
v -0.90447098 14.1389732 1.00992739 0 1 0
v -1.48115623 13.6589346 0.83011049 0 0 0
v -1.29759681 14.3908472 1.52188373 1 1 0
v -1.92763472 13.700448 1.30376005 1 0 0
v -1.08223045 13.1368694 0.546876848 1 0 0
v -1.48115623 13.6589346 0.83011049 0 0 0
v -1.48752654 12.5490026 0.558836699 1 1 0
v -1.74758029 12.9800739 0.798556805 0 1 0
v -1.73589587 11.7609119 0.737507343 1 0 0
v -1.48752654 12.5490026 0.558836699 0 0 0
v -2.03349423 12.5331163 1.1405592 1 1 0
v -1.74758029 12.9800739 0.798556805 0 1 0
v -2.03349423 12.5331163 1.1405592 1 1 0
v -2.26365042 11.6675816 1.91715956 0 1 0
v -1.92763472 13.700448 1.30376005 1 0 0
v -2.32189274 13.4067011 1.97197342 0 0 0
v 0.633915246 15.0486555 0.990150213 0 1 0
v -0.292142004 14.6582212 1.06306243 0 0 0
v 0.113682136 15.7982283 1.57870662 1 1 0
v -0.59809649 15.036418 1.62325943 1 0 0
v -0.90447098 14.1389732 1.00992739 0 1 0
v -0.292142004 14.6582212 1.06306243 1 1 0
v -1.29759681 14.3908472 1.52188373 0 0 0
v -0.59809649 15.036418 1.62325943 1 0 0
v 0.633915246 15.0486555 0.990150213 0 1 0
v 1.11432981 15.2782011 1.14283442 1 1 0
v 0.113682136 15.7982283 1.57870662 0 0 0
v 0.724165261 16.1135654 1.49382269 1 0 0
v 1.47606742 14.2035809 0.531098127 1 0 0
v 1.11432981 15.2782011 1.14283442 1 1 0
v 2.04645634 14.6559153 1.17061698 0 0 0
v 1.56362402 15.6063585 1.65548062 0 1 0
v 3.36739302 11.9240875 1.23494267 0 0 0
v 4.19493055 11.3779383 1.01662207 1 0 0
v 3.46148682 12.8995314 1.24129486 0 1 0
v 4.43971968 12.5516253 1.10565686 1 1 0
v 3.82522178 10.2348785 0.769235432 1 1 0
v 4.19493055 11.3779383 1.01662207 1 0 0
v 4.40255737 10.1659269 0.100263178 0 1 0
v 4.81067848 11.151351 0.355280101 0 0 0
v 4.40255737 10.1659269 0.100263178 0 1 0
v 3.88356781 9.36679745 -0.330517232 0 0 0
v 4.42742443 9.48930168 -0.894759595 1 0 0
v 4.93446159 10.0065975 -0.4566001 1 1 0
v 3.90237594 9.10320759 -1.35550749 1 1 0
v 4.42742443 9.48930168 -0.894759595 1 0 0
v 4.26473188 9.50325298 -1.83652365 0 1 0
v 4.88772249 9.64596558 -1.43323016 0 0 0
v 4.26473188 9.50325298 -1.83652365 0 1 0
v 4.45788193 10.5509863 -2.22403097 0 0 0
v 4.88772249 9.64596558 -1.43323016 1 1 0
v 5.2711997 10.5108318 -1.91437018 1 0 0
v 3.96893024 10.2203884 -2.68001723 1 0 0
v 4.45788193 10.5509863 -2.22403097 0 0 0
v 3.96512651 11.4090538 -2.85138464 1 1 0
v 4.65103197 11.5987206 -2.61153793 0 1 0
v 3.368191 11.757102 -3.06493449 1 0 0
v 3.96512651 11.4090538 -2.85138464 0 0 0
v 3.91795683 12.7522974 -2.99947476 1 1 0
v 4.65103197 11.5987206 -2.61153793 0 1 0
v 3.91795683 12.7522974 -2.99947476 1 1 0
v 3.12102866 13.3329258 -3.07415462 0 1 0
v 3.28824043 14.3903208 -2.51705146 0 0 0
v 4.07479477 13.8361034 -2.39342761 1 0 0
v 3.12102866 13.3329258 -3.07415462 0 1 0
v 2.42034054 13.7514772 -2.98131895 0 0 0
v 3.28824043 14.3903208 -2.51705146 1 1 0
v 2.52072001 14.4163876 -2.51499605 1 0 0
v 2.14978337 12.6701298 -3.06409597 1 0 0
v 2.42034054 13.7514772 -2.98131895 0 0 0
v 1.75679266 13.2414074 -2.78366327 1 1 0
v 2.00245547 13.7584333 -2.80910921 0 1 0
v 1.57732022 12.4932785 -2.82390833 0 1 0
v 1.4267199 13.0567112 -2.31122065 0 0 0
v 1.75679266 13.2414074 -2.78366327 1 1 0
v 1.49881172 13.7376156 -2.36456251 1 0 0
v -2.26365042 11.6675816 1.91715956 0 1 0
v -1.71603465 10.3062057 2.47303939 0 0 0
v -2.18638587 12.1686554 2.87993288 1 1 0
v -1.63394535 11.196744 3.18367958 1 0 0
v -1.32938325 9.58533287 1.73610508 1 0 0
v -1.71603465 10.3062057 2.47303939 0 0 0
v -0.789149582 8.86298943 2.27737808 1 1 0
v -1.05809796 9.51771545 2.92926216 0 1 0
v -0.131424665 8.81152058 1.80013478 0 1 0
v -0.789149582 8.86298943 2.27737808 1 1 0
v 0.216393858 8.56278133 2.50948739 0 0 0
v -0.328577191 8.74947929 2.68478322 1 0 0
v 0.984135449 8.71795464 2.2876997 1 0 0
v 0.216393858 8.56278133 2.50948739 0 0 0
v 1.16098595 8.48303318 3.20984674 1 1 0
v 0.323302031 8.66101456 3.30064178 0 1 0
v 1.16098595 8.48303318 3.20984674 1 1 0
v 2.02585721 8.7592783 3.02796102 0 1 0
v 2.14982247 9.11983109 3.90748048 0 0 0
v 1.28580475 9.02144337 4.11078215 1 0 0
v 2.02585721 8.7592783 3.02796102 0 1 0
v 2.74333525 9.33487988 2.90272284 0 0 0
v 2.14982247 9.11983109 3.90748048 1 1 0
v 2.70961404 9.43951893 3.60796499 1 0 0
v 3.37325597 10.3948193 2.02650046 0 0 0
v 3.91433835 11.4952106 1.99944913 1 0 0
v 3.29312563 10.2598906 2.98417091 0 1 0
v 3.68365335 11.493885 3.00779819 1 1 0
v 3.36739302 11.9240875 1.23494267 1 1 0
v 3.91433835 11.4952106 1.99944913 1 0 0
v 3.46148682 12.8995314 1.24129486 0 1 0
v 3.73154521 12.8090792 1.965114 0 0 0
v 2.74333525 9.33487988 2.90272284 1 1 0
v 3.29312563 10.2598906 2.98417091 0 1 0
v 2.70961404 9.43951893 3.60796499 1 0 0
v 2.99944878 10.3208466 3.82021546 0 0 0
v 1.21584177 12.6023264 -1.10119116 0 1 0
v 1.55018985 14.0454035 -1.60608613 1 1 0
v 1.87211096 14.1514578 -0.668615162 0 0 0
v 2.15420127 14.5835619 -1.28694344 1 0 0
v 1.55018985 14.0454035 -1.60608613 1 1 0
v 1.49881172 13.7376156 -2.36456251 1 0 0
v 1.9392103 14.2800589 -2.40110183 0 0 0
v 1.930583 14.3907595 -1.98150313 0 1 0
v 1.87211096 14.1514578 -0.668615162 0 0 0
v 1.8158251 14.0492353 -0.0047965995 1 0 0
v 2.69720936 14.5929756 -0.346119642 0 1 0
v 2.52903199 14.2552004 0.307307541 1 1 0
v 1.83046198 13.0757589 -0.170732662 1 1 0
v 1.8158251 14.0492353 -0.0047965995 1 0 0
v 2.44508171 13.5491943 0.759725869 0 1 0
v 2.52903199 14.2552004 0.307307541 0 0 0
v 2.44508171 13.5491943 0.759725869 0 1 0
v 2.04645634 14.6559153 1.17061698 0 0 0
v 2.88590431 14.1373806 1.64856422 1 1 0
v 2.43667126 14.777112 1.95755637 1 0 0
v -1.29759681 14.3908472 1.52188373 0 0 0
v -1.92763472 13.700448 1.30376005 1 0 0
v -2.32189274 13.4067011 1.97197342 1 1 0
v -1.62409663 14.3270979 2.18574333 0 1 0
v -1.48115623 13.6589346 0.83011049 1 1 0
v -2.03349423 12.5331163 1.1405592 0 0 0
v -1.92763472 13.700448 1.30376005 1 0 0
v -1.74758029 12.9800739 0.798556805 0 1 0
v -2.26365042 11.6675816 1.91715956 0 1 0
v -2.32189274 13.4067011 1.97197342 1 1 0
v -2.18638587 12.1686554 2.87993288 0 0 0
v -2.2345202 13.2372742 2.64691305 1 0 0
v 0.113682136 15.7982283 1.57870662 0 0 0
v -0.59809649 15.036418 1.62325943 1 0 0
v 0.0136674214 15.991581 2.53239918 0 1 0
v -0.84817791 15.0224123 2.35590458 1 1 0
v -1.29759681 14.3908472 1.52188373 1 1 0
v -0.59809649 15.036418 1.62325943 1 0 0
v -1.62409663 14.3270979 2.18574333 0 1 0
v -0.84817791 15.0224123 2.35590458 0 0 0
v 1.11432981 15.2782011 1.14283442 0 0 0
v 0.724165261 16.1135654 1.49382269 1 0 0
v 1.56362402 15.6063585 1.65548062 0 1 0
v 0.939496577 16.3027668 2.10920429 1 1 0
v 0.113682136 15.7982283 1.57870662 1 1 0
v 0.724165261 16.1135654 1.49382269 1 0 0
v 0.0136674214 15.991581 2.53239918 0 1 0
v 0.939496577 16.3027668 2.10920429 0 0 0
v 2.04645634 14.6559153 1.17061698 1 1 0
v 1.56362402 15.6063585 1.65548062 0 1 0
v 2.43667126 14.777112 1.95755637 1 0 0
v 1.94338298 15.4833612 2.35570884 0 0 0
v 3.46148682 12.8995314 1.24129486 0 1 0
v 4.43971968 12.5516253 1.10565686 0 0 0
v 3.8778193 13.9117537 0.786329567 1 1 0
v 4.4842658 13.5092764 0.809125721 1 0 0
v 4.19493055 11.3779383 1.01662207 1 0 0
v 4.43971968 12.5516253 1.10565686 0 0 0
v 4.81067848 11.151351 0.355280101 1 1 0
v 4.9323082 12.3992548 0.34923625 0 1 0
v 4.40255737 10.1659269 0.100263178 0 1 0
v 4.81067848 11.151351 0.355280101 1 1 0
v 4.93446159 10.0065975 -0.4566001 0 0 0
v 5.24399853 11.0884867 -0.372578293 1 0 0
v 4.42742443 9.48930168 -0.894759595 1 0 0
v 4.93446159 10.0065975 -0.4566001 0 0 0
v 4.88772249 9.64596558 -1.43323016 1 1 0
v 5.2316227 10.0731087 -0.99967742 0 1 0
v 4.88772249 9.64596558 -1.43323016 0 0 0
v 5.2711997 10.5108318 -1.91437018 1 0 0
v 5.2316227 10.0731087 -0.99967742 0 1 0
v 5.4913435 10.9254446 -1.1263845 1 1 0
v 4.45788193 10.5509863 -2.22403097 1 1 0
v 5.2711997 10.5108318 -1.91437018 1 0 0
v 4.65103197 11.5987206 -2.61153793 0 1 0
v 5.20273304 11.7963085 -1.96960592 0 0 0
v 3.91795683 12.7522974 -2.99947476 0 0 0
v 4.65103197 11.5987206 -2.61153793 0 1 0
v 4.07479477 13.8361034 -2.39342761 1 0 0
v 4.69280863 13.0876608 -2.12246418 1 1 0
v 3.28824043 14.3903208 -2.51705146 1 1 0
v 4.07479477 13.8361034 -2.39342761 1 0 0
v 4.03043604 14.6300001 -1.64726579 0 0 0
v 3.19904733 14.7356396 -1.77354765 0 1 0
v 3.28824043 14.3903208 -2.51705146 0 0 0
v 2.52072001 14.4163876 -2.51499605 1 0 0
v 3.19904733 14.7356396 -1.77354765 0 1 0
v 2.45813012 14.6140947 -1.8458972 1 1 0
v 2.42034054 13.7514772 -2.98131895 1 1 0
v 2.52072001 14.4163876 -2.51499605 1 0 0
v 2.00245547 13.7584333 -2.80910921 0 1 0
v 1.9392103 14.2800589 -2.40110183 0 0 0
v 1.75679266 13.2414074 -2.78366327 0 0 0
v 1.49881172 13.7376156 -2.36456251 1 0 0
v 2.00245547 13.7584333 -2.80910921 0 1 0
v 1.9392103 14.2800589 -2.40110183 1 1 0
v -2.18638587 12.1686554 2.87993288 0 0 0
v -1.63394535 11.196744 3.18367958 1 0 0
v -1.66296625 13.0103426 3.29596066 0 1 0
v -1.38275123 12.1167574 3.72491145 1 1 0
v -1.71603465 10.3062057 2.47303939 1 1 0
v -1.63394535 11.196744 3.18367958 1 0 0
v -1.05809796 9.51771545 2.92926216 0 1 0
v -1.07400537 10.3585386 3.58811283 0 0 0
v -0.789149582 8.86298943 2.27737808 0 0 0
v -1.05809796 9.51771545 2.92926216 0 1 0
v -0.328577191 8.74947929 2.68478322 1 0 0
v -0.410765558 9.01076508 3.25135922 1 1 0
v 0.216393858 8.56278133 2.50948739 1 1 0
v -0.328577191 8.74947929 2.68478322 1 0 0
v 0.323302031 8.66101456 3.30064178 0 1 0
v -0.410765558 9.01076508 3.25135922 0 0 0
v 1.16098595 8.48303318 3.20984674 0 0 0
v 0.323302031 8.66101456 3.30064178 0 1 0
v 1.28580475 9.02144337 4.11078215 1 0 0
v 0.381203979 9.2977438 4.09289026 1 1 0
v 2.14982247 9.11983109 3.90748048 1 1 0
v 1.28580475 9.02144337 4.11078215 1 0 0
v 1.4276104 10.2707434 4.68407679 0 0 0
v 2.33873153 10.3004112 4.41591311 0 1 0
v 2.14982247 9.11983109 3.90748048 0 0 0
v 2.70961404 9.43951893 3.60796499 1 0 0
v 2.99944878 10.3208466 3.82021546 1 1 0
v 2.33873153 10.3004112 4.41591311 0 1 0
v 3.29312563 10.2598906 2.98417091 0 1 0
v 3.68365335 11.493885 3.00779819 0 0 0
v 2.99944878 10.3208466 3.82021546 1 1 0
v 3.21407962 11.6910324 3.89716339 1 0 0
v 3.91433835 11.4952106 1.99944913 1 0 0
v 3.68365335 11.493885 3.00779819 0 0 0
v 3.73154521 12.8090792 1.965114 1 1 0
v 3.54242921 12.8044643 2.83736777 0 1 0
v 3.46148682 12.8995314 1.24129486 0 1 0
v 3.73154521 12.8090792 1.965114 1 1 0
v 2.95328426 13.2243614 1.00051045 0 0 0
v 3.21776009 13.4603643 1.79621983 1 0 0
v 1.55018985 14.0454035 -1.60608613 0 0 0
v 2.15420127 14.5835619 -1.28694344 1 0 0
v 1.930583 14.3907595 -1.98150313 0 1 0
v 2.45813012 14.6140947 -1.8458972 1 1 0
v 1.87211096 14.1514578 -0.668615162 1 1 0
v 2.15420127 14.5835619 -1.28694344 1 0 0
v 2.69720936 14.5929756 -0.346119642 0 1 0
v 2.97233176 14.793479 -1.03336024 0 0 0
v 2.52072001 14.4163876 -2.51499605 1 0 0
v 1.9392103 14.2800589 -2.40110183 1 1 0
v 1.930583 14.3907595 -1.98150313 0 1 0
v 2.45813012 14.6140947 -1.8458972 0 0 0
v 2.69720936 14.5929756 -0.346119642 0 1 0
v 2.52903199 14.2552004 0.307307541 0 0 0
v 3.49239111 14.3821554 -0.134298325 1 1 0
v 3.21463561 14.0685806 0.548144341 1 0 0
v 2.44508171 13.5491943 0.759725869 0 1 0
v 2.52903199 14.2552004 0.307307541 1 1 0
v 2.95328426 13.2243614 1.00051045 0 0 0
v 3.21463561 14.0685806 0.548144341 1 0 0
v 2.44508171 13.5491943 0.759725869 0 1 0
v 2.88590431 14.1373806 1.64856422 0 0 0
v 2.95328426 13.2243614 1.00051045 1 1 0
v 3.21776009 13.4603643 1.79621983 1 0 0
v 2.88590431 14.1373806 1.64856422 0 0 0
v 2.43667126 14.777112 1.95755637 1 0 0
v 3.04732227 14.2099771 2.28012109 0 1 0
v 2.80367804 14.7438421 2.62000847 1 1 0
v -2.32189274 13.4067011 1.97197342 0 0 0
v -1.62409663 14.3270979 2.18574333 0 1 0
v -2.2345202 13.2372742 2.64691305 1 0 0
v -1.72456551 13.885602 2.85731435 1 1 0
v -2.18638587 12.1686554 2.87993288 1 1 0
v -2.2345202 13.2372742 2.64691305 1 0 0
v -1.66296625 13.0103426 3.29596066 0 1 0
v -1.72456551 13.885602 2.85731435 0 0 0
v 0.0136674214 15.991581 2.53239918 0 1 0
v -0.84817791 15.0224123 2.35590458 0 0 0
v -0.271097809 15.0299006 3.30429888 1 1 0
v -1.02153492 14.4594812 3.03355765 1 0 0
v -1.62409663 14.3270979 2.18574333 0 1 0
v -0.84817791 15.0224123 2.35590458 1 1 0
v -1.72456551 13.885602 2.85731435 0 0 0
v -1.02153492 14.4594812 3.03355765 1 0 0
v 1.56362402 15.6063585 1.65548062 0 1 0
v 0.939496577 16.3027668 2.10920429 0 0 0
v 1.94338298 15.4833612 2.35570884 1 1 0
v 1.33199334 15.9735384 2.75798512 1 0 0
v 0.0136674214 15.991581 2.53239918 0 1 0
v 0.939496577 16.3027668 2.10920429 1 1 0
v 1.33199334 15.9735384 2.75798512 1 0 0
v 0.704000652 15.9484644 3.16491103 0 0 0
v 2.43667126 14.777112 1.95755637 1 0 0
v 1.94338298 15.4833612 2.35570884 1 1 0
v 2.80367804 14.7438421 2.62000847 0 0 0
v 2.31328416 15.3585129 3.04490614 0 1 0
v 3.46148682 12.8995314 1.24129486 0 1 0
v 3.8778193 13.9117537 0.786329567 0 0 0
v 2.95328426 13.2243614 1.00051045 1 1 0
v 3.21463561 14.0685806 0.548144341 1 0 0
v 3.8778193 13.9117537 0.786329567 0 0 0
v 4.4842658 13.5092764 0.809125721 1 0 0
v 4.19797945 14.1086168 0.0725903437 0 1 0
v 4.78642273 13.4832783 0.191735134 1 1 0
v 4.43971968 12.5516253 1.10565686 1 1 0
v 4.4842658 13.5092764 0.809125721 1 0 0
v 4.9323082 12.3992548 0.34923625 0 1 0
v 4.78642273 13.4832783 0.191735134 0 0 0
v 4.81067848 11.151351 0.355280101 0 0 0
v 4.9323082 12.3992548 0.34923625 0 1 0
v 5.24399853 11.0884867 -0.372578293 1 0 0
v 5.19421148 12.2604818 -0.45060423 1 1 0
v 4.93446159 10.0065975 -0.4566001 1 1 0
v 5.24399853 11.0884867 -0.372578293 1 0 0
v 5.2316227 10.0731087 -0.99967742 0 1 0
v 5.4913435 10.9254446 -1.1263845 0 0 0
v 5.2711997 10.5108318 -1.91437018 1 0 0
v 5.4913435 10.9254446 -1.1263845 0 0 0
v 5.20273304 11.7963085 -1.96960592 1 1 0
v 5.39772797 12.1375227 -1.22923625 0 1 0
v 4.65103197 11.5987206 -2.61153793 0 1 0
v 5.20273304 11.7963085 -1.96960592 1 1 0
v 4.69280863 13.0876608 -2.12246418 0 0 0
v 4.97311735 12.6401234 -1.79219258 1 0 0
v 4.07479477 13.8361034 -2.39342761 1 0 0
v 4.69280863 13.0876608 -2.12246418 0 0 0
v 4.03043604 14.6300001 -1.64726579 1 1 0
v 4.67174768 13.8620749 -1.4472518 0 1 0
v 4.03043604 14.6300001 -1.64726579 1 1 0
v 3.19904733 14.7356396 -1.77354765 0 1 0
v 2.97233176 14.793479 -1.03336024 0 0 0
v 3.798172 14.8056488 -0.82359308 1 0 0
v 2.15420127 14.5835619 -1.28694344 1 0 0
v 3.19904733 14.7356396 -1.77354765 0 1 0
v 2.45813012 14.6140947 -1.8458972 0 0 0
v 2.97233176 14.793479 -1.03336024 1 1 0
v -1.66296625 13.0103426 3.29596066 0 1 0
v -1.38275123 12.1167574 3.72491145 0 0 0
v -1.13798761 13.819417 3.64715576 1 1 0
v -1.0270381 13.0308447 4.1184392 1 0 0
v -1.63394535 11.196744 3.18367958 1 0 0
v -1.38275123 12.1167574 3.72491145 0 0 0
v -1.07400537 10.3585386 3.58811283 1 1 0
v -0.859125614 11.3926258 4.03538418 0 1 0
v -1.05809796 9.51771545 2.92926216 0 1 0
v -1.07400537 10.3585386 3.58811283 1 1 0
v -0.410765558 9.01076508 3.25135922 0 0 0
v -0.354427338 9.8312397 3.84550023 1 0 0
v 0.323302031 8.66101456 3.30064178 0 1 0
v -0.410765558 9.01076508 3.25135922 1 1 0
v 0.381203979 9.2977438 4.09289026 0 0 0
v -0.354427338 9.8312397 3.84550023 1 0 0
v 1.28580475 9.02144337 4.11078215 1 0 0
v 0.381203979 9.2977438 4.09289026 0 0 0
v 1.4276104 10.2707434 4.68407679 1 1 0
v 0.518899202 10.4606695 4.63346529 0 1 0
v 1.4276104 10.2707434 4.68407679 1 1 0
v 2.33873153 10.3004112 4.41591311 0 1 0
v 2.5561974 11.9232473 4.72297192 0 0 0
v 1.54308283 11.7352114 4.78359175 1 0 0
v 2.99944878 10.3208466 3.82021546 0 0 0
v 2.33873153 10.3004112 4.41591311 0 1 0
v 3.21407962 11.6910324 3.89716339 1 0 0
v 2.5561974 11.9232473 4.72297192 1 1 0
v 3.68365335 11.493885 3.00779819 1 1 0
v 3.21407962 11.6910324 3.89716339 1 0 0
v 3.54242921 12.8044643 2.83736777 0 1 0
v 3.10147309 13.0503626 3.58751154 0 0 0
v 3.73154521 12.8090792 1.965114 0 0 0
v 3.54242921 12.8044643 2.83736777 0 1 0
v 3.21776009 13.4603643 1.79621983 1 0 0
v 3.20977974 13.6077452 2.53151369 1 1 0
v 2.69720936 14.5929756 -0.346119642 0 1 0
v 2.97233176 14.793479 -1.03336024 1 1 0
v 3.49239111 14.3821554 -0.134298325 0 0 0
v 3.798172 14.8056488 -0.82359308 1 0 0
v 3.8778193 13.9117537 0.786329567 1 1 0
v 3.49239111 14.3821554 -0.134298325 0 0 0
v 3.21463561 14.0685806 0.548144341 1 0 0
v 4.19797945 14.1086168 0.0725903437 0 1 0
v 2.88590431 14.1373806 1.64856422 1 1 0
v 3.21776009 13.4603643 1.79621983 1 0 0
v 3.04732227 14.2099771 2.28012109 0 1 0
v 3.20977974 13.6077452 2.53151369 0 0 0
v 3.04732227 14.2099771 2.28012109 0 1 0
v 2.80367804 14.7438421 2.62000847 0 0 0
v 3.20977974 13.6077452 2.53151369 1 1 0
v 2.9817574 14.0728559 3.15643573 1 0 0
v -1.66296625 13.0103426 3.29596066 0 1 0
v -1.72456551 13.885602 2.85731435 1 1 0
v -1.02153492 14.4594812 3.03355765 1 0 0
v -1.13798761 13.819417 3.64715576 0 0 0
v 0.0136674214 15.991581 2.53239918 0 1 0
v -0.271097809 15.0299006 3.30429888 0 0 0
v 0.704000652 15.9484644 3.16491103 1 1 0
v 0.364728212 15.5239725 3.74408007 1 0 0
v -0.271097809 15.0299006 3.30429888 0 0 0
v -1.02153492 14.4594812 3.03355765 1 0 0
v -1.13798761 13.819417 3.64715576 1 1 0
v -0.517485321 14.5041704 3.95795393 0 1 0
v 1.94338298 15.4833612 2.35570884 0 0 0
v 1.33199334 15.9735384 2.75798512 1 0 0
v 2.31328416 15.3585129 3.04490614 0 1 0
v 1.66264224 15.6241674 3.34348392 1 1 0
v 1.33199334 15.9735384 2.75798512 1 0 0
v 0.704000652 15.9484644 3.16491103 1 1 0
v 1.66264224 15.6241674 3.34348392 0 0 0
v 1.15768933 15.8567638 3.53761148 0 1 0
v 2.80367804 14.7438421 2.62000847 1 1 0
v 2.31328416 15.3585129 3.04490614 0 1 0
v 2.9817574 14.0728559 3.15643573 1 0 0
v 2.35245228 14.449955 3.57583356 0 0 0
v 4.19797945 14.1086168 0.0725903437 0 1 0
v 4.78642273 13.4832783 0.191735134 0 0 0
v 4.48442745 14.1715546 -0.676160097 1 1 0
v 4.95008087 13.3131762 -0.551158428 1 0 0
v 4.9323082 12.3992548 0.34923625 0 1 0
v 4.78642273 13.4832783 0.191735134 1 1 0
v 5.19421148 12.2604818 -0.45060423 0 0 0
v 4.95008087 13.3131762 -0.551158428 1 0 0
v 5.24399853 11.0884867 -0.372578293 1 0 0
v 5.4913435 10.9254446 -1.1263845 1 1 0
v 5.19421148 12.2604818 -0.45060423 0 0 0
v 5.39772797 12.1375227 -1.22923625 0 1 0
v 5.20273304 11.7963085 -1.96960592 0 0 0
v 5.39772797 12.1375227 -1.22923625 0 1 0
v 4.97311735 12.6401234 -1.79219258 1 0 0
v 4.97546768 12.9773111 -1.25496256 1 1 0
v 4.69280863 13.0876608 -2.12246418 1 1 0
v 4.97311735 12.6401234 -1.79219258 1 0 0
v 4.67174768 13.8620749 -1.4472518 0 1 0
v 4.97546768 12.9773111 -1.25496256 0 0 0
v 4.03043604 14.6300001 -1.64726579 0 0 0
v 4.67174768 13.8620749 -1.4472518 0 1 0
v 3.798172 14.8056488 -0.82359308 1 0 0
v 4.48442745 14.1715546 -0.676160097 1 1 0
v -1.13798761 13.819417 3.64715576 0 0 0
v -1.0270381 13.0308447 4.1184392 1 0 0
v -0.517485321 14.5041704 3.95795393 0 1 0
v -0.585377276 13.7630281 4.4974947 1 1 0
v -1.38275123 12.1167574 3.72491145 1 1 0
v -1.0270381 13.0308447 4.1184392 1 0 0
v -0.859125614 11.3926258 4.03538418 0 1 0
v -0.607291996 12.3291826 4.3774147 0 0 0
v -1.07400537 10.3585386 3.58811283 0 0 0
v -0.859125614 11.3926258 4.03538418 0 1 0
v -0.354427338 9.8312397 3.84550023 1 0 0
v -0.177727848 10.9212818 4.2674818 1 1 0
v 0.381203979 9.2977438 4.09289026 1 1 0
v -0.354427338 9.8312397 3.84550023 1 0 0
v 0.518899202 10.4606695 4.63346529 0 1 0
v -0.177727848 10.9212818 4.2674818 0 0 0
v 1.4276104 10.2707434 4.68407679 0 0 0
v 0.518899202 10.4606695 4.63346529 0 1 0
v 1.54308283 11.7352114 4.78359175 1 0 0
v 0.699092627 11.764123 4.75083256 1 1 0
v 2.5561974 11.9232473 4.72297192 1 1 0
v 1.54308283 11.7352114 4.78359175 1 0 0
v 1.49614251 12.8922882 4.56057072 0 0 0
v 2.25535512 13.2902365 4.05785608 0 1 0
v 3.21407962 11.6910324 3.89716339 1 0 0
v 2.5561974 11.9232473 4.72297192 0 0 0
v 3.10147309 13.0503626 3.58751154 1 1 0
v 2.25535512 13.2902365 4.05785608 0 1 0
v 3.54242921 12.8044643 2.83736777 0 1 0
v 3.10147309 13.0503626 3.58751154 1 1 0
v 3.20977974 13.6077452 2.53151369 0 0 0
v 2.9817574 14.0728559 3.15643573 1 0 0
v 3.49239111 14.3821554 -0.134298325 1 1 0
v 4.19797945 14.1086168 0.0725903437 0 1 0
v 3.798172 14.8056488 -0.82359308 1 0 0
v 4.48442745 14.1715546 -0.676160097 0 0 0
v 0.704000652 15.9484644 3.16491103 0 0 0
v 0.364728212 15.5239725 3.74408007 1 0 0
v 1.15768933 15.8567638 3.53761148 0 1 0
v 1.09094441 15.5464869 4.05967426 1 1 0
v -0.271097809 15.0299006 3.30429888 1 1 0
v 0.364728212 15.5239725 3.74408007 1 0 0
v -0.517485321 14.5041704 3.95795393 0 1 0
v 0.22260572 14.7410908 4.26742411 0 0 0
v 2.31328416 15.3585129 3.04490614 0 1 0
v 1.66264224 15.6241674 3.34348392 0 0 0
v 2.35245228 14.449955 3.57583356 1 1 0
v 1.78452849 15.0645094 3.93543959 1 0 0
v 1.66264224 15.6241674 3.34348392 1 1 0
v 1.15768933 15.8567638 3.53761148 0 1 0
v 1.09094441 15.5464869 4.05967426 0 0 0
v 1.78452849 15.0645094 3.93543959 1 0 0
v 3.10147309 13.0503626 3.58751154 0 0 0
v 2.9817574 14.0728559 3.15643573 1 0 0
v 2.35245228 14.449955 3.57583356 1 1 0
v 2.25535512 13.2902365 4.05785608 0 1 0
v 4.67174768 13.8620749 -1.4472518 0 1 0
v 4.48442745 14.1715546 -0.676160097 0 0 0
v 4.95008087 13.3131762 -0.551158428 1 0 0
v 4.97546768 12.9773111 -1.25496256 1 1 0
v 5.19421148 12.2604818 -0.45060423 1 1 0
v 5.39772797 12.1375227 -1.22923625 0 1 0
v 4.95008087 13.3131762 -0.551158428 1 0 0
v 4.97546768 12.9773111 -1.25496256 0 0 0
v -0.517485321 14.5041704 3.95795393 0 1 0
v -0.585377276 13.7630281 4.4974947 0 0 0
v 0.22260572 14.7410908 4.26742411 1 1 0
v 0.12621972 13.9703035 4.71690035 1 0 0
v -1.0270381 13.0308447 4.1184392 1 0 0
v -0.585377276 13.7630281 4.4974947 0 0 0
v -0.607291996 12.3291826 4.3774147 1 1 0
v -0.432664305 13.0043783 4.67419958 0 1 0
v -0.859125614 11.3926258 4.03538418 0 1 0
v -0.607291996 12.3291826 4.3774147 1 1 0
v -0.177727848 10.9212818 4.2674818 0 0 0
v -0.00474396953 11.9852467 4.56508493 1 0 0
v 0.518899202 10.4606695 4.63346529 0 1 0
v -0.177727848 10.9212818 4.2674818 1 1 0
v 0.699092627 11.764123 4.75083256 0 0 0
v -0.00474396953 11.9852467 4.56508493 1 0 0
v 1.54308283 11.7352114 4.78359175 1 0 0
v 0.699092627 11.764123 4.75083256 0 0 0
v 1.49614251 12.8922882 4.56057072 1 1 0
v 0.800228238 12.8727598 4.76078939 0 1 0
v 1.49614251 12.8922882 4.56057072 1 1 0
v 2.25535512 13.2902365 4.05785608 0 1 0
v 1.64066553 13.9703159 4.25653505 0 0 0
v 1.32477772 13.5565042 4.47164583 1 0 0
v 0.364728212 15.5239725 3.74408007 1 0 0
v 1.09094441 15.5464869 4.05967426 0 0 0
v 0.22260572 14.7410908 4.26742411 1 1 0
v 1.0259763 14.6503954 4.4552145 0 1 0
v 2.35245228 14.449955 3.57583356 0 0 0
v 2.25535512 13.2902365 4.05785608 0 1 0
v 1.78452849 15.0645094 3.93543959 1 0 0
v 1.64066553 13.9703159 4.25653505 1 1 0
v 1.09094441 15.5464869 4.05967426 1 1 0
v 1.78452849 15.0645094 3.93543959 1 0 0
v 1.64066553 13.9703159 4.25653505 0 0 0
v 1.0259763 14.6503954 4.4552145 0 1 0
v 0.22260572 14.7410908 4.26742411 0 0 0
v 0.12621972 13.9703035 4.71690035 1 0 0
v 1.0259763 14.6503954 4.4552145 0 1 0
v 0.814505875 13.7553215 4.58848 1 1 0
v -0.585377276 13.7630281 4.4974947 1 1 0
v 0.12621972 13.9703035 4.71690035 1 0 0
v -0.432664305 13.0043783 4.67419958 0 1 0
v 0.107986383 12.9353781 4.78338671 0 0 0
v -0.607291996 12.3291826 4.3774147 0 0 0
v -0.432664305 13.0043783 4.67419958 0 1 0
v -0.00474396953 11.9852467 4.56508493 1 0 0
v 0.107986383 12.9353781 4.78338671 1 1 0
v 0.699092627 11.764123 4.75083256 1 1 0
v -0.00474396953 11.9852467 4.56508493 1 0 0
v 0.800228238 12.8727598 4.76078939 0 1 0
v 0.107986383 12.9353781 4.78338671 0 0 0
v 1.49614251 12.8922882 4.56057072 0 0 0
v 0.800228238 12.8727598 4.76078939 0 1 0
v 1.32477772 13.5565042 4.47164583 1 0 0
v 0.814505875 13.7553215 4.58848 1 1 0
v 1.64066553 13.9703159 4.25653505 1 1 0
v 1.32477772 13.5565042 4.47164583 1 0 0
v 1.0259763 14.6503954 4.4552145 0 1 0
v 0.814505875 13.7553215 4.58848 0 0 0
v 0.12621972 13.9703035 4.71690035 1 0 0
v 0.800228238 12.8727598 4.76078939 0 1 0
v 0.814505875 13.7553215 4.58848 0 0 0
v 0.107986383 12.9353781 4.78338671 1 1 0
vn -0.949992299 -0.297009647 0.0964358225
vn -0.806219816 -0.450208068 0.38382563
vn -0.689616442 -0.605081618 0.397875398
vn -0.869795144 -0.397001326 0.292995632
vn -0.949992299 -0.297009647 0.0964358225
vn -0.806219816 -0.450208068 0.38382563
vn -0.790023029 -0.277904421 0.546473265
vn -0.978487194 -0.191460073 0.0768484622
vn -0.806219816 -0.450208068 0.38382563
vn -0.689616442 -0.605081618 0.397875398
vn -0.405781299 -0.606568873 0.683677971
vn -0.314014852 -0.759385407 0.569849491
vn -0.689616442 -0.605081618 0.397875398
vn -0.869795144 -0.397001326 0.292995632
vn -0.772018611 -0.616555095 0.15442276
vn -0.954583466 -0.29665941 0.0276241377
vn -0.949992299 -0.297009647 0.0964358225
vn -0.869795144 -0.397001326 0.292995632
vn -0.954583466 -0.29665941 0.0276241377
vn -0.985252917 -0.108647928 -0.13218154
vn -0.806219816 -0.450208068 0.38382563
vn -0.790023029 -0.277904421 0.546473265
vn -0.405781299 -0.606568873 0.683677971
vn -0.518916368 -0.276186794 0.808978736
vn -0.949992299 -0.297009647 0.0964358225
vn -0.978487194 -0.191460073 0.0768484622
vn -0.985252917 -0.108647928 -0.13218154
vn -0.973795891 0.101238295 -0.203647256
vn -0.790023029 -0.277904421 0.546473265
vn -0.978487194 -0.191460073 0.0768484622
vn -0.967363596 0.16742596 0.190199271
vn -0.713142872 -0.0484405085 0.699343026
vn -0.405781299 -0.606568873 0.683677971
vn -0.314014852 -0.759385407 0.569849491
vn 0.133704409 -0.642520607 0.754513085
vn 0.117619894 -0.734955311 0.667837024
vn -0.689616442 -0.605081618 0.397875398
vn -0.314014852 -0.759385407 0.569849491
vn -0.772018611 -0.616555095 0.15442276
vn -0.411247343 -0.794890344 0.44612205
vn -0.772018611 -0.616555095 0.15442276
vn -0.954583466 -0.29665941 0.0276241377
vn -0.799506545 -0.586105585 -0.131411836
vn -0.888813794 -0.23944889 -0.390735686
vn -0.954583466 -0.29665941 0.0276241377
vn -0.985252917 -0.108647928 -0.13218154
vn -0.888813794 -0.23944889 -0.390735686
vn -0.909439385 0.0451376177 -0.413379431
vn -0.790023029 -0.277904421 0.546473265
vn -0.518916368 -0.276186794 0.808978736
vn -0.713142872 -0.0484405085 0.699343026
vn -0.570016086 -0.110413603 0.814180851
vn -0.405781299 -0.606568873 0.683677971
vn -0.518916368 -0.276186794 0.808978736
vn 0.133704409 -0.642520607 0.754513085
vn -0.0490442812 -0.330308467 0.942597985
vn -0.985252917 -0.108647928 -0.13218154
vn -0.973795891 0.101238295 -0.203647256
vn -0.909439385 0.0451376177 -0.413379431
vn -0.742732584 0.214059532 -0.634450197
vn -0.978487194 -0.191460073 0.0768484622
vn -0.973795891 0.101238295 -0.203647256
vn -0.967363596 0.16742596 0.190199271
vn -0.975192547 0.13314493 0.17683804
vn -0.967363596 0.16742596 0.190199271
vn -0.713142872 -0.0484405085 0.699343026
vn -0.570016086 -0.110413603 0.814180851
vn -0.673347831 0.059901379 0.736895204
vn 0.133704409 -0.642520607 0.754513085
vn 0.117619894 -0.734955311 0.667837024
vn 0.304659605 -0.548992157 0.77832514
vn 0.487337142 -0.674839795 0.554160357
vn -0.314014852 -0.759385407 0.569849491
vn 0.117619894 -0.734955311 0.667837024
vn -0.411247343 -0.794890344 0.44612205
vn 0.272187173 -0.798073173 0.537580788
vn -0.772018611 -0.616555095 0.15442276
vn -0.411247343 -0.794890344 0.44612205
vn -0.799506545 -0.586105585 -0.131411836
vn -0.427003443 -0.885834396 -0.181562752
vn -0.799506545 -0.586105585 -0.131411836
vn -0.888813794 -0.23944889 -0.390735686
vn -0.597287059 -0.519234955 -0.611263573
vn -0.643220365 -0.184973747 -0.743002236
vn -0.888813794 -0.23944889 -0.390735686
vn -0.909439385 0.0451376177 -0.413379431
vn -0.643220365 -0.184973747 -0.743002236
vn -0.633962989 0.110003509 -0.76549983
vn -0.518916368 -0.276186794 0.808978736
vn -0.570016086 -0.110413603 0.814180851
vn -0.0490442812 -0.330308467 0.942597985
vn -0.389598548 -0.0501806103 0.919616699
vn 0.133704409 -0.642520607 0.754513085
vn -0.0490442812 -0.330308467 0.942597985
vn 0.304659605 -0.548992157 0.77832514
vn 0.216463536 -0.388973087 0.895457149
vn -0.909439385 0.0451376177 -0.413379431
vn -0.742732584 0.214059532 -0.634450197
vn -0.633962989 0.110003509 -0.76549983
vn -0.464391798 0.248718768 -0.849987805
vn -0.973795891 0.101238295 -0.203647256
vn -0.742732584 0.214059532 -0.634450197
vn -0.975192547 0.13314493 0.17683804
vn -0.893610477 0.233000547 -0.383628726
vn -0.967363596 0.16742596 0.190199271
vn -0.975192547 0.13314493 0.17683804
vn -0.673347831 0.059901379 0.736895204
vn -0.976665556 0.10248068 0.188737065
vn -0.570016086 -0.110413603 0.814180851
vn -0.673347831 0.059901379 0.736895204
vn -0.389598548 -0.0501806103 0.919616699
vn -0.417925209 0.171937406 0.892062783
vn 0.304659605 -0.548992157 0.77832514
vn 0.487337142 -0.674839795 0.554160357
vn -0.294129491 -0.743237019 0.600905061
vn 0.541684151 -0.818037152 0.193373725
vn 0.117619894 -0.734955311 0.667837024
vn 0.487337142 -0.674839795 0.554160357
vn 0.272187173 -0.798073173 0.537580788
vn 0.763829947 -0.576498389 0.290195256
vn -0.411247343 -0.794890344 0.44612205
vn 0.272187173 -0.798073173 0.537580788
vn -0.427003443 -0.885834396 -0.181562752
vn 0.319994062 -0.942523897 -0.0961874947
vn -0.799506545 -0.586105585 -0.131411836
vn -0.427003443 -0.885834396 -0.181562752
vn -0.597287059 -0.519234955 -0.611263573
vn -0.11829631 -0.707215846 -0.697030485
vn -0.597287059 -0.519234955 -0.611263573
vn -0.643220365 -0.184973747 -0.743002236
vn -0.11829631 -0.707215846 -0.697030485
vn -0.293741196 -0.346980631 -0.890685499
vn -0.643220365 -0.184973747 -0.743002236
vn -0.633962989 0.110003509 -0.76549983
vn -0.293741196 -0.346980631 -0.890685499
vn -0.254828066 0.0254653059 -0.966650963
vn -0.0490442812 -0.330308467 0.942597985
vn -0.389598548 -0.0501806103 0.919616699
vn 0.216463536 -0.388973087 0.895457149
vn -0.365629137 -0.18659541 0.911864519
vn 0.304659605 -0.548992157 0.77832514
vn 0.216463536 -0.388973087 0.895457149
vn -0.294129491 -0.743237019 0.600905061
vn -0.578894138 -0.723407626 0.376248628
vn -0.633962989 0.110003509 -0.76549983
vn -0.464391798 0.248718768 -0.849987805
vn -0.254828066 0.0254653059 -0.966650963
vn -0.0732384101 0.232355475 -0.969869554
vn -0.742732584 0.214059532 -0.634450197
vn -0.464391798 0.248718768 -0.849987805
vn -0.340863824 0.260209918 -0.90338397
vn -0.577036321 0.422965914 -0.698662221
vn -0.975192547 0.13314493 0.17683804
vn -0.893610477 0.233000547 -0.383628726
vn -0.976665556 0.10248068 0.188737065
vn -0.85713017 0.479810476 -0.187375963
vn -0.742732584 0.214059532 -0.634450197
vn -0.893610477 0.233000547 -0.383628726
vn -0.577036321 0.422965914 -0.698662221
vn -0.643801212 0.622375309 -0.4451617
vn -0.673347831 0.059901379 0.736895204
vn -0.976665556 0.10248068 0.188737065
vn -0.417925209 0.171937406 0.892062783
vn -0.550210297 0.446476012 0.705639601
vn -0.389598548 -0.0501806103 0.919616699
vn -0.417925209 0.171937406 0.892062783
vn -0.365629137 -0.18659541 0.911864519
vn -0.258115649 0.333351284 0.906781793
vn -0.294129491 -0.743237019 0.600905061
vn 0.541684151 -0.818037152 0.193373725
vn -0.747191668 -0.650706172 -0.135225743
vn -0.254164875 -0.680693984 -0.687063217
vn 0.487337142 -0.674839795 0.554160357
vn 0.541684151 -0.818037152 0.193373725
vn 0.763829947 -0.576498389 0.290195256
vn 0.900986791 -0.406318456 -0.152077556
vn 0.272187173 -0.798073173 0.537580788
vn 0.763829947 -0.576498389 0.290195256
vn 0.319994062 -0.942523897 -0.0961874947
vn 0.761407912 -0.648085356 0.0155967521
vn -0.427003443 -0.885834396 -0.181562752
vn 0.319994062 -0.942523897 -0.0961874947
vn -0.11829631 -0.707215846 -0.697030485
vn 0.36326918 -0.717193365 -0.594700694
vn -0.11829631 -0.707215846 -0.697030485
vn -0.293741196 -0.346980631 -0.890685499
vn 0.36326918 -0.717193365 -0.594700694
vn 0.327781081 -0.410745859 -0.850792229
vn -0.293741196 -0.346980631 -0.890685499
vn -0.254828066 0.0254653059 -0.966650963
vn 0.327781081 -0.410745859 -0.850792229
vn 0.147474393 -0.0888445675 -0.985067248
vn 0.216463536 -0.388973087 0.895457149
vn -0.365629137 -0.18659541 0.911864519
vn -0.578894138 -0.723407626 0.376248628
vn -0.492394 -0.788382769 -0.36878261
vn -0.294129491 -0.743237019 0.600905061
vn -0.578894138 -0.723407626 0.376248628
vn -0.690685093 -0.671828389 0.267583013
vn -0.776266515 -0.629031897 0.0415803716
vn -0.254828066 0.0254653059 -0.966650963
vn -0.0732384101 0.232355475 -0.969869554
vn 0.147474393 -0.0888445675 -0.985067248
vn 0.326314837 -0.0276649762 -0.944856167
vn -0.464391798 0.248718768 -0.849987805
vn -0.0732384101 0.232355475 -0.969869554
vn -0.340863824 0.260209918 -0.90338397
vn 0.0624923445 0.223835841 -0.972621083
vn -0.340863824 0.260209918 -0.90338397
vn -0.577036321 0.422965914 -0.698662221
vn 0.000487264537 0.514693737 -0.857374072
vn -0.427289248 0.734722733 -0.526883841
vn -0.893610477 0.233000547 -0.383628726
vn -0.85713017 0.479810476 -0.187375963
vn -0.643801212 0.622375309 -0.4451617
vn -0.635923624 0.757324159 0.148528814
vn -0.976665556 0.10248068 0.188737065
vn -0.85713017 0.479810476 -0.187375963
vn -0.550210297 0.446476012 0.705639601
vn -0.635923624 0.757324159 0.148528814
vn -0.577036321 0.422965914 -0.698662221
vn -0.643801212 0.622375309 -0.4451617
vn -0.427289248 0.734722733 -0.526883841
vn -0.543682873 0.831515789 -0.113975115
vn -0.417925209 0.171937406 0.892062783
vn -0.550210297 0.446476012 0.705639601
vn -0.258115649 0.333351284 0.906781793
vn -0.28850314 0.565156579 0.77289331
vn -0.365629137 -0.18659541 0.911864519
vn -0.258115649 0.333351284 0.906781793
vn -0.492394 -0.788382769 -0.36878261
vn -0.983183444 -0.0465853773 -0.176577762
vn -0.294129491 -0.743237019 0.600905061
vn -0.747191668 -0.650706172 -0.135225743
vn -0.690685093 -0.671828389 0.267583013
vn -0.714333057 -0.635974407 0.292001039
vn -0.747191668 -0.650706172 -0.135225743
vn -0.254164875 -0.680693984 -0.687063217
vn -0.515726864 -0.80217123 -0.300910652
vn -0.414012969 -0.413769335 -0.81079483
vn 0.541684151 -0.818037152 0.193373725
vn -0.254164875 -0.680693984 -0.687063217
vn 0.900986791 -0.406318456 -0.152077556
vn 0.593129098 -0.351736188 -0.724209607
vn 0.763829947 -0.576498389 0.290195256
vn 0.900986791 -0.406318456 -0.152077556
vn 0.761407912 -0.648085356 0.0155967521
vn 0.782139063 -0.469433188 -0.409745067
vn 0.319994062 -0.942523897 -0.0961874947
vn 0.761407912 -0.648085356 0.0155967521
vn 0.36326918 -0.717193365 -0.594700694
vn 0.782139063 -0.469433188 -0.409745067
vn 0.36326918 -0.717193365 -0.594700694
vn 0.327781081 -0.410745859 -0.850792229
vn 0.782139063 -0.469433188 -0.409745067
vn 0.632828474 -0.260625064 -0.729110897
vn 0.327781081 -0.410745859 -0.850792229
vn 0.147474393 -0.0888445675 -0.985067248
vn 0.326314837 -0.0276649762 -0.944856167
vn 0.632828474 -0.260625064 -0.729110897
vn -0.578894138 -0.723407626 0.376248628
vn -0.492394 -0.788382769 -0.36878261
vn -0.776266515 -0.629031897 0.0415803716
vn -0.315382779 -0.8565346 -0.408512294
vn -0.690685093 -0.671828389 0.267583013
vn -0.776266515 -0.629031897 0.0415803716
vn -0.233725891 -0.696070611 0.678865194
vn -0.242691845 -0.729289055 0.639717162
vn -0.0732384101 0.232355475 -0.969869554
vn 0.326314837 -0.0276649762 -0.944856167
vn 0.0624923445 0.223835841 -0.972621083
vn 0.417354137 0.0191521719 -0.908542037
vn -0.340863824 0.260209918 -0.90338397
vn 0.0624923445 0.223835841 -0.972621083
vn 0.000487264537 0.514693737 -0.857374072
vn 0.291820496 0.239615217 -0.925972641
vn 0.000487264537 0.514693737 -0.857374072
vn -0.427289248 0.734722733 -0.526883841
vn 0.457681715 0.78546226 -0.416624665
vn 0.0957167149 0.968471169 -0.230004549
vn -0.643801212 0.622375309 -0.4451617
vn -0.635923624 0.757324159 0.148528814
vn -0.543682873 0.831515789 -0.113975115
vn -0.379480183 0.859225094 0.343113452
vn -0.550210297 0.446476012 0.705639601
vn -0.635923624 0.757324159 0.148528814
vn -0.28850314 0.565156579 0.77289331
vn -0.379480183 0.859225094 0.343113452
vn -0.427289248 0.734722733 -0.526883841
vn -0.543682873 0.831515789 -0.113975115
vn 0.0957167149 0.968471169 -0.230004549
vn -0.275697559 0.961222291 -0.00655182498
vn -0.258115649 0.333351284 0.906781793
vn -0.28850314 0.565156579 0.77289331
vn 0.0797315165 0.58141619 0.809690356
vn -0.154715836 0.701172888 0.696002305
vn -0.492394 -0.788382769 -0.36878261
vn -0.983183444 -0.0465853773 -0.176577762
vn -0.202731401 -0.461509824 -0.863659859
vn -0.40495339 -0.0938110277 -0.909512103
vn -0.258115649 0.333351284 0.906781793
vn -0.983183444 -0.0465853773 -0.176577762
vn -0.154715836 0.701172888 0.696002305
vn -0.602294087 0.481467456 -0.636734486
vn -0.690685093 -0.671828389 0.267583013
vn -0.714333057 -0.635974407 0.292001039
vn -0.242691845 -0.729289055 0.639717162
vn -0.210771263 -0.710652649 0.671228886
vn -0.747191668 -0.650706172 -0.135225743
vn -0.714333057 -0.635974407 0.292001039
vn -0.515726864 -0.80217123 -0.300910652
vn -0.467455864 -0.879718184 0.0870681405
vn -0.515726864 -0.80217123 -0.300910652
vn -0.414012969 -0.413769335 -0.81079483
vn 0.0544168651 -0.854461908 -0.516656101
vn -0.0430358499 -0.289054483 -0.956344783
vn -0.254164875 -0.680693984 -0.687063217
vn -0.414012969 -0.413769335 -0.81079483
vn 0.593129098 -0.351736188 -0.724209607
vn -0.20686619 -0.00685884571 -0.978345156
vn 0.900986791 -0.406318456 -0.152077556
vn 0.593129098 -0.351736188 -0.724209607
vn 0.944185436 -0.159608439 -0.288165331
vn 0.869467974 -0.16039148 -0.467225999
vn 0.900986791 -0.406318456 -0.152077556
vn 0.782139063 -0.469433188 -0.409745067
vn 0.632828474 -0.260625064 -0.729110897
vn 0.75976932 -0.304185331 -0.574649215
vn 0.326314837 -0.0276649762 -0.944856167
vn 0.632828474 -0.260625064 -0.729110897
vn 0.417354137 0.0191521719 -0.908542037
vn 0.75976932 -0.304185331 -0.574649215
vn -0.492394 -0.788382769 -0.36878261
vn -0.315382779 -0.8565346 -0.408512294
vn -0.202731401 -0.461509824 -0.863659859
vn 0.0814131126 -0.589571476 -0.803602457
vn -0.776266515 -0.629031897 0.0415803716
vn -0.315382779 -0.8565346 -0.408512294
vn -0.233725891 -0.696070611 0.678865194
vn 0.0850582346 -0.97856307 -0.187561452
vn -0.233725891 -0.696070611 0.678865194
vn -0.242691845 -0.729289055 0.639717162
vn 0.287963629 -0.573915422 0.766614735
vn 0.205168098 -0.559192479 0.803249478
vn 0.0624923445 0.223835841 -0.972621083
vn 0.417354137 0.0191521719 -0.908542037
vn 0.291820496 0.239615217 -0.925972641
vn 0.645589232 0.119062625 -0.754346132
vn 0.000487264537 0.514693737 -0.857374072
vn 0.291820496 0.239615217 -0.925972641
vn 0.457681715 0.78546226 -0.416624665
vn 0.67089349 0.34899649 -0.6542961
vn 0.457681715 0.78546226 -0.416624665
vn 0.0957167149 0.968471169 -0.230004549
vn 0.726395607 0.654169381 0.210740358
vn 0.316349 0.877174556 0.361231387
vn -0.543682873 0.831515789 -0.113975115
vn -0.379480183 0.859225094 0.343113452
vn -0.275697559 0.961222291 -0.00655182498
vn -0.126815945 0.889438927 0.439108253
vn -0.28850314 0.565156579 0.77289331
vn -0.379480183 0.859225094 0.343113452
vn 0.0797315165 0.58141619 0.809690356
vn -0.126815945 0.889438927 0.439108253
vn 0.0957167149 0.968471169 -0.230004549
vn -0.275697559 0.961222291 -0.00655182498
vn 0.316349 0.877174556 0.361231387
vn -0.126815945 0.889438927 0.439108253
vn 0.0797315165 0.58141619 0.809690356
vn -0.154715836 0.701172888 0.696002305
vn 0.572529554 0.662938476 0.482413292
vn -0.811590254 0.581495404 -0.0564292781
vn -0.983183444 -0.0465853773 -0.176577762
vn -0.40495339 -0.0938110277 -0.909512103
vn -0.602294087 0.481467456 -0.636734486
vn -0.369462252 0.226430327 -0.901236355
vn -0.202731401 -0.461509824 -0.863659859
vn -0.40495339 -0.0938110277 -0.909512103
vn -0.589768827 -0.0826884061 -0.803327739
vn -0.475731075 -0.439807445 -0.761740923
vn -0.154715836 0.701172888 0.696002305
vn -0.602294087 0.481467456 -0.636734486
vn -0.811590254 0.581495404 -0.0564292781
vn -0.312525928 0.431632191 -0.84618032
vn -0.242691845 -0.729289055 0.639717162
vn -0.210771263 -0.710652649 0.671228886
vn 0.287963629 -0.573915422 0.766614735
vn 0.284547627 -0.570123553 0.770708501
vn -0.714333057 -0.635974407 0.292001039
vn -0.210771263 -0.710652649 0.671228886
vn -0.467455864 -0.879718184 0.0870681405
vn -0.331380188 -0.83796525 0.433591396
vn -0.515726864 -0.80217123 -0.300910652
vn -0.467455864 -0.879718184 0.0870681405
vn 0.360683203 -0.89788264 -0.252416223
vn 0.0268874764 -0.999631703 -0.00370740076
vn -0.515726864 -0.80217123 -0.300910652
vn 0.0544168651 -0.854461908 -0.516656101
vn 0.360683203 -0.89788264 -0.252416223
vn 0.674181104 -0.722327232 -0.154022932
vn 0.0544168651 -0.854461908 -0.516656101
vn -0.0430358499 -0.289054483 -0.956344783
vn 0.455813766 -0.497170955 -0.738278151
vn 0.413697839 -0.0880149379 -0.906149805
vn -0.414012969 -0.413769335 -0.81079483
vn -0.0430358499 -0.289054483 -0.956344783
vn -0.20686619 -0.00685884571 -0.978345156
vn 0.127277568 0.0261930637 -0.991521358
vn 0.593129098 -0.351736188 -0.724209607
vn -0.20686619 -0.00685884571 -0.978345156
vn 0.869467974 -0.16039148 -0.467225999
vn -0.100322165 0.162652284 -0.981570184
vn 0.900986791 -0.406318456 -0.152077556
vn 0.944185436 -0.159608439 -0.288165331
vn 0.75976932 -0.304185331 -0.574649215
vn 0.840083599 -0.0993222743 -0.533286572
vn 0.944185436 -0.159608439 -0.288165331
vn 0.869467974 -0.16039148 -0.467225999
vn 0.929727256 0.0432550348 -0.365699977
vn 0.854675829 0.0428996012 -0.517386436
vn 0.417354137 0.0191521719 -0.908542037
vn 0.75976932 -0.304185331 -0.574649215
vn 0.645589232 0.119062625 -0.754346132
vn 0.840083599 -0.0993222743 -0.533286572
vn -0.202731401 -0.461509824 -0.863659859
vn 0.0814131126 -0.589571476 -0.803602457
vn -0.475731075 -0.439807445 -0.761740923
vn -0.270540476 -0.716602206 -0.642875254
vn -0.315382779 -0.8565346 -0.408512294
vn 0.0814131126 -0.589571476 -0.803602457
vn 0.0850582346 -0.97856307 -0.187561452
vn 0.209672064 -0.714682102 -0.667283416
vn -0.233725891 -0.696070611 0.678865194
vn 0.0850582346 -0.97856307 -0.187561452
vn 0.205168098 -0.559192479 0.803249478
vn 0.459474593 -0.846436262 0.269126117
vn 0.287963629 -0.573915422 0.766614735
vn 0.205168098 -0.559192479 0.803249478
vn 0.459474593 -0.846436262 0.269126117
vn 0.804524124 -0.407974333 0.431622267
vn 0.291820496 0.239615217 -0.925972641
vn 0.645589232 0.119062625 -0.754346132
vn 0.67089349 0.34899649 -0.6542961
vn 0.854675829 0.0428996012 -0.517386436
vn 0.457681715 0.78546226 -0.416624665
vn 0.67089349 0.34899649 -0.6542961
vn 0.726395607 0.654169381 0.210740358
vn 0.924037933 0.341832608 -0.171185076
vn 0.726395607 0.654169381 0.210740358
vn 0.316349 0.877174556 0.361231387
vn 0.572529554 0.662938476 0.482413292
vn -0.116609529 0.988411129 0.0971881896
vn 0.0797315165 0.58141619 0.809690356
vn 0.316349 0.877174556 0.361231387
vn -0.126815945 0.889438927 0.439108253
vn 0.572529554 0.662938476 0.482413292
vn 0.572529554 0.662938476 0.482413292
vn -0.811590254 0.581495404 -0.0564292781
vn -0.116609529 0.988411129 0.0971881896
vn -0.435671985 0.522771001 -0.732734799
vn -0.602294087 0.481467456 -0.636734486
vn -0.369462252 0.226430327 -0.901236355
vn -0.251087725 0.43592608 -0.864247262
vn -0.243321911 0.26765579 -0.932284713
vn -0.40495339 -0.0938110277 -0.909512103
vn -0.369462252 0.226430327 -0.901236355
vn -0.589768827 -0.0826884061 -0.803327739
vn -0.319515228 0.114809833 -0.940600157
vn -0.589768827 -0.0826884061 -0.803327739
vn -0.475731075 -0.439807445 -0.761740923
vn -0.854534209 -0.336002618 -0.39607209
vn -0.779416203 -0.0993306637 -0.618582249
vn -0.602294087 0.481467456 -0.636734486
vn -0.312525928 0.431632191 -0.84618032
vn -0.251087725 0.43592608 -0.864247262
vn -0.14254348 0.427046388 -0.892923653
vn -0.811590254 0.581495404 -0.0564292781
vn -0.312525928 0.431632191 -0.84618032
vn -0.435671985 0.522771001 -0.732734799
vn -0.196080372 0.539234817 -0.819010556
vn 0.287963629 -0.573915422 0.766614735
vn 0.284547627 -0.570123553 0.770708501
vn 0.804524124 -0.407974333 0.431622267
vn 0.431125492 -0.470853359 0.769693136
vn -0.210771263 -0.710652649 0.671228886
vn 0.284547627 -0.570123553 0.770708501
vn -0.331380188 -0.83796525 0.433591396
vn 0.458070487 -0.71085006 0.533725679
vn -0.467455864 -0.879718184 0.0870681405
vn -0.331380188 -0.83796525 0.433591396
vn 0.0268874764 -0.999631703 -0.00370740076
vn 0.458070487 -0.71085006 0.533725679
vn 0.360683203 -0.89788264 -0.252416223
vn 0.0268874764 -0.999631703 -0.00370740076
vn 0.458070487 -0.71085006 0.533725679
vn 0.769526124 -0.636694789 0.0494880602
vn 0.360683203 -0.89788264 -0.252416223
vn 0.674181104 -0.722327232 -0.154022932
vn 0.769526124 -0.636694789 0.0494880602
vn 0.701687574 -0.703880191 -0.110395201
vn 0.0544168651 -0.854461908 -0.516656101
vn 0.674181104 -0.722327232 -0.154022932
vn 0.455813766 -0.497170955 -0.738278151
vn 0.804968596 -0.462287724 -0.371908426
vn 0.455813766 -0.497170955 -0.738278151
vn 0.413697839 -0.0880149379 -0.906149805
vn 0.804968596 -0.462287724 -0.371908426
vn 0.724996328 -0.187960029 -0.662609518
vn -0.0430358499 -0.289054483 -0.956344783
vn 0.413697839 -0.0880149379 -0.906149805
vn 0.127277568 0.0261930637 -0.991521358
vn 0.313126385 0.0377827063 -0.948959649
vn -0.20686619 -0.00685884571 -0.978345156
vn 0.127277568 0.0261930637 -0.991521358
vn 0.0159307383 0.0288289562 -0.999457121
vn 0.219230682 0.00283470144 -0.975668907
vn -0.20686619 -0.00685884571 -0.978345156
vn -0.100322165 0.162652284 -0.981570184
vn 0.0159307383 0.0288289562 -0.999457121
vn -0.29757452 0.0453127027 -0.95362258
vn 0.869467974 -0.16039148 -0.467225999
vn -0.100322165 0.162652284 -0.981570184
vn 0.929727256 0.0432550348 -0.365699977
vn 0.312816143 0.416632593 -0.853559196
vn 0.944185436 -0.159608439 -0.288165331
vn 0.645589232 0.119062625 -0.754346132
vn 0.840083599 -0.0993222743 -0.533286572
vn 0.854675829 0.0428996012 -0.517386436
vn 0.67089349 0.34899649 -0.6542961
vn 0.929727256 0.0432550348 -0.365699977
vn 0.854675829 0.0428996012 -0.517386436
vn 0.924037933 0.341832608 -0.171185076
vn -0.475731075 -0.439807445 -0.761740923
vn -0.270540476 -0.716602206 -0.642875254
vn -0.854534209 -0.336002618 -0.39607209
vn -0.782284617 -0.565547466 -0.261125505
vn 0.0814131126 -0.589571476 -0.803602457
vn -0.270540476 -0.716602206 -0.642875254
vn 0.209672064 -0.714682102 -0.667283416
vn -0.0316732079 -0.859517753 -0.510123014
vn 0.0850582346 -0.97856307 -0.187561452
vn 0.209672064 -0.714682102 -0.667283416
vn 0.333586961 -0.762914121 -0.553788364
vn 0.16992265 -0.874352336 -0.454570621
vn 0.0850582346 -0.97856307 -0.187561452
vn 0.459474593 -0.846436262 0.269126117
vn 0.333586961 -0.762914121 -0.553788364
vn 0.539213896 -0.662006676 -0.520572186
vn 0.459474593 -0.846436262 0.269126117
vn 0.804524124 -0.407974333 0.431622267
vn 0.539213896 -0.662006676 -0.520572186
vn 0.800715387 -0.553077459 -0.230130672
vn 0.726395607 0.654169381 0.210740358
vn 0.924037933 0.341832608 -0.171185076
vn -0.116609529 0.988411129 0.0971881896
vn -0.709058225 0.704002798 -0.0402043313
vn -0.116609529 0.988411129 0.0971881896
vn -0.435671985 0.522771001 -0.732734799
vn -0.719795048 0.682219923 0.128339455
vn 0.384724379 0.561741352 -0.732416093
vn -0.251087725 0.43592608 -0.864247262
vn -0.243321911 0.26765579 -0.932284713
vn -0.333917767 0.567068458 -0.752949119
vn -0.429291576 0.447124124 -0.78472203
vn -0.369462252 0.226430327 -0.901236355
vn -0.243321911 0.26765579 -0.932284713
vn -0.319515228 0.114809833 -0.940600157
vn -0.483950526 0.108453408 -0.868348598
vn -0.589768827 -0.0826884061 -0.803327739
vn -0.319515228 0.114809833 -0.940600157
vn -0.779416203 -0.0993306637 -0.618582249
vn -0.483950526 0.108453408 -0.868348598
vn -0.854534209 -0.336002618 -0.39607209
vn -0.779416203 -0.0993306637 -0.618582249
vn -0.912897766 0.0308152623 -0.407022983
vn -0.976124763 -0.190551668 -0.10426081
vn -0.312525928 0.431632191 -0.84618032
vn -0.14254348 0.427046388 -0.892923653
vn -0.196080372 0.539234817 -0.819010556
vn -0.328812867 0.541166425 -0.773964465
vn -0.251087725 0.43592608 -0.864247262
vn -0.14254348 0.427046388 -0.892923653
vn -0.333917767 0.567068458 -0.752949119
vn -0.328812867 0.541166425 -0.773964465
vn -0.435671985 0.522771001 -0.732734799
vn -0.196080372 0.539234817 -0.819010556
vn 0.384724379 0.561741352 -0.732416093
vn 0.260033906 0.512886107 -0.818126142
vn 0.804524124 -0.407974333 0.431622267
vn 0.431125492 -0.470853359 0.769693136
vn 0.937663019 -0.092630513 0.334973425
vn 0.415526032 -0.234358206 0.878870785
vn 0.284547627 -0.570123553 0.770708501
vn 0.431125492 -0.470853359 0.769693136
vn 0.574762225 -0.53114152 0.622524917
vn 0.584195971 -0.648439586 0.488099456
vn 0.284547627 -0.570123553 0.770708501
vn 0.458070487 -0.71085006 0.533725679
vn 0.769526124 -0.636694789 0.0494880602
vn 0.584195971 -0.648439586 0.488099456
vn 0.769526124 -0.636694789 0.0494880602
vn 0.701687574 -0.703880191 -0.110395201
vn 0.584195971 -0.648439586 0.488099456
vn 0.506263435 -0.825421453 0.249752373
vn 0.674181104 -0.722327232 -0.154022932
vn 0.701687574 -0.703880191 -0.110395201
vn 0.804968596 -0.462287724 -0.371908426
vn 0.674878955 -0.580384552 -0.455732584
vn 0.804968596 -0.462287724 -0.371908426
vn 0.724996328 -0.187960029 -0.662609518
vn 0.674878955 -0.580384552 -0.455732584
vn 0.556157053 -0.376544505 -0.740880311
vn 0.413697839 -0.0880149379 -0.906149805
vn 0.724996328 -0.187960029 -0.662609518
vn 0.313126385 0.0377827063 -0.948959649
vn 0.34649542 -0.070147492 -0.935425103
vn 0.127277568 0.0261930637 -0.991521358
vn 0.313126385 0.0377827063 -0.948959649
vn 0.219230682 0.00283470144 -0.975668907
vn 0.34649542 -0.070147492 -0.935425103
vn 0.0159307383 0.0288289562 -0.999457121
vn 0.219230682 0.00283470144 -0.975668907
vn 0.424698174 0.144285589 -0.893763304
vn 0.137957424 0.22278066 -0.965057671
vn 0.0159307383 0.0288289562 -0.999457121
vn -0.29757452 0.0453127027 -0.95362258
vn 0.137957424 0.22278066 -0.965057671
vn -0.122562319 0.350115627 -0.928653538
vn -0.100322165 0.162652284 -0.981570184
vn -0.29757452 0.0453127027 -0.95362258
vn 0.312816143 0.416632593 -0.853559196
vn -0.568729043 0.198902309 -0.798113346
vn 0.929727256 0.0432550348 -0.365699977
vn 0.924037933 0.341832608 -0.171185076
vn 0.312816143 0.416632593 -0.853559196
vn -0.709058225 0.704002798 -0.0402043313
vn -0.854534209 -0.336002618 -0.39607209
vn -0.782284617 -0.565547466 -0.261125505
vn -0.976124763 -0.190551668 -0.10426081
vn -0.88871485 -0.388965368 0.242676303
vn -0.270540476 -0.716602206 -0.642875254
vn -0.782284617 -0.565547466 -0.261125505
vn -0.0316732079 -0.859517753 -0.510123014
vn -0.609208405 -0.792768717 -0.0195673462
vn 0.209672064 -0.714682102 -0.667283416
vn -0.0316732079 -0.859517753 -0.510123014
vn 0.16992265 -0.874352336 -0.454570621
vn -0.0639530122 -0.994690478 -0.0806270093
vn 0.333586961 -0.762914121 -0.553788364
vn 0.16992265 -0.874352336 -0.454570621
vn 0.0767131373 -0.984848738 0.15552482
vn 0.467445999 -0.881666899 -0.0644789487
vn 0.333586961 -0.762914121 -0.553788364
vn 0.539213896 -0.662006676 -0.520572186
vn 0.467445999 -0.881666899 -0.0644789487
vn 0.756676435 -0.645652294 -0.102827847
vn 0.804524124 -0.407974333 0.431622267
vn 0.800715387 -0.553077459 -0.230130672
vn 0.937663019 -0.092630513 0.334973425
vn 0.968966544 -0.143715739 -0.201120153
vn 0.539213896 -0.662006676 -0.520572186
vn 0.800715387 -0.553077459 -0.230130672
vn 0.756676435 -0.645652294 -0.102827847
vn 0.897769451 -0.402379155 0.179167882
vn -0.116609529 0.988411129 0.0971881896
vn -0.709058225 0.704002798 -0.0402043313
vn -0.863986135 0.462175459 0.199804768
vn -0.873675525 0.293264449 -0.38818413
vn -0.116609529 0.988411129 0.0971881896
vn -0.719795048 0.682219923 0.128339455
vn -0.805879593 0.591048598 0.0349224247
vn -0.791951776 0.275773287 0.544757724
vn -0.719795048 0.682219923 0.128339455
vn 0.384724379 0.561741352 -0.732416093
vn 0.344759852 0.93233794 -0.109025784
vn 0.599649012 0.520221889 -0.608103752
vn -0.333917767 0.567068458 -0.752949119
vn -0.429291576 0.447124124 -0.78472203
vn -0.570673585 0.68108815 -0.458748817
vn -0.775250077 0.413451821 -0.477540404
vn -0.243321911 0.26765579 -0.932284713
vn -0.429291576 0.447124124 -0.78472203
vn -0.483950526 0.108453408 -0.868348598
vn -0.752775431 0.190325335 -0.630162954
vn -0.779416203 -0.0993306637 -0.618582249
vn -0.483950526 0.108453408 -0.868348598
vn -0.912897766 0.0308152623 -0.407022983
vn -0.752775431 0.190325335 -0.630162954
vn -0.912897766 0.0308152623 -0.407022983
vn -0.976124763 -0.190551668 -0.10426081
vn -0.775250077 0.413451821 -0.477540404
vn -0.962122321 0.239066944 -0.131023899
vn -0.196080372 0.539234817 -0.819010556
vn -0.328812867 0.541166425 -0.773964465
vn -0.532553136 0.608434737 -0.588382304
vn -0.620024085 0.641741931 -0.451372713
vn -0.333917767 0.567068458 -0.752949119
vn -0.328812867 0.541166425 -0.773964465
vn -0.570673585 0.68108815 -0.458748817
vn -0.620024085 0.641741931 -0.451372713
vn -0.196080372 0.539234817 -0.819010556
vn 0.260033906 0.512886107 -0.818126142
vn -0.532553136 0.608434737 -0.588382304
vn 0.0481478423 0.68976301 -0.722432196
vn 0.384724379 0.561741352 -0.732416093
vn 0.260033906 0.512886107 -0.818126142
vn 0.599649012 0.520221889 -0.608103752
vn 0.558455825 0.661064923 -0.501118481
vn 0.937663019 -0.092630513 0.334973425
vn 0.415526032 -0.234358206 0.878870785
vn 0.593769848 0.467639953 0.654790282
vn 0.536324918 0.0181193836 0.843817055
vn 0.431125492 -0.470853359 0.769693136
vn 0.415526032 -0.234358206 0.878870785
vn 0.574762225 -0.53114152 0.622524917
vn 0.749918997 -0.247789741 0.613369226
vn 0.574762225 -0.53114152 0.622524917
vn 0.584195971 -0.648439586 0.488099456
vn 0.506263435 -0.825421453 0.249752373
vn 0.67066437 -0.511299729 0.537384272
vn 0.701687574 -0.703880191 -0.110395201
vn 0.506263435 -0.825421453 0.249752373
vn 0.674878955 -0.580384552 -0.455732584
vn 0.637726426 -0.741899967 -0.207098216
vn 0.674878955 -0.580384552 -0.455732584
vn 0.556157053 -0.376544505 -0.740880311
vn 0.637726426 -0.741899967 -0.207098216
vn 0.744042397 -0.255017817 -0.617549062
vn 0.724996328 -0.187960029 -0.662609518
vn 0.556157053 -0.376544505 -0.740880311
vn 0.34649542 -0.070147492 -0.935425103
vn 0.631663322 -0.108419061 -0.767623842
vn 0.219230682 0.00283470144 -0.975668907
vn 0.34649542 -0.070147492 -0.935425103
vn 0.424698174 0.144285589 -0.893763304
vn 0.631663322 -0.108419061 -0.767623842
vn 0.424698174 0.144285589 -0.893763304
vn 0.137957424 0.22278066 -0.965057671
vn 0.298672289 0.661129177 -0.688260674
vn 0.60513097 0.442025661 -0.662139952
vn 0.137957424 0.22278066 -0.965057671
vn -0.122562319 0.350115627 -0.928653538
vn 0.298672289 0.661129177 -0.688260674
vn -0.121937841 0.778660893 -0.61548233
vn -0.29757452 0.0453127027 -0.95362258
vn -0.122562319 0.350115627 -0.928653538
vn -0.568729043 0.198902309 -0.798113346
vn -0.504662156 0.34001261 -0.793541074
vn 0.312816143 0.416632593 -0.853559196
vn -0.709058225 0.704002798 -0.0402043313
vn -0.568729043 0.198902309 -0.798113346
vn -0.873675525 0.293264449 -0.38818413
vn -0.976124763 -0.190551668 -0.10426081
vn -0.88871485 -0.388965368 0.242676303
vn -0.864817619 -0.117632277 0.488111913
vn -0.77842772 -0.253850341 0.574116945
vn -0.782284617 -0.565547466 -0.261125505
vn -0.88871485 -0.388965368 0.242676303
vn -0.609208405 -0.792768717 -0.0195673462
vn -0.7514503 -0.511337698 0.416960686
vn -0.0316732079 -0.859517753 -0.510123014
vn -0.609208405 -0.792768717 -0.0195673462
vn -0.0639530122 -0.994690478 -0.0806270093
vn -0.329967707 -0.906215429 0.264375925
vn 0.16992265 -0.874352336 -0.454570621
vn -0.0639530122 -0.994690478 -0.0806270093
vn 0.0767131373 -0.984848738 0.15552482
vn -0.279485643 -0.861184716 0.424556643
vn 0.0767131373 -0.984848738 0.15552482
vn 0.467445999 -0.881666899 -0.0644789487
vn 0.425896406 -0.645169199 0.634325624
vn 0.0190491434 -0.63454318 0.772652626
vn 0.467445999 -0.881666899 -0.0644789487
vn 0.756676435 -0.645652294 -0.102827847
vn 0.425896406 -0.645169199 0.634325624
vn 0.767397106 -0.524699271 0.368500024
vn 0.800715387 -0.553077459 -0.230130672
vn 0.968966544 -0.143715739 -0.201120153
vn 0.897769451 -0.402379155 0.179167882
vn 0.933006823 -0.0746417567 0.352032423
vn 0.937663019 -0.092630513 0.334973425
vn 0.968966544 -0.143715739 -0.201120153
vn 0.593769848 0.467639953 0.654790282
vn 0.93994987 0.338477492 -0.0439005308
vn 0.756676435 -0.645652294 -0.102827847
vn 0.897769451 -0.402379155 0.179167882
vn 0.767397106 -0.524699271 0.368500024
vn 0.79739821 -0.256772429 0.54609853
vn -0.116609529 0.988411129 0.0971881896
vn -0.863986135 0.462175459 0.199804768
vn -0.805879593 0.591048598 0.0349224247
vn -0.499092966 0.862659097 0.0820095092
vn -0.863986135 0.462175459 0.199804768
vn -0.873675525 0.293264449 -0.38818413
vn -0.529055357 0.688190401 -0.496481478
vn -0.563542068 0.825504005 -0.0310366247
vn -0.805879593 0.591048598 0.0349224247
vn -0.791951776 0.275773287 0.544757724
vn -0.224330664 0.92675668 0.30132696
vn -0.253199577 0.726760209 0.638521373
vn -0.719795048 0.682219923 0.128339455
vn -0.791951776 0.275773287 0.544757724
vn 0.344759852 0.93233794 -0.109025784
vn -0.253199577 0.726760209 0.638521373
vn 0.344759852 0.93233794 -0.109025784
vn 0.599649012 0.520221889 -0.608103752
vn 0.731892943 0.476931304 -0.486691982
vn 0.652957916 0.655917227 -0.378706664
vn -0.570673585 0.68108815 -0.458748817
vn -0.775250077 0.413451821 -0.477540404
vn -0.962122321 0.239066944 -0.131023899
vn -0.741336405 0.67082417 0.0203653499
vn -0.429291576 0.447124124 -0.78472203
vn -0.912897766 0.0308152623 -0.407022983
vn -0.775250077 0.413451821 -0.477540404
vn -0.752775431 0.190325335 -0.630162954
vn -0.976124763 -0.190551668 -0.10426081
vn -0.962122321 0.239066944 -0.131023899
vn -0.864817619 -0.117632277 0.488111913
vn -0.866389871 0.222901747 0.446859479
vn -0.532553136 0.608434737 -0.588382304
vn -0.620024085 0.641741931 -0.451372713
vn -0.580670953 0.790138602 0.196219578
vn -0.717098892 0.693063319 0.0737046078
vn -0.570673585 0.68108815 -0.458748817
vn -0.620024085 0.641741931 -0.451372713
vn -0.741336405 0.67082417 0.0203653499
vn -0.717098892 0.693063319 0.0737046078
vn 0.260033906 0.512886107 -0.818126142
vn 0.0481478423 0.68976301 -0.722432196
vn 0.558455825 0.661064923 -0.501118481
vn 0.233379677 0.972040892 -0.0258933138
vn -0.532553136 0.608434737 -0.588382304
vn 0.0481478423 0.68976301 -0.722432196
vn -0.580670953 0.790138602 0.196219578
vn 0.233379677 0.972040892 -0.0258933138
vn 0.599649012 0.520221889 -0.608103752
vn 0.558455825 0.661064923 -0.501118481
vn 0.652957916 0.655917227 -0.378706664
vn 0.643095136 0.734748721 -0.215807438
vn 0.593769848 0.467639953 0.654790282
vn 0.536324918 0.0181193836 0.843817055
vn 0.146029547 0.646726191 0.748612583
vn 0.637498736 0.412790656 0.65053767
vn 0.415526032 -0.234358206 0.878870785
vn 0.536324918 0.0181193836 0.843817055
vn 0.749918997 -0.247789741 0.613369226
vn 0.903448224 0.0453634113 0.426290303
vn 0.574762225 -0.53114152 0.622524917
vn 0.749918997 -0.247789741 0.613369226
vn 0.67066437 -0.511299729 0.537384272
vn 0.900180399 -0.097279489 0.424513519
vn 0.506263435 -0.825421453 0.249752373
vn 0.67066437 -0.511299729 0.537384272
vn 0.637726426 -0.741899967 -0.207098216
vn 0.896079004 -0.430086851 0.109852858
vn 0.637726426 -0.741899967 -0.207098216
vn 0.744042397 -0.255017817 -0.617549062
vn 0.896079004 -0.430086851 0.109852858
vn 0.995506108 -0.0822356865 0.0469562598
vn 0.556157053 -0.376544505 -0.740880311
vn 0.744042397 -0.255017817 -0.617549062
vn 0.631663322 -0.108419061 -0.767623842
vn 0.843256712 0.161951452 -0.51253283
vn 0.424698174 0.144285589 -0.893763304
vn 0.631663322 -0.108419061 -0.767623842
vn 0.60513097 0.442025661 -0.662139952
vn 0.779688418 0.283753335 -0.558184206
vn 0.298672289 0.661129177 -0.688260674
vn 0.60513097 0.442025661 -0.662139952
vn 0.541511953 0.759494603 -0.360461533
vn 0.0219233483 0.966217279 -0.256795228
vn 0.298672289 0.661129177 -0.688260674
vn -0.121937841 0.778660893 -0.61548233
vn 0.0219233483 0.966217279 -0.256795228
vn -0.228670061 0.956085324 -0.183332503
vn -0.122562319 0.350115627 -0.928653538
vn -0.121937841 0.778660893 -0.61548233
vn -0.504662156 0.34001261 -0.793541074
vn -0.529055357 0.688190401 -0.496481478
vn -0.568729043 0.198902309 -0.798113346
vn -0.873675525 0.293264449 -0.38818413
vn -0.504662156 0.34001261 -0.793541074
vn -0.529055357 0.688190401 -0.496481478
vn -0.864817619 -0.117632277 0.488111913
vn -0.77842772 -0.253850341 0.574116945
vn -0.746009588 0.174185261 0.642751217
vn -0.757120132 -0.0808162466 0.648257494
vn -0.88871485 -0.388965368 0.242676303
vn -0.77842772 -0.253850341 0.574116945
vn -0.7514503 -0.511337698 0.416960686
vn -0.679736733 -0.318042308 0.660913825
vn -0.609208405 -0.792768717 -0.0195673462
vn -0.7514503 -0.511337698 0.416960686
vn -0.329967707 -0.906215429 0.264375925
vn -0.540344 -0.631955922 0.555572033
vn -0.0639530122 -0.994690478 -0.0806270093
vn -0.329967707 -0.906215429 0.264375925
vn -0.279485643 -0.861184716 0.424556643
vn -0.540344 -0.631955922 0.555572033
vn 0.0767131373 -0.984848738 0.15552482
vn -0.279485643 -0.861184716 0.424556643
vn 0.0190491434 -0.63454318 0.772652626
vn -0.386087984 -0.520367563 0.761678278
vn 0.425896406 -0.645169199 0.634325624
vn 0.0190491434 -0.63454318 0.772652626
vn 0.0892280638 -0.242710605 0.96598655
vn 0.464276105 -0.310250789 0.829573452
vn 0.425896406 -0.645169199 0.634325624
vn 0.767397106 -0.524699271 0.368500024
vn 0.79739821 -0.256772429 0.54609853
vn 0.464276105 -0.310250789 0.829573452
vn 0.897769451 -0.402379155 0.179167882
vn 0.933006823 -0.0746417567 0.352032423
vn 0.79739821 -0.256772429 0.54609853
vn 0.835719109 0.0123238387 0.549018383
vn 0.968966544 -0.143715739 -0.201120153
vn 0.933006823 -0.0746417567 0.352032423
vn 0.93994987 0.338477492 -0.0439005308
vn 0.908034146 0.278995246 0.3124668
vn 0.593769848 0.467639953 0.654790282
vn 0.93994987 0.338477492 -0.0439005308
vn 0.358317167 0.848790646 0.388796926
vn 0.844425797 0.472705662 -0.251980692
vn -0.863986135 0.462175459 0.199804768
vn -0.499092966 0.862659097 0.0820095092
vn -0.563542068 0.825504005 -0.0310366247
vn -0.228670061 0.956085324 -0.183332503
vn -0.805879593 0.591048598 0.0349224247
vn -0.499092966 0.862659097 0.0820095092
vn -0.224330664 0.92675668 0.30132696
vn -0.143703803 0.988127828 0.0543365777
vn -0.121937841 0.778660893 -0.61548233
vn -0.529055357 0.688190401 -0.496481478
vn -0.563542068 0.825504005 -0.0310366247
vn -0.228670061 0.956085324 -0.183332503
vn -0.224330664 0.92675668 0.30132696
vn -0.253199577 0.726760209 0.638521373
vn 0.133092523 0.848613858 0.511996925
vn -0.0683576241 0.710180283 0.700693369
vn 0.344759852 0.93233794 -0.109025784
vn -0.253199577 0.726760209 0.638521373
vn 0.358317167 0.848790646 0.388796926
vn -0.0683576241 0.710180283 0.700693369
vn 0.344759852 0.93233794 -0.109025784
vn 0.731892943 0.476931304 -0.486691982
vn 0.358317167 0.848790646 0.388796926
vn 0.844425797 0.472705662 -0.251980692
vn 0.731892943 0.476931304 -0.486691982
vn 0.652957916 0.655917227 -0.378706664
vn 0.932135761 0.335704446 -0.135740429
vn 0.837428749 0.545189798 -0.0384796448
vn -0.962122321 0.239066944 -0.131023899
vn -0.741336405 0.67082417 0.0203653499
vn -0.866389871 0.222901747 0.446859479
vn -0.673399985 0.48281467 0.559841335
vn -0.864817619 -0.117632277 0.488111913
vn -0.866389871 0.222901747 0.446859479
vn -0.746009588 0.174185261 0.642751217
vn -0.673399985 0.48281467 0.559841335
vn -0.580670953 0.790138602 0.196219578
vn -0.717098892 0.693063319 0.0737046078
vn -0.677266955 0.623865664 0.390001267
vn -0.634383738 0.631603956 0.445682824
vn -0.741336405 0.67082417 0.0203653499
vn -0.717098892 0.693063319 0.0737046078
vn -0.673399985 0.48281467 0.559841335
vn -0.634383738 0.631603956 0.445682824
vn 0.558455825 0.661064923 -0.501118481
vn 0.233379677 0.972040892 -0.0258933138
vn 0.643095136 0.734748721 -0.215807438
vn 0.454350263 0.865585029 0.210543334
vn -0.580670953 0.790138602 0.196219578
vn 0.233379677 0.972040892 -0.0258933138
vn 0.454350263 0.865585029 0.210543334
vn -0.143506631 0.943945587 0.297275007
vn 0.652957916 0.655917227 -0.378706664
vn 0.643095136 0.734748721 -0.215807438
vn 0.837428749 0.545189798 -0.0384796448
vn 0.696973741 0.638578475 0.326258719
vn 0.593769848 0.467639953 0.654790282
vn 0.146029547 0.646726191 0.748612583
vn 0.358317167 0.848790646 0.388796926
vn -0.0683576241 0.710180283 0.700693369
vn 0.146029547 0.646726191 0.748612583
vn 0.637498736 0.412790656 0.65053767
vn 0.482010305 0.805590212 0.344514579
vn 0.879411459 0.410929322 0.240358755
vn 0.536324918 0.0181193836 0.843817055
vn 0.637498736 0.412790656 0.65053767
vn 0.903448224 0.0453634113 0.426290303
vn 0.879411459 0.410929322 0.240358755
vn 0.749918997 -0.247789741 0.613369226
vn 0.903448224 0.0453634113 0.426290303
vn 0.900180399 -0.097279489 0.424513519
vn 0.955249846 0.148006812 0.256108671
vn 0.67066437 -0.511299729 0.537384272
vn 0.900180399 -0.097279489 0.424513519
vn 0.896079004 -0.430086851 0.109852858
vn 0.995506108 -0.0822356865 0.0469562598
vn 0.744042397 -0.255017817 -0.617549062
vn 0.995506108 -0.0822356865 0.0469562598
vn 0.843256712 0.161951452 -0.51253283
vn 0.965316713 0.249269068 -0.0776419044
vn 0.631663322 -0.108419061 -0.767623842
vn 0.843256712 0.161951452 -0.51253283
vn 0.779688418 0.283753335 -0.558184206
vn 0.909909189 0.327821553 -0.254161417
vn 0.60513097 0.442025661 -0.662139952
vn 0.779688418 0.283753335 -0.558184206
vn 0.541511953 0.759494603 -0.360461533
vn 0.875867009 0.437899113 -0.20273371
vn 0.541511953 0.759494603 -0.360461533
vn 0.0219233483 0.966217279 -0.256795228
vn -0.143703803 0.988127828 0.0543365777
vn 0.321612328 0.90602833 0.27509585
vn -0.499092966 0.862659097 0.0820095092
vn 0.0219233483 0.966217279 -0.256795228
vn -0.228670061 0.956085324 -0.183332503
vn -0.143703803 0.988127828 0.0543365777
vn -0.746009588 0.174185261 0.642751217
vn -0.757120132 -0.0808162466 0.648257494
vn -0.781259656 0.375530511 0.498608202
vn -0.753614068 0.0571876541 0.654824793
vn -0.77842772 -0.253850341 0.574116945
vn -0.757120132 -0.0808162466 0.648257494
vn -0.679736733 -0.318042308 0.660913825
vn -0.55705899 -0.191432133 0.808108032
vn -0.7514503 -0.511337698 0.416960686
vn -0.679736733 -0.318042308 0.660913825
vn -0.540344 -0.631955922 0.555572033
vn -0.524856091 -0.350934297 0.775480926
vn -0.279485643 -0.861184716 0.424556643
vn -0.540344 -0.631955922 0.555572033
vn -0.386087984 -0.520367563 0.761678278
vn -0.524856091 -0.350934297 0.775480926
vn 0.0190491434 -0.63454318 0.772652626
vn -0.386087984 -0.520367563 0.761678278
vn 0.0892280638 -0.242710605 0.96598655
vn -0.325167567 -0.201409519 0.923958719
vn 0.0892280638 -0.242710605 0.96598655
vn 0.464276105 -0.310250789 0.829573452
vn 0.45934701 0.118720375 0.88028729
vn 0.00994881801 0.0529375263 0.99854821
vn 0.79739821 -0.256772429 0.54609853
vn 0.464276105 -0.310250789 0.829573452
vn 0.835719109 0.0123238387 0.549018383
vn 0.45934701 0.118720375 0.88028729
vn 0.933006823 -0.0746417567 0.352032423
vn 0.835719109 0.0123238387 0.549018383
vn 0.908034146 0.278995246 0.3124668
vn 0.71686554 0.2714203 0.642211139
vn 0.93994987 0.338477492 -0.0439005308
vn 0.908034146 0.278995246 0.3124668
vn 0.844425797 0.472705662 -0.251980692
vn 0.942139864 0.334894389 0.0147644188
vn -0.224330664 0.92675668 0.30132696
vn -0.143703803 0.988127828 0.0543365777
vn 0.133092523 0.848613858 0.511996925
vn 0.321612328 0.90602833 0.27509585
vn 0.146029547 0.646726191 0.748612583
vn 0.133092523 0.848613858 0.511996925
vn -0.0683576241 0.710180283 0.700693369
vn 0.482010305 0.805590212 0.344514579
vn 0.731892943 0.476931304 -0.486691982
vn 0.844425797 0.472705662 -0.251980692
vn 0.932135761 0.335704446 -0.135740429
vn 0.942139864 0.334894389 0.0147644188
vn 0.932135761 0.335704446 -0.135740429
vn 0.837428749 0.545189798 -0.0384796448
vn 0.942139864 0.334894389 0.0147644188
vn 0.84304291 0.370074093 0.390286416
vn -0.746009588 0.174185261 0.642751217
vn -0.673399985 0.48281467 0.559841335
vn -0.634383738 0.631603956 0.445682824
vn -0.781259656 0.375530511 0.498608202
vn -0.580670953 0.790138602 0.196219578
vn -0.677266955 0.623865664 0.390001267
vn -0.143506631 0.943945587 0.297275007
vn -0.539951205 0.67685914 0.500314236
vn -0.677266955 0.623865664 0.390001267
vn -0.634383738 0.631603956 0.445682824
vn -0.781259656 0.375530511 0.498608202
vn -0.636444211 0.607564092 0.475189239
vn 0.643095136 0.734748721 -0.215807438
vn 0.454350263 0.865585029 0.210543334
vn 0.696973741 0.638578475 0.326258719
vn 0.501833439 0.765364587 0.402964145
vn 0.454350263 0.865585029 0.210543334
vn -0.143506631 0.943945587 0.297275007
vn 0.501833439 0.765364587 0.402964145
vn 0.235294044 0.925670862 0.296260387
vn 0.837428749 0.545189798 -0.0384796448
vn 0.696973741 0.638578475 0.326258719
vn 0.84304291 0.370074093 0.390286416
vn 0.684148431 0.30487442 0.662564933
vn 0.482010305 0.805590212 0.344514579
vn 0.879411459 0.410929322 0.240358755
vn 0.774662375 0.616690457 0.139966145
vn 0.937590957 0.34773773 -0.00108817068
vn 0.903448224 0.0453634113 0.426290303
vn 0.879411459 0.410929322 0.240358755
vn 0.955249846 0.148006812 0.256108671
vn 0.937590957 0.34773773 -0.00108817068
vn 0.900180399 -0.097279489 0.424513519
vn 0.995506108 -0.0822356865 0.0469562598
vn 0.955249846 0.148006812 0.256108671
vn 0.965316713 0.249269068 -0.0776419044
vn 0.843256712 0.161951452 -0.51253283
vn 0.965316713 0.249269068 -0.0776419044
vn 0.909909189 0.327821553 -0.254161417
vn 0.914962292 0.360781342 -0.180777282
vn 0.779688418 0.283753335 -0.558184206
vn 0.909909189 0.327821553 -0.254161417
vn 0.875867009 0.437899113 -0.20273371
vn 0.914962292 0.360781342 -0.180777282
vn 0.541511953 0.759494603 -0.360461533
vn 0.875867009 0.437899113 -0.20273371
vn 0.321612328 0.90602833 0.27509585
vn 0.774662375 0.616690457 0.139966145
vn -0.781259656 0.375530511 0.498608202
vn -0.753614068 0.0571876541 0.654824793
vn -0.636444211 0.607564092 0.475189239
vn -0.622506022 0.290461063 0.72671771
vn -0.757120132 -0.0808162466 0.648257494
vn -0.753614068 0.0571876541 0.654824793
vn -0.55705899 -0.191432133 0.808108032
vn -0.545033455 -0.181624383 0.818505526
vn -0.679736733 -0.318042308 0.660913825
vn -0.55705899 -0.191432133 0.808108032
vn -0.524856091 -0.350934297 0.775480926
vn -0.499410391 -0.199681133 0.843040228
vn -0.386087984 -0.520367563 0.761678278
vn -0.524856091 -0.350934297 0.775480926
vn -0.325167567 -0.201409519 0.923958719
vn -0.499410391 -0.199681133 0.843040228
vn 0.0892280638 -0.242710605 0.96598655
vn -0.325167567 -0.201409519 0.923958719
vn 0.00994881801 0.0529375263 0.99854821
vn -0.148209974 -0.033598531 0.988384843
vn 0.45934701 0.118720375 0.88028729
vn 0.00994881801 0.0529375263 0.99854821
vn 0.377035767 0.20147337 0.904019952
vn 0.489867866 0.347301692 0.799631834
vn 0.835719109 0.0123238387 0.549018383
vn 0.45934701 0.118720375 0.88028729
vn 0.71686554 0.2714203 0.642211139
vn 0.489867866 0.347301692 0.799631834
vn 0.908034146 0.278995246 0.3124668
vn 0.71686554 0.2714203 0.642211139
vn 0.942139864 0.334894389 0.0147644188
vn 0.84304291 0.370074093 0.390286416
vn 0.133092523 0.848613858 0.511996925
vn 0.482010305 0.805590212 0.344514579
vn 0.321612328 0.90602833 0.27509585
vn 0.774662375 0.616690457 0.139966145
vn -0.143506631 0.943945587 0.297275007
vn -0.539951205 0.67685914 0.500314236
vn 0.235294044 0.925670862 0.296260387
vn 0.082530126 0.606540442 0.790757656
vn -0.677266955 0.623865664 0.390001267
vn -0.539951205 0.67685914 0.500314236
vn -0.636444211 0.607564092 0.475189239
vn -0.307075471 0.537560999 0.785323501
vn 0.696973741 0.638578475 0.326258719
vn 0.501833439 0.765364587 0.402964145
vn 0.684148431 0.30487442 0.662564933
vn 0.598208845 0.382968813 0.703903854
vn 0.501833439 0.765364587 0.402964145
vn 0.235294044 0.925670862 0.296260387
vn 0.082530126 0.606540442 0.790757656
vn 0.598208845 0.382968813 0.703903854
vn 0.71686554 0.2714203 0.642211139
vn 0.84304291 0.370074093 0.390286416
vn 0.684148431 0.30487442 0.662564933
vn 0.489867866 0.347301692 0.799631834
vn 0.875867009 0.437899113 -0.20273371
vn 0.774662375 0.616690457 0.139966145
vn 0.937590957 0.34773773 -0.00108817068
vn 0.914962292 0.360781342 -0.180777282
vn 0.955249846 0.148006812 0.256108671
vn 0.965316713 0.249269068 -0.0776419044
vn 0.937590957 0.34773773 -0.00108817068
vn 0.914962292 0.360781342 -0.180777282
vn -0.636444211 0.607564092 0.475189239
vn -0.622506022 0.290461063 0.72671771
vn -0.307075471 0.537560999 0.785323501
vn -0.0607153587 0.282874137 0.957233429
vn -0.753614068 0.0571876541 0.654824793
vn -0.622506022 0.290461063 0.72671771
vn -0.545033455 -0.181624383 0.818505526
vn -0.456285536 -0.0587469935 0.887891769
vn -0.55705899 -0.191432133 0.808108032
vn -0.545033455 -0.181624383 0.818505526
vn -0.499410391 -0.199681133 0.843040228
vn -0.344636083 -0.186270833 0.920070171
vn -0.325167567 -0.201409519 0.923958719
vn -0.499410391 -0.199681133 0.843040228
vn -0.148209974 -0.033598531 0.988384843
vn -0.344636083 -0.186270833 0.920070171
vn 0.00994881801 0.0529375263 0.99854821
vn -0.148209974 -0.033598531 0.988384843
vn 0.377035767 0.20147337 0.904019952
vn 0.161385715 0.0771013126 0.983874857
vn 0.377035767 0.20147337 0.904019952
vn 0.489867866 0.347301692 0.799631834
vn 0.459035188 0.15957661 0.873969078
vn 0.313513011 0.219691232 0.923821032
vn -0.539951205 0.67685914 0.500314236
vn 0.082530126 0.606540442 0.790757656
vn -0.307075471 0.537560999 0.785323501
vn 0.186785057 0.25582695 0.948506236
vn 0.684148431 0.30487442 0.662564933
vn 0.489867866 0.347301692 0.799631834
vn 0.598208845 0.382968813 0.703903854
vn 0.459035188 0.15957661 0.873969078
vn 0.082530126 0.606540442 0.790757656
vn 0.598208845 0.382968813 0.703903854
vn 0.459035188 0.15957661 0.873969078
vn 0.186785057 0.25582695 0.948506236
vn -0.307075471 0.537560999 0.785323501
vn -0.0607153587 0.282874137 0.957233429
vn 0.186785057 0.25582695 0.948506236
vn 0.244146675 0.134775013 0.960327089
vn -0.622506022 0.290461063 0.72671771
vn -0.0607153587 0.282874137 0.957233429
vn -0.456285536 -0.0587469935 0.887891769
vn -0.083824724 -0.0717983246 0.993890524
vn -0.545033455 -0.181624383 0.818505526
vn -0.456285536 -0.0587469935 0.887891769
vn -0.344636083 -0.186270833 0.920070171
vn -0.083824724 -0.0717983246 0.993890524
vn -0.148209974 -0.033598531 0.988384843
vn -0.344636083 -0.186270833 0.920070171
vn 0.161385715 0.0771013126 0.983874857
vn -0.083824724 -0.0717983246 0.993890524
vn 0.377035767 0.20147337 0.904019952
vn 0.161385715 0.0771013126 0.983874857
vn 0.313513011 0.219691232 0.923821032
vn 0.244146675 0.134775013 0.960327089
vn 0.459035188 0.15957661 0.873969078
vn 0.313513011 0.219691232 0.923821032
vn 0.186785057 0.25582695 0.948506236
vn 0.244146675 0.134775013 0.960327089
vn -0.0607153587 0.282874137 0.957233429
vn 0.161385715 0.0771013126 0.983874857
vn 0.244146675 0.134775013 0.960327089
vn -0.083824724 -0.0717983246 0.993890524
g 
f 1//1 2//2 3//3 4//4
f 7//7 6//6 5//5 8//8
f 10//10 9//9 11//11 12//12
f 13//13 15//15 16//16 14//14
f 19//19 20//20 17//17 18//18
f 23//23 21//21 22//22 24//24
f 25//25 27//27 28//28 26//26
f 31//31 32//32 29//29 30//30
f 33//33 35//35 36//36 34//34
f 40//40 39//39 37//37 38//38
f 42//42 41//41 43//43 44//44
f 48//48 46//46 45//45 47//47
f 49//49 51//51 52//52 50//50
f 56//56 55//55 53//53 54//54
f 58//58 57//57 59//59 60//60
f 62//62 64//64 63//63 61//61
f 67//67 66//66 65//65 68//68
f 70//70 69//69 71//71 72//72
f 74//74 76//76 75//75 73//73
f 79//79 77//77 78//78 80//80
f 81//81 83//83 84//84 82//82
f 87//87 88//88 86//86 85//85
f 90//90 92//92 91//91 89//89
f 95//95 93//93 94//94 96//96
f 97//97 99//99 100//100 98//98
f 104//104 103//103 101//101 102//102
f 105//105 106//106 108//108 107//107
f 112//112 111//111 109//109 110//110
f 113//113 115//115 116//116 114//114
f 120//120 119//119 117//117 118//118
f 121//121 122//122 124//124 123//123
f 128//128 127//127 125//125 126//126
f 130//130 129//129 131//131 132//132
f 136//136 134//134 133//133 135//135
f 137//137 138//138 140//140 139//139
f 144//144 143//143 141//141 142//142
f 146//146 145//145 147//147 148//148
f 150//150 151//151 152//152 149//149
f 155//155 153//153 154//154 156//156
f 159//159 160//160 158//158 157//157
f 162//162 164//164 163//163 161//161
f 167//167 165//165 166//166 168//168
f 170//170 169//169 171//171 172//172
f 174//174 176//176 175//175 173//173
f 179//179 177//177 178//178 180//180
f 182//182 184//184 183//183 181//181
f 185//185 187//187 188//188 186//186
f 191//191 192//192 190//190 189//189
f 194//194 196//196 195//195 193//193
f 199//199 197//197 198//198 200//200
f 201//201 203//203 204//204 202//202
f 208//208 207//207 205//205 206//206
f 210//210 209//209 211//211 212//212
f 213//213 215//215 216//216 214//214
f 220//220 219//219 217//217 218//218
f 224//224 222//222 221//221 223//223
f 225//225 226//226 228//228 227//227
f 232//232 231//231 229//229 230//230
f 234//234 233//233 235//235 236//236
f 237//237 239//239 240//240 238//238
f 244//244 243//243 241//241 242//242
f 245//245 246//246 248//248 247//247
f 252//252 251//251 249//249 250//250
f 254//254 253//253 255//255 256//256
f 259//259 258//258 257//257 260//260
f 261//261 262//262 264//264 263//263
f 267//267 268//268 265//265 266//266
f 270//270 272//272 271//271 269//269
f 275//275 273//273 274//274 276//276
f 277//277 279//279 280//280 278//278
f 282//282 281//281 283//283 284//284
f 287//287 285//285 286//286 288//288
f 291//291 292//292 290//290 289//289
f 294//294 295//295 296//296 293//293
f 299//299 297//297 298//298 300//300
f 303//303 304//304 302//302 301//301
f 305//305 307//307 308//308 306//306
f 312//312 311//311 309//309 310//310
f 314//314 313//313 315//315 316//316
f 318//318 320//320 319//319 317//317
f 323//323 321//321 322//322 324//324
f 326//326 325//325 328//328 327//327
f 332//332 331//331 329//329 330//330
f 334//334 333//333 335//335 336//336
f 338//338 340//340 339//339 337//337
f 343//343 342//342 341//341 344//344
f 345//345 346//346 348//348 347//347
f 352//352 351//351 349//349 350//350
f 354//354 353//353 355//355 356//356
f 357//357 359//359 360//360 358//358
f 364//364 363//363 361//361 362//362
f 368//368 366//366 365//365 367//367
f 370//370 369//369 371//371 372//372
f 373//373 375//375 376//376 374//374
f 379//379 380//380 377//377 378//378
f 384//384 382//382 381//381 383//383
f 386//386 385//385 387//387 388//388
f 390//390 392//392 391//391 389//389
f 395//395 393//393 394//394 396//396
f 398//398 397//397 399//399 400//400
f 401//401 403//403 404//404 402//402
f 408//408 407//407 405//405 406//406
f 409//409 410//410 412//412 411//411
f 415//415 413//413 414//414 416//416
f 419//419 420//420 417//417 418//418
f 423//423 421//421 422//422 424//424
f 425//425 427//427 428//428 426//426
f 432//432 431//431 429//429 430//430
f 433//433 434//434 436//436 435//435
f 439//439 440//440 437//437 438//438
f 442//442 444//444 443//443 441//441
f 447//447 445//445 446//446 448//448
f 449//449 452//452 451//451 450//450
f 456//456 453//453 455//455 454//454
f 457//457 459//459 460//460 458//458
f 462//462 461//461 463//463 464//464
f 466//466 468//468 467//467 465//465
f 471//471 470//470 469//469 472//472
f 475//475 473//473 474//474 476//476
f 479//479 480//480 478//478 477//477
f 481//481 483//483 484//484 482//482
f 488//488 487//487 485//485 486//486
f 489//489 490//490 492//492 491//491
f 495//495 496//496 493//493 494//494
f 497//497 499//499 500//500 498//498
f 504//504 503//503 501//501 502//502
f 506//506 505//505 507//507 508//508
f 510//510 512//512 511//511 509//509
f 515//515 513//513 514//514 516//516
f 518//518 517//517 519//519 520//520
f 522//522 524//524 523//523 521//521
f 525//525 528//528 526//526 527//527
f 529//529 531//531 530//530 532//532
f 534//534 533//533 535//535 536//536
f 538//538 540//540 539//539 537//537
f 543//543 541//541 542//542 544//544
f 546//546 545//545 547//547 548//548
f 552//552 550//550 549//549 551//551
f 556//556 555//555 553//553 554//554
f 558//558 557//557 559//559 560//560
f 561//561 563//563 564//564 562//562
f 568//568 567//567 565//565 566//566
f 569//569 570//570 572//572 571//571
f 575//575 576//576 573//573 574//574
f 577//577 579//579 580//580 578//578
f 584//584 583//583 581//581 582//582
f 588//588 586//586 585//585 587//587
f 590//590 589//589 591//591 592//592
f 594//594 595//595 596//596 593//593
f 600//600 599//599 598//598 597//597
f 602//602 601//601 603//603 604//604
f 606//606 608//608 607//607 605//605
f 609//609 611//611 612//612 610//610
f 616//616 615//615 613//613 614//614
f 617//617 618//618 620//620 619//619
f 623//623 624//624 621//621 622//622
f 625//625 627//627 628//628 626//626
f 632//632 631//631 629//629 630//630
f 633//633 635//635 636//636 634//634
f 637//637 639//639 640//640 638//638
f 644//644 643//643 641//641 642//642
f 645//645 646//646 648//648 647//647
f 651//651 652//652 649//649 650//650
f 653//653 655//655 656//656 654//654
f 659//659 657//657 658//658 660//660
f 663//663 664//664 662//662 661//661
f 667//667 665//665 666//666 668//668
f 670//670 669//669 671//671 672//672
f 673//673 675//675 676//676 674//674
f 678//678 677//677 679//679 680//680
f 682//682 684//684 683//683 681//681
f 686//686 688//688 687//687 685//685
f 692//692 690//690 689//689 691//691
f 694//694 693//693 695//695 696//696
f 699//699 697//697 698//698 700//700
f 703//703 701//701 702//702 704//704
f 707//707 708//708 706//706 705//705
f 709//709 711//711 712//712 710//710
f 716//716 715//715 713//713 714//714
f 718//718 717//717 720//720 719//719
f 724//724 723//723 721//721 722//722
f 726//726 725//725 727//727 728//728
f 730//730 732//732 731//731 729//729
f 734//734 736//736 735//735 733//733
f 739//739 738//738 737//737 740//740
f 742//742 741//741 743//743 744//744
f 746//746 748//748 747//747 745//745
f 750//750 749//749 751//751 752//752
f 754//754 753//753 755//755 756//756
f 758//758 760//760 759//759 757//757
f 763//763 761//761 762//762 764//764
f 766//766 768//768 767//767 765//765
f 771//771 770//770 769//769 772//772
f 774//774 773//773 775//775 776//776
f 777//777 779//779 780//780 778//778
f 784//784 783//783 781//781 782//782
f 788//788 786//786 785//785 787//787
f 791//791 789//789 790//790 792//792
f 795//795 796//796 793//793 794//794
f 797//797 799//799 800//800 798//798
f 804//804 803//803 801//801 802//802
f 806//806 805//805 807//807 808//808
f 809//809 812//812 811//811 810//810
f 814//814 816//816 813//813 815//815
f 819//819 817//817 818//818 820//820
f 821//821 823//823 824//824 822//822
f 828//828 827//827 825//825 826//826
f 829//829 831//831 832//832 830//830
f 836//836 835//835 833//833 834//834
f 840//840 838//838 837//837 839//839
f 842//842 841//841 843//843 844//844
f 846//846 848//848 847//847 845//845
f 851//851 849//849 850//850 852//852
f 854//854 856//856 855//855 853//853
f 857//857 859//859 860//860 858//858
f 864//864 863//863 861//861 862//862
f 865//865 866//866 868//868 867//867
f 871//871 872//872 869//869 870//870
f 873//873 875//875 876//876 874//874
f 880//880 879//879 877//877 878//878
f 881//881 883//883 884//884 882//882
f 885//885 887//887 888//888 886//886
f 892//892 891//891 889//889 890//890
f 893//893 894//894 896//896 895//895
f 900//900 899//899 897//897 898//898
f 901//901 902//902 904//904 903//903
f 907//907 908//908 905//905 906//906
f 909//909 912//912 911//911 910//910
f 914//914 913//913 915//915 916//916
f 918//918 920//920 919//919 917//917
f 923//923 921//921 922//922 924//924
f 925//925 927//927 928//928 926//926
f 932//932 931//931 929//929 930//930
f 936//936 935//935 934//934 933//933
f 938//938 937//937 939//939 940//940
f 943//943 941//941 942//942 944//944
f 946//946 945//945 947//947 948//948
f 949//949 951//951 952//952 950//950
f 953//953 954//954 956//956 955//955
f 960//960 959//959 957//957 958//958
f 962//962 961//961 963//963 964//964
f 967//967 965//965 966//966 968//968
f 970//970 969//969 971//971 972//972
f 976//976 973//973 974//974 975//975
f 979//979 980//980 978//978 977//977
f 982//982 981//981 983//983 984//984
f 985//985 987//987 988//988 986//986
f 992//992 991//991 989//989 990//990
f 993//993 994//994 996//996 995//995
f 1000//1000 999//999 997//997 998//998
f 1002//1002 1004//1004 1003//1003 1001//1001
f 1007//1007 1005//1005 1006//1006 1008//1008
f 1010//1010 1012//1012 1011//1011 1009//1009
f 1015//1015 1014//1014 1013//1013 1016//1016
f 1019//1019 1018//1018 1020//1020 1017//1017
f 1022//1022 1021//1021 1023//1023 1024//1024
f 1026//1026 1028//1028 1027//1027 1025//1025
f 1031//1031 1029//1029 1030//1030 1032//1032
f 1035//1035 1033//1033 1034//1034 1036//1036
f 1038//1038 1040//1040 1039//1039 1037//1037
f 1043//1043 1042//1042 1041//1041 1044//1044
f 1045//1045 1046//1046 1048//1048 1047//1047
f 1052//1052 1051//1051 1049//1049 1050//1050
f 1053//1053 1054//1054 1056//1056 1055//1055
f 1059//1059 1057//1057 1058//1058 1060//1060
f 1062//1062 1064//1064 1061//1061 1063//1063
f 1068//1068 1067//1067 1065//1065 1066//1066
f 1070//1070 1069//1069 1071//1071 1072//1072
f 1076//1076 1073//1073 1074//1074 1075//1075
f 1078//1078 1077//1077 1079//1079 1080//1080
f 1081//1081 1084//1084 1083//1083 1082//1082
f 1085//1085 1087//1087 1088//1088 1086//1086
f 1091//1091 1092//1092 1090//1090 1089//1089
f 1096//1096 1094//1094 1093//1093 1095//1095
f 1098//1098 1097//1097 1099//1099 1100//1100
f 1103//1103 1101//1101 1102//1102 1104//1104
f 1107//1107 1108//1108 1106//1106 1105//1105
f 1109//1109 1110//1110 1112//1112 1111//1111
f 1116//1116 1115//1115 1113//1113 1114//1114
f 1117//1117 1118//1118 1120//1120 1119//1119
f 1121//1121 1123//1123 1124//1124 1122//1122
f 1128//1128 1127//1127 1125//1125 1126//1126
f 1129//1129 1130//1130 1132//1132 1131//1131
f 1136//1136 1135//1135 1133//1133 1134//1134
f 1137//1137 1138//1138 1140//1140 1139//1139
f 1143//1143 1144//1144 1141//1141 1142//1142
f 1146//1146 1148//1148 1147//1147 1145//1145
f 1151//1151 1149//1149 1150//1150 1152//1152
f 1156//1156 1154//1154 1153//1153 1155//1155
f 1157//1157 1159//1159 1160//1160 1158//1158
f 1164//1164 1163//1163 1161//1161 1162//1162
f 1166//1166 1165//1165 1167//1167 1168//1168
f 1171//1171 1170//1170 1169//1169 1172//1172
f 1173//1173 1176//1176 1175//1175 1174//1174
f 1178//1178 1177//1177 1180//1180 1179//1179
f 1184//1184 1182//1182 1181//1181 1183//1183
f 1186//1186 1185//1185 1187//1187 1188//1188
f 1190//1190 1192//1192 1191//1191 1189//1189
f 1195//1195 1193//1193 1194//1194 1196//1196
f 1199//1199 1197//1197 1198//1198 1200//1200
f 1202//1202 1204//1204 1203//1203 1201//1201
f 1207//1207 1206//1206 1205//1205 1208//1208
f 1210//1210 1212//1212 1211//1211 1209//1209
f 1213//1213 1214//1214 1216//1216 1215//1215
f 1219//1219 1220//1220 1217//1217 1218//1218
f 1221//1221 1223//1223 1224//1224 1222//1222
f 1228//1228 1227//1227 1225//1225 1226//1226
f 1229//1229 1230//1230 1232//1232 1231//1231
f 1236//1236 1235//1235 1233//1233 1234//1234
f 1237//1237 1238//1238 1240//1240 1239//1239
f 1244//1244 1243//1243 1241//1241 1242//1242
f 1247//1247 1246//1246 1248//1248 1245//1245
